Taxpayer_ID,Business_Name,Tax_Year,Tax_Type,Industry,City,Reported_Revenue,Reported_Deductions,Taxable_Income,Tax_Paid,Expected_Tax,Estimated_Tax_Gap,Number_of_Employees,Filing_Status,Previously_Audited,Prior_Audit_Result,Industry_Avg_Revenue,Revenue_Ratio,Compliance_Flag
MA-010001,Pioneer Real Estate Enterprise,2022,Income,Hospitality,Boston,418186.9,115130.28,303056.62,17596.11,20115.99,2519.88,4,On Time,No,N/A,350000,1.1948,Compliant
MA-010002,Summit Restaurant Partners,2024,Meals,Manufacturing,Chelsea,1812112.67,489514.96,1322597.71,92581.84,106510.57,13928.73,30,On Time,No,N/A,1500000,1.2081,Compliant
MA-010003,Colonial Auto Repair Partners,2022,Meals,Professional Services,Boston,443837.7,169931.46,273906.24,19173.44,24991.69,5818.25,4,On Time,No,N/A,500000,0.8877,Compliant
MA-010004,Colonial Auto Repair Holdings,2024,Income,Professional Services,Boston,804582.55,138875.76,665706.79,77615.05,66237.92,0.0,13,On Time,No,N/A,500000,1.6092,Compliant
MA-010005,Harbor Healthcare Inc,2024,Sales/Use,Healthcare,Chelsea,1009064.41,342492.14,666572.27,41660.77,43698.01,2037.24,15,On Time,No,N/A,1200000,0.8409,Compliant
MA-010006,Metro Restaurant Corp,2022,Corporate,Retail,Boston,514655.63,228100.81,286554.82,16138.98,20891.72,4752.73,4,On Time,No,N/A,600000,0.8578,Compliant
MA-010007,Metro Restaurant Co,2022,Sales/Use,Healthcare,Somerville,1256356.27,416484.3,839871.97,52492.0,60764.63,8272.63,6,Amended,No,N/A,1200000,1.047,Compliant
MA-010008,Valley Healthcare Ventures,2022,Meals,Construction,Brockton,288390.48,128995.85,159394.62,11157.62,14737.34,3579.72,1,On Time,No,N/A,800000,0.3605,Compliant
MA-010009,Pilgrim Real Estate Ventures,2024,Corporate,Retail,Lynn,295766.88,50213.4,245553.49,13902.11,16072.92,2170.81,6,On Time,No,N/A,600000,0.4929,Underpaid
MA-010010,Northern Real Estate Co,2023,Rooms Occupancy,Professional Services,Lowell,277666.48,67492.26,210174.22,12085.02,13909.97,1824.95,1,On Time,No,N/A,500000,0.5553,Underpaid
MA-010011,Federal Retail LLC,2025,Income,Restaurant,New Bedford,503078.72,200571.3,302507.43,30769.31,48573.18,17803.87,7,Late,No,N/A,450000,1.118,Underpaid
MA-010012,Valley Real Estate Associates,2024,Corporate,Professional Services,Springfield,535082.63,158320.93,376761.7,24812.78,27742.09,2929.31,1,On Time,Yes,Underpaid,500000,1.0702,Compliant
MA-010013,Central Hospitality Enterprise,2022,Meals,Restaurant,Fall River,217069.71,57092.8,159976.91,11198.38,21079.71,9881.32,5,On Time,No,N/A,450000,0.4824,Underpaid
MA-010014,Liberty Healthcare Co,2025,Income,Manufacturing,Fall River,574356.0,162691.86,411664.14,28793.83,45283.96,16490.13,13,On Time,No,N/A,1500000,0.3829,Underpaid
MA-010015,Commonwealth Professional Services Solutions,2025,Meals,Healthcare,Worcester,523379.34,150997.03,372382.31,26066.76,53318.79,27252.03,10,On Time,No,N/A,1200000,0.4361,Suspicious
MA-010016,Patriot Hospitality Ventures,2023,Meals,Construction,Somerville,611509.76,263125.35,348384.41,24386.91,30689.68,6302.77,17,On Time,No,N/A,800000,0.7644,Compliant
MA-010017,Federal Professional Services Ventures,2025,Income,Restaurant,Boston,467973.63,101368.42,366605.21,29907.27,28508.42,0.0,1,On Time,Yes,Compliant,450000,1.0399,Compliant
MA-010018,Patriot Real Estate Corp,2024,Special Fuels,Construction,Boston,525216.59,181193.53,344023.06,82565.54,173777.11,91211.57,6,On Time,Yes,Underpaid,800000,0.6565,Suspicious
MA-010019,Beacon Construction Enterprise,2025,Income,Manufacturing,New Bedford,410255.08,88080.3,322174.78,19480.74,64219.0,44738.26,10,On Time,No,N/A,1500000,0.2735,Suspicious
MA-010020,Valley Auto Repair Ventures,2022,Income,Construction,Fall River,406475.57,68630.21,337845.36,36679.24,32697.67,0.0,6,On Time,No,N/A,800000,0.5081,Compliant
MA-010021,Colonial Retail Services,2024,Sales/Use,Professional Services,Chelsea,637396.46,131427.44,505969.02,31623.06,28337.47,0.0,8,On Time,No,N/A,500000,1.2748,Compliant
MA-010022,Harbor Auto Repair Ventures,2022,Corporate,Retail,Somerville,570344.86,149425.06,420919.8,43065.21,45952.53,2887.31,5,Amended,Yes,Compliant,600000,0.9506,Compliant
MA-010023,Pilgrim Restaurant Ventures,2024,Sales/Use,Professional Services,Boston,241197.95,48849.03,192348.92,12021.81,10146.45,0.0,1,On Time,No,N/A,500000,0.4824,Compliant
MA-010024,Patriot Restaurant Co,2022,Meals,Professional Services,Lowell,408469.82,66638.54,341831.28,23928.19,23651.82,0.0,10,Late,Yes,Underpaid,500000,0.8169,Compliant
MA-010025,Metro Hospitality Corp,2024,Corporate,Construction,Somerville,890169.03,342049.65,548119.38,60625.23,78272.62,17647.39,2,Late,Yes,Compliant,800000,1.1127,Compliant
MA-010026,Pioneer Professional Services Services,2025,Rooms Occupancy,Hospitality,New Bedford,388793.76,166128.91,222664.86,12803.23,16684.68,3881.45,2,Not Filed,No,N/A,350000,1.1108,Compliant
MA-010027,Southern Real Estate Associates,2023,Sales/Use,Professional Services,Boston,371646.76,88709.1,282937.66,17683.6,17981.62,298.02,7,On Time,No,N/A,500000,0.7433,Compliant
MA-010028,Coastal Real Estate Inc,2024,Corporate,Restaurant,Springfield,633674.77,275250.14,358424.63,19803.99,24137.67,4333.67,12,Not Filed,No,N/A,450000,1.4082,Compliant
MA-010029,Northern Construction Co,2023,Special Fuels,Manufacturing,Lowell,1040009.46,229632.65,810376.81,194490.43,186942.45,0.0,11,On Time,No,N/A,1500000,0.6933,Compliant
MA-010030,Northern Restaurant Corp,2025,Income,Auto Repair,Boston,240576.03,74299.01,166277.02,12946.72,18677.65,5730.92,9,On Time,No,N/A,300000,0.8019,Underpaid
MA-010031,Beacon Hospitality Solutions,2025,Corporate,Restaurant,New Bedford,287832.17,61702.91,226129.27,20991.9,24964.51,3972.62,3,On Time,No,N/A,450000,0.6396,Underpaid
MA-010032,Bay State Retail Associates,2023,Income,Retail,Boston,385623.27,155659.29,229963.98,16642.76,21393.4,4750.64,1,On Time,Yes,Compliant,600000,0.6427,Compliant
MA-010033,Cape Real Estate Inc,2023,Sales/Use,Hospitality,Brockton,434121.88,83205.13,350916.75,21932.3,19352.42,0.0,12,On Time,Yes,Compliant,350000,1.2403,Compliant
MA-010034,Atlantic Real Estate Inc,2022,Sales/Use,Retail,Fall River,0.0,0.0,0.0,0.0,27261.81,27261.81,12,Not Filed,No,N/A,600000,0.0,Non-Filer
MA-010035,Metro Restaurant Co,2022,Special Fuels,Manufacturing,Boston,1618347.82,645261.36,973086.46,233540.75,298408.12,64867.37,17,On Time,No,N/A,1500000,1.0789,Compliant
MA-010036,Valley Construction Corp,2022,Corporate,Manufacturing,Boston,1623884.66,698954.63,924930.03,60844.6,73026.05,12181.45,28,On Time,No,N/A,1500000,1.0826,Compliant
MA-010037,Coastal Manufacturing Group,2024,Income,Retail,Boston,568731.81,194674.75,374057.06,34198.76,39776.43,5577.66,15,On Time,No,N/A,600000,0.9479,Compliant
MA-010038,Atlantic Construction Group,2022,Corporate,Healthcare,Quincy,73207.69,16793.61,56414.08,3653.18,7245.1,3591.91,6,On Time,No,N/A,1200000,0.061,Suspicious
MA-010039,Southern Restaurant Partners,2024,Corporate,Restaurant,Quincy,311094.59,88992.73,222101.86,21811.06,37214.84,15403.78,4,On Time,No,N/A,450000,0.6913,Underpaid
MA-010040,Atlantic Manufacturing Inc,2024,Income,Construction,Worcester,819146.75,309800.89,509345.86,43828.5,59014.28,15185.78,1,Not Filed,No,N/A,800000,1.0239,Compliant
MA-010041,Metro Manufacturing Enterprise,2022,Income,Restaurant,Springfield,156577.13,68706.95,87870.19,9943.54,32436.66,22493.12,6,Not Filed,No,N/A,450000,0.3479,Suspicious
MA-010042,Harbor Healthcare Ventures,2025,Income,Professional Services,Boston,734617.83,196857.49,537760.34,44099.65,50371.22,6271.57,6,Amended,No,N/A,500000,1.4692,Compliant
MA-010043,Metro Auto Repair Partners,2025,Sales/Use,Restaurant,Worcester,223296.42,92609.23,130687.2,8167.95,14474.18,6306.23,1,On Time,No,N/A,450000,0.4962,Underpaid
MA-010044,Cape Real Estate Inc,2023,Sales/Use,Retail,Springfield,783413.67,297165.44,486248.23,30390.51,38863.1,8472.59,11,On Time,No,N/A,600000,1.3057,Compliant
MA-010045,Patriot Auto Repair Associates,2025,Special Fuels,Professional Services,Boston,422404.92,159031.04,263373.88,63209.73,78680.93,15471.2,7,Late,No,N/A,500000,0.8448,Compliant
MA-010046,Valley Construction Solutions,2024,Income,Construction,Boston,861718.73,165393.38,696325.35,80213.76,75100.14,0.0,15,On Time,No,N/A,800000,1.0771,Compliant
MA-010047,Pioneer Real Estate Partners,2025,Sales/Use,Healthcare,Brockton,874749.06,218137.82,656611.24,41038.2,47572.04,6533.84,9,On Time,No,N/A,1200000,0.729,Compliant
MA-010048,Harbor Hospitality Solutions,2022,Rooms Occupancy,Retail,Quincy,0.0,0.0,0.0,0.0,20836.61,20836.61,1,Not Filed,No,N/A,600000,0.0,Non-Filer
MA-010049,Metro Healthcare Corp,2025,Income,Professional Services,Chelsea,557316.97,200721.2,356595.77,22592.09,26704.15,4112.06,8,Late,No,N/A,500000,1.1146,Compliant
MA-010050,Valley Auto Repair Solutions,2025,Corporate,Construction,Boston,565566.39,180000.57,385565.82,46217.24,72474.69,26257.45,8,Late,No,N/A,800000,0.707,Underpaid
MA-010051,Patriot Manufacturing Inc,2024,Corporate,Real Estate,Springfield,257192.37,92073.32,165119.05,15307.42,26043.07,10735.65,2,Late,No,N/A,700000,0.3674,Underpaid
MA-010052,Metro Retail Services,2024,Special Fuels,Healthcare,Boston,1084702.69,265873.89,818828.8,196518.91,199038.6,2519.69,9,On Time,No,N/A,1200000,0.9039,Compliant
MA-010053,Atlantic Auto Repair Co,2025,Income,Manufacturing,Worcester,0.0,0.0,0.0,0.0,79109.33,79109.33,19,Not Filed,No,N/A,1500000,0.0,Non-Filer
MA-010054,Harbor Auto Repair LLC,2025,Income,Retail,Springfield,1019553.89,365868.33,653685.56,38965.61,42341.49,3375.88,13,On Time,No,N/A,600000,1.6993,Compliant
MA-010055,Pilgrim Real Estate Group,2023,Corporate,Retail,Lowell,649712.16,230230.44,419481.72,25010.63,25524.76,514.13,7,On Time,No,N/A,600000,1.0829,Compliant
MA-010056,Atlantic Healthcare Enterprise,2025,Rooms Occupancy,Restaurant,Lowell,103177.37,24311.13,78866.24,4534.81,7816.41,3281.6,1,On Time,No,N/A,450000,0.2293,Underpaid
MA-010057,Summit Auto Repair Inc,2022,Sales/Use,Professional Services,Boston,424088.7,68236.7,355852.0,22240.75,21798.86,0.0,18,On Time,No,N/A,500000,0.8482,Underpaid
MA-010058,Metro Professional Services LLC,2024,Rooms Occupancy,Restaurant,New Bedford,404607.49,180009.13,224598.36,12914.41,19205.32,6290.92,6,On Time,No,N/A,450000,0.8991,Compliant
MA-010059,Colonial Professional Services Inc,2025,Rooms Occupancy,Healthcare,Cambridge,1146083.22,329698.74,816384.48,46942.11,54462.21,7520.1,8,On Time,No,N/A,1200000,0.9551,Compliant
MA-010060,Summit Auto Repair Inc,2023,Sales/Use,Professional Services,Fall River,699038.49,194550.08,504488.4,31530.53,34597.99,3067.46,12,On Time,No,N/A,500000,1.3981,Compliant
MA-010061,Pioneer Healthcare Holdings,2023,Corporate,Restaurant,Somerville,583084.79,254347.67,328737.11,23385.11,28535.75,5150.64,2,On Time,Yes,Compliant,450000,1.2957,Compliant
MA-010062,Beacon Hospitality Holdings,2024,Income,Professional Services,Boston,782235.75,282439.6,499796.15,35869.6,44636.85,8767.25,2,On Time,No,N/A,500000,1.5645,Compliant
MA-010063,Atlantic Healthcare Enterprise,2023,Income,Retail,Chelsea,524916.22,144222.67,380693.56,33670.98,47956.88,14285.9,19,On Time,No,N/A,600000,0.8749,Underpaid
MA-010064,Liberty Auto Repair Solutions,2022,Income,Professional Services,Boston,184474.68,58893.65,125581.02,6821.95,12940.4,6118.45,1,On Time,No,N/A,500000,0.3689,Underpaid
MA-010065,Northern Restaurant Holdings,2025,Corporate,Healthcare,Boston,863746.85,362485.88,501260.97,40694.26,84438.07,43743.8,12,On Time,Yes,Underpaid,1200000,0.7198,Underpaid
MA-010066,Coastal Professional Services Solutions,2024,Sales/Use,Healthcare,Chelsea,550922.71,118652.44,432270.27,27016.89,30269.18,3252.29,7,On Time,No,N/A,1200000,0.4591,Compliant
MA-010067,Metro Retail Group,2022,Income,Professional Services,Cambridge,317090.79,120414.69,196676.1,23302.84,26372.0,3069.16,6,On Time,No,N/A,500000,0.6342,Compliant
MA-010068,Atlantic Healthcare Co,2025,Meals,Real Estate,Springfield,0.0,0.0,0.0,0.0,27098.22,27098.22,13,Not Filed,No,N/A,700000,0.0,Non-Filer
MA-010069,Pilgrim Retail Services,2023,Corporate,Restaurant,Somerville,258313.22,114574.11,143739.12,11845.58,19351.06,7505.48,2,Not Filed,No,N/A,450000,0.574,Underpaid
MA-010070,Colonial Hospitality Co,2023,Corporate,Retail,Boston,365828.4,58410.06,307418.34,29577.9,53350.3,23772.4,3,On Time,No,N/A,600000,0.6097,Suspicious
MA-010071,Valley Auto Repair Associates,2022,Income,Hospitality,Boston,213021.96,79278.75,133743.21,10453.18,23683.45,13230.27,11,On Time,No,N/A,350000,0.6086,Underpaid
MA-010072,Coastal Auto Repair Group,2024,Corporate,Hospitality,Boston,101436.23,33410.59,68025.64,6603.74,11985.28,5381.54,2,Late,No,N/A,350000,0.2898,Underpaid
MA-010073,Eastern Real Estate Associates,2024,Income,Restaurant,Lowell,251294.99,106416.72,144878.27,13592.41,35075.02,21482.61,10,On Time,No,N/A,450000,0.5584,Suspicious
MA-010074,Coastal Construction Services,2024,Sales/Use,Real Estate,Lynn,385934.85,145236.87,240697.98,15043.62,18446.33,3402.71,1,On Time,No,N/A,700000,0.5513,Compliant
MA-010075,Beacon Hospitality Solutions,2022,Meals,Retail,New Bedford,706500.9,188300.66,518200.24,36274.02,39396.48,3122.46,10,On Time,No,N/A,600000,1.1775,Compliant
MA-010076,Pilgrim Real Estate Group,2023,Corporate,Restaurant,Springfield,356356.38,146849.52,209506.86,13234.85,21488.47,8253.62,7,On Time,No,N/A,450000,0.7919,Underpaid
MA-010077,Northern Professional Services LLC,2024,Meals,Healthcare,Cambridge,968558.11,424832.12,543725.98,38060.82,53691.26,15630.44,12,Not Filed,No,N/A,1200000,0.8071,Compliant
MA-010078,Coastal Construction Solutions,2023,Sales/Use,Construction,Boston,912385.22,241050.83,671334.39,41958.4,41247.85,0.0,7,Amended,No,N/A,800000,1.1405,Compliant
MA-010079,Harbor Retail Group,2022,Corporate,Retail,Cambridge,802170.76,209536.21,592634.55,46803.38,56680.2,9876.82,14,On Time,No,N/A,600000,1.337,Underpaid
MA-010080,Liberty Manufacturing Partners,2025,Rooms Occupancy,Restaurant,Worcester,268044.47,107220.15,160824.32,9247.4,11702.18,2454.79,6,On Time,No,N/A,450000,0.5957,Compliant
MA-010081,Metro Retail LLC,2025,Meals,Professional Services,Worcester,194987.44,71383.74,123603.7,8652.26,17092.35,8440.09,7,On Time,No,N/A,500000,0.39,Underpaid
MA-010082,Liberty Restaurant Solutions,2022,Income,Healthcare,Lowell,1296320.16,354825.73,941494.43,102602.3,145695.86,43093.55,16,Not Filed,No,N/A,1200000,1.0803,Underpaid
MA-010083,Commonwealth Healthcare Group,2025,Corporate,Restaurant,Cambridge,597576.66,91761.06,505815.6,44035.92,41149.72,0.0,9,On Time,No,N/A,450000,1.3279,Compliant
MA-010084,Bay State Professional Services Partners,2023,Sales/Use,Restaurant,Brockton,558458.53,187605.35,370853.18,23178.32,28648.12,5469.8,16,Amended,No,N/A,450000,1.241,Compliant
MA-010085,Beacon Real Estate Ventures,2025,Special Fuels,Manufacturing,Boston,881465.32,351192.2,530273.12,127265.55,275640.77,148375.22,13,On Time,No,N/A,1500000,0.5876,Underpaid
MA-010086,Bay State Real Estate Services,2025,Corporate,Professional Services,Boston,346781.85,60619.49,286162.36,31241.23,26754.52,0.0,1,On Time,No,N/A,500000,0.6936,Compliant
MA-010087,Southern Professional Services LLC,2022,Rooms Occupancy,Real Estate,Somerville,351435.15,102847.53,248587.62,14293.79,32905.91,18612.12,10,On Time,Yes,Compliant,700000,0.5021,Suspicious
MA-010088,Bay State Professional Services Enterprise,2024,Income,Hospitality,Chelsea,392869.36,142931.15,249938.21,19465.37,24908.27,5442.91,8,Not Filed,No,N/A,350000,1.1225,Compliant
MA-010089,Central Restaurant Holdings,2024,Corporate,Retail,Brockton,632036.08,232114.66,399921.42,34015.52,33578.62,0.0,14,Late,Yes,Compliant,600000,1.0534,Compliant
MA-010090,Federal Real Estate Holdings,2025,Meals,Hospitality,Worcester,327264.85,93324.5,233940.35,16375.82,17918.91,1543.08,17,On Time,No,N/A,350000,0.935,Compliant
MA-010091,Metro Professional Services Associates,2025,Sales/Use,Retail,Boston,706747.69,121597.36,585150.34,36571.9,36093.77,0.0,4,Late,No,N/A,600000,1.1779,Compliant
MA-010092,Bay State Professional Services Partners,2024,Corporate,Manufacturing,Boston,369829.93,139945.11,229884.83,13139.34,45898.15,32758.81,14,On Time,No,N/A,1500000,0.2466,Suspicious
MA-010093,Cape Real Estate Ventures,2022,Income,Healthcare,Cambridge,1142205.07,467293.75,674911.33,34328.58,43341.38,9012.8,17,On Time,No,N/A,1200000,0.9518,Compliant
MA-010094,Northern Hospitality Holdings,2023,Special Fuels,Professional Services,Chelsea,351607.38,81107.27,270500.1,64920.02,111838.07,46918.04,6,On Time,Yes,Underpaid,500000,0.7032,Underpaid
MA-010095,Patriot Hospitality Ventures,2024,Meals,Retail,Worcester,300906.59,100803.9,200102.69,14007.19,22862.72,8855.53,1,Not Filed,Yes,Underpaid,600000,0.5015,Underpaid
MA-010096,Atlantic Retail Co,2024,Corporate,Construction,Brockton,538066.56,237969.41,300097.15,17864.4,31158.71,13294.31,12,On Time,No,N/A,800000,0.6726,Underpaid
MA-010097,Commonwealth Professional Services Partners,2024,Special Fuels,Retail,Worcester,672887.44,258787.33,414100.1,99384.02,121079.71,21695.68,1,Late,No,N/A,600000,1.1215,Compliant
MA-010098,Patriot Retail Co,2023,Rooms Occupancy,Manufacturing,Worcester,1629050.46,257511.88,1371538.59,78863.47,64276.03,0.0,21,Not Filed,No,N/A,1500000,1.086,Compliant
MA-010099,Pilgrim Healthcare Holdings,2022,Meals,Retail,Fall River,414883.83,93682.64,321201.19,22484.08,24268.77,1784.68,6,On Time,No,N/A,600000,0.6915,Compliant
MA-010100,Valley Auto Repair Inc,2025,Sales/Use,Retail,Springfield,279833.84,87614.17,192219.67,12013.73,26447.99,14434.26,1,On Time,No,N/A,600000,0.4664,Suspicious
MA-010101,Coastal Construction Group,2022,Sales/Use,Hospitality,Cambridge,257962.53,88764.89,169197.63,10574.85,20657.07,10082.22,7,Late,No,N/A,350000,0.737,Underpaid
MA-010102,Bay State Professional Services Partners,2025,Meals,Professional Services,Springfield,695691.17,212630.58,483060.59,33814.24,35701.45,1887.21,13,On Time,No,N/A,500000,1.3914,Compliant
MA-010103,Pilgrim Auto Repair Corp,2023,Meals,Construction,Springfield,378788.57,161426.15,217362.42,15215.37,22543.8,7328.43,1,Not Filed,No,N/A,800000,0.4735,Compliant
MA-010104,Commonwealth Healthcare Services,2023,Corporate,Professional Services,Worcester,589041.4,211482.93,377558.47,27306.41,33862.42,6556.01,9,On Time,No,N/A,500000,1.1781,Compliant
MA-010105,Coastal Retail Co,2023,Sales/Use,Restaurant,Brockton,509337.57,161946.27,347391.3,21711.96,21693.58,0.0,25,On Time,No,N/A,450000,1.1319,Compliant
MA-010106,Atlantic Auto Repair Co,2025,Sales/Use,Construction,Boston,941869.27,308613.78,633255.49,39578.47,46877.77,7299.31,17,On Time,No,N/A,800000,1.1773,Compliant
MA-010107,Harbor Restaurant Group,2022,Meals,Retail,Fall River,242054.46,59980.0,182074.46,12745.21,41986.99,29241.77,13,On Time,No,N/A,600000,0.4034,Suspicious
MA-010108,Federal Hospitality Corp,2025,Sales/Use,Hospitality,Cambridge,307547.14,88376.18,219170.95,13698.18,15910.69,2212.51,7,On Time,No,N/A,350000,0.8787,Compliant
MA-010109,Pioneer Real Estate Enterprise,2023,Sales/Use,Manufacturing,Lynn,1078291.63,386061.79,692229.84,43264.36,52048.73,8784.36,12,On Time,No,N/A,1500000,0.7189,Compliant
MA-010110,Harbor Professional Services Group,2023,Income,Restaurant,Springfield,365392.97,147105.59,218287.38,20379.03,23836.52,3457.5,5,On Time,No,N/A,450000,0.812,Compliant
MA-010111,Pilgrim Healthcare Holdings,2025,Corporate,Construction,Boston,1545190.92,458318.85,1086872.07,60633.27,70348.13,9714.86,9,On Time,No,N/A,800000,1.9315,Compliant
MA-010112,Eastern Real Estate Group,2023,Corporate,Retail,Worcester,574891.35,181043.55,393847.8,22813.54,35323.94,12510.4,1,On Time,No,N/A,600000,0.9582,Underpaid
MA-010113,Federal Retail Inc,2022,Meals,Manufacturing,Worcester,1325943.39,239631.03,1086312.36,76041.87,60520.7,0.0,21,Late,No,N/A,1500000,0.884,Compliant
MA-010114,Summit Restaurant Inc,2024,Corporate,Retail,Somerville,0.0,0.0,0.0,0.0,28070.01,28070.01,2,Not Filed,No,N/A,600000,0.0,Non-Filer
MA-010115,Coastal Auto Repair Holdings,2023,Sales/Use,Retail,New Bedford,443548.32,74430.67,369117.65,23069.85,22271.13,0.0,9,On Time,No,N/A,600000,0.7392,Compliant
MA-010116,Pioneer Retail Holdings,2024,Sales/Use,Healthcare,Worcester,495366.99,175255.79,320111.21,20006.95,47149.08,27142.13,12,On Time,No,N/A,1200000,0.4128,Suspicious
MA-010117,Colonial Auto Repair LLC,2023,Special Fuels,Manufacturing,Lynn,1554976.83,619727.53,935249.3,224459.83,254989.39,30529.55,15,Amended,No,N/A,1500000,1.0367,Compliant
MA-010118,Atlantic Healthcare Co,2025,Income,Construction,Chelsea,1498042.24,266544.31,1231497.93,106023.28,98696.92,0.0,21,On Time,No,N/A,800000,1.8726,Compliant
MA-010119,Federal Real Estate Holdings,2022,Corporate,Retail,Somerville,204177.07,69512.52,134664.54,13306.23,13099.91,0.0,3,Late,No,N/A,600000,0.3403,Compliant
MA-010120,Harbor Healthcare Corp,2025,Meals,Construction,Somerville,604309.62,114322.25,489987.37,34299.12,28609.29,0.0,11,On Time,No,N/A,800000,0.7554,Compliant
MA-010121,Bay State Professional Services Enterprise,2025,Income,Hospitality,Fall River,97469.18,14640.14,82829.04,9696.15,24155.65,14459.5,2,On Time,No,N/A,350000,0.2785,Suspicious
MA-010122,Pilgrim Manufacturing Enterprise,2024,Income,Restaurant,Lowell,519010.3,218576.04,300434.26,18502.77,24955.61,6452.84,10,On Time,No,N/A,450000,1.1534,Compliant
MA-010123,Cape Restaurant Services,2022,Sales/Use,Professional Services,Boston,286606.64,87653.85,198952.8,12434.55,13504.98,1070.43,1,On Time,Yes,Compliant,500000,0.5732,Compliant
MA-010124,Liberty Construction Corp,2025,Sales/Use,Restaurant,Quincy,390346.57,70637.29,319709.27,19981.83,18381.32,0.0,1,On Time,No,N/A,450000,0.8674,Compliant
MA-010125,Pilgrim Real Estate Solutions,2023,Rooms Occupancy,Construction,Brockton,1349583.5,380622.8,968960.7,55715.24,53939.4,0.0,18,On Time,No,N/A,800000,1.687,Compliant
MA-010126,Summit Restaurant Inc,2023,Sales/Use,Restaurant,Springfield,251036.81,92633.27,158403.54,9900.22,12712.28,2812.06,7,Amended,No,N/A,450000,0.5579,Compliant
MA-010127,Pioneer Retail Services,2023,Sales/Use,Manufacturing,Boston,1627504.29,703706.45,923797.84,57737.37,135198.53,77461.17,37,On Time,No,N/A,1500000,1.085,Underpaid
MA-010128,Patriot Retail Partners,2023,Sales/Use,Hospitality,Boston,172434.26,66927.5,105506.77,6594.17,8406.12,1811.95,1,On Time,No,N/A,350000,0.4927,Compliant
MA-010129,Beacon Real Estate Services,2022,Income,Retail,Lowell,884173.46,283390.07,600783.38,45406.53,46013.38,606.85,7,Not Filed,No,N/A,600000,1.4736,Compliant
MA-010130,Patriot Healthcare LLC,2022,Income,Real Estate,Fall River,775310.87,299880.16,475430.7,40631.61,50197.66,9566.05,14,On Time,No,N/A,700000,1.1076,Compliant
MA-010131,Federal Retail Enterprise,2023,Income,Construction,New Bedford,543889.8,240559.21,303330.6,18465.67,24930.42,6464.74,6,On Time,No,N/A,800000,0.6799,Compliant
MA-010132,Colonial Construction Ventures,2024,Sales/Use,Manufacturing,Lowell,0.0,0.0,0.0,0.0,2503.45,2503.45,1,Not Filed,No,N/A,1500000,0.0,Non-Filer
MA-010133,Eastern Construction Ventures,2023,Income,Restaurant,Chelsea,391976.81,117171.23,274805.58,20409.63,22850.2,2440.56,1,On Time,No,N/A,450000,0.8711,Compliant
MA-010134,Atlantic Manufacturing Inc,2024,Sales/Use,Retail,Springfield,517724.66,203016.59,314708.07,19669.25,46069.56,26400.3,4,Amended,Yes,Fraud,600000,0.8629,Underpaid
MA-010135,Beacon Professional Services Co,2024,Corporate,Healthcare,Boston,1010433.67,228898.41,781535.26,44706.43,43065.52,0.0,13,On Time,No,N/A,1200000,0.842,Compliant
MA-010136,Bay State Construction Corp,2022,Income,Retail,Cambridge,925581.48,188530.1,737051.38,86400.07,87769.57,1369.49,3,On Time,No,N/A,600000,1.5426,Compliant
MA-010137,Summit Restaurant LLC,2023,Income,Professional Services,Lowell,732494.71,235468.33,497026.38,29005.5,29613.02,607.53,8,Amended,Yes,Compliant,500000,1.465,Compliant
MA-010138,Coastal Construction Ventures,2025,Corporate,Construction,Boston,484637.23,139102.45,345534.79,26199.95,30347.35,4147.4,8,Late,No,N/A,800000,0.6058,Compliant
MA-010139,Eastern Hospitality Associates,2025,Corporate,Professional Services,Boston,382565.88,148738.58,233827.3,14155.82,21523.94,7368.12,3,Late,Yes,Fraud,500000,0.7651,Underpaid
MA-010140,Cape Restaurant Services,2024,Income,Professional Services,New Bedford,524767.64,127126.64,397641.01,25593.61,21555.22,0.0,4,Late,No,N/A,500000,1.0495,Compliant
MA-010141,Pilgrim Manufacturing Enterprise,2024,Income,Real Estate,Somerville,753545.15,206408.86,547136.29,61657.04,62243.01,585.98,12,On Time,No,N/A,700000,1.0765,Compliant
MA-010142,Liberty Restaurant Solutions,2025,Sales/Use,Healthcare,Cambridge,1864205.55,352730.97,1511474.58,94467.16,90764.7,0.0,16,On Time,No,N/A,1200000,1.5535,Compliant
MA-010143,Federal Healthcare Co,2024,Meals,Auto Repair,Springfield,536071.15,102300.36,433770.79,30363.95,25007.08,0.0,1,On Time,Yes,Compliant,300000,1.7869,Compliant
MA-010144,Metro Retail Services,2024,Income,Construction,Worcester,736735.15,137013.63,599721.52,36602.85,32822.0,0.0,12,On Time,No,N/A,800000,0.9209,Compliant
MA-010145,Metro Healthcare Corp,2024,Meals,Professional Services,Boston,542636.04,164981.92,377654.12,26435.79,27539.63,1103.84,3,On Time,No,N/A,500000,1.0853,Compliant
MA-010146,Harbor Professional Services Group,2025,Corporate,Real Estate,Boston,645509.96,252503.5,393006.46,23496.09,32835.67,9339.57,5,Late,No,N/A,700000,0.9222,Compliant
MA-010147,Federal Hospitality Services,2024,Meals,Real Estate,Boston,557208.51,126846.4,430362.11,30125.35,26594.79,0.0,11,On Time,Yes,Compliant,700000,0.796,Compliant
MA-010148,Valley Manufacturing Services,2024,Income,Auto Repair,Springfield,324555.89,104560.63,219995.26,23653.45,27828.45,4175.0,1,On Time,Yes,Compliant,300000,1.0819,Compliant
MA-010149,Valley Auto Repair Associates,2024,Income,Restaurant,Boston,591911.09,132431.49,459479.61,32465.62,31725.21,0.0,8,Amended,No,N/A,450000,1.3154,Compliant
MA-010150,Federal Retail LLC,2023,Income,Restaurant,Worcester,579407.54,226345.8,353061.74,37297.17,39399.86,2102.68,10,Amended,No,N/A,450000,1.2876,Compliant
MA-010151,Northern Healthcare Inc,2024,Corporate,Retail,Cambridge,438417.8,69616.82,368800.98,39368.86,36793.41,0.0,2,On Time,No,N/A,600000,0.7307,Compliant
MA-010152,Beacon Hospitality Holdings,2023,Sales/Use,Construction,Worcester,645195.58,254778.41,390417.17,24401.07,42666.91,18265.84,15,On Time,Yes,Compliant,800000,0.8065,Underpaid
MA-010153,Southern Retail Solutions,2024,Meals,Retail,Brockton,614064.29,220625.91,393438.38,27540.69,27827.33,286.64,8,On Time,Yes,Compliant,600000,1.0234,Compliant
MA-010154,Beacon Professional Services Services,2023,Sales/Use,Auto Repair,Chelsea,408002.13,68075.32,339926.81,21245.43,19507.96,0.0,2,On Time,Yes,Compliant,300000,1.36,Compliant
MA-010155,Atlantic Construction Associates,2024,Meals,Retail,Chelsea,574959.75,96516.65,478443.1,33491.02,40743.4,7252.38,7,On Time,No,N/A,600000,0.9583,Underpaid
MA-010156,Northern Healthcare LLC,2024,Corporate,Restaurant,Boston,153867.24,27743.75,126123.49,8970.35,24420.71,15450.36,10,On Time,No,N/A,450000,0.3419,Suspicious
MA-010157,Summit Auto Repair Inc,2024,Special Fuels,Auto Repair,Fall River,397445.47,132791.58,264653.89,63516.93,71486.46,7969.53,8,Late,No,N/A,300000,1.3248,Compliant
MA-010158,Liberty Healthcare Associates,2024,Sales/Use,Manufacturing,Springfield,2196226.56,706856.48,1489370.08,93085.63,91471.06,0.0,27,On Time,No,N/A,1500000,1.4642,Compliant
MA-010159,Cape Real Estate Holdings,2023,Corporate,Healthcare,Boston,430336.37,160774.96,269561.41,17968.89,64159.84,46190.95,16,On Time,No,N/A,1200000,0.3586,Suspicious
MA-010160,Valley Auto Repair Associates,2024,Sales/Use,Hospitality,Boston,396412.58,101142.43,295270.15,18454.38,16834.41,0.0,4,On Time,No,N/A,350000,1.1326,Compliant
MA-010161,Coastal Professional Services Corp,2023,Corporate,Restaurant,Springfield,466687.44,84203.75,382483.69,31961.96,26288.32,0.0,8,On Time,No,N/A,450000,1.0371,Compliant
MA-010162,Southern Manufacturing Co,2022,Income,Professional Services,Boston,338778.13,85555.86,253222.27,28400.19,32352.44,3952.25,14,On Time,Yes,Underpaid,500000,0.6776,Compliant
MA-010163,Cape Manufacturing Services,2025,Special Fuels,Real Estate,Worcester,134324.07,56003.2,78320.88,18797.01,88111.02,69314.01,1,On Time,Yes,Underpaid,700000,0.1919,Suspicious
MA-010164,Central Hospitality Enterprise,2024,Sales/Use,Restaurant,New Bedford,595626.64,191512.4,404114.25,25257.14,26587.06,1329.92,11,On Time,No,N/A,450000,1.3236,Compliant
MA-010165,Eastern Professional Services Holdings,2025,Income,Retail,Springfield,734840.35,325620.48,409219.87,34026.61,49836.39,15809.78,12,On Time,No,N/A,600000,1.2247,Compliant
MA-010166,Liberty Auto Repair Ventures,2025,Income,Construction,Quincy,771367.75,126029.98,645337.77,52131.57,51290.52,0.0,5,On Time,No,N/A,800000,0.9642,Compliant
MA-010167,Metro Professional Services Associates,2022,Sales/Use,Healthcare,Boston,829478.05,312661.02,516817.03,32301.06,61861.92,29560.86,11,On Time,Yes,Underpaid,1200000,0.6912,Underpaid
MA-010168,Pioneer Retail Holdings,2025,Sales/Use,Construction,Somerville,1046535.25,440416.74,606118.51,37882.41,48285.91,10403.51,12,Amended,No,N/A,800000,1.3082,Compliant
MA-010169,Eastern Construction Ventures,2023,Sales/Use,Auto Repair,Fall River,227215.13,45476.98,181738.15,11358.63,10976.1,0.0,1,Not Filed,No,N/A,300000,0.7574,Compliant
MA-010170,Harbor Healthcare Inc,2023,Sales/Use,Restaurant,Boston,502711.98,185063.81,317648.16,19853.01,22030.41,2177.4,3,On Time,Yes,Compliant,450000,1.1171,Compliant
MA-010171,Northern Auto Repair Enterprise,2022,Corporate,Healthcare,Brockton,864107.57,237052.98,627054.59,37857.78,38519.43,661.65,12,On Time,No,N/A,1200000,0.7201,Compliant
MA-010172,Metro Auto Repair Partners,2022,Sales/Use,Auto Repair,Lynn,166586.22,38188.39,128397.83,8024.86,14582.93,6558.07,1,Amended,No,N/A,300000,0.5553,Suspicious
MA-010173,Metro Professional Services LLC,2025,Corporate,Construction,Boston,301122.17,49621.11,251501.06,20941.3,43672.85,22731.54,9,On Time,No,N/A,800000,0.3764,Suspicious
MA-010174,Coastal Construction Services,2025,Corporate,Retail,Fall River,0.0,0.0,0.0,0.0,15461.02,15461.02,1,Not Filed,No,N/A,600000,0.0,Non-Filer
MA-010175,Pioneer Auto Repair Holdings,2022,Sales/Use,Retail,New Bedford,169816.7,50153.34,119663.36,7478.96,21295.46,13816.5,4,On Time,No,N/A,600000,0.283,Suspicious
MA-010176,Central Restaurant Enterprise,2025,Income,Restaurant,Fall River,500046.65,101070.03,398976.62,44391.19,44750.18,358.98,13,Late,Yes,Compliant,450000,1.1112,Compliant
MA-010177,Metro Hospitality Ventures,2024,Income,Restaurant,Worcester,556884.39,88638.71,468245.68,35620.7,32186.58,0.0,6,On Time,No,N/A,450000,1.2375,Compliant
MA-010178,Liberty Restaurant Associates,2023,Corporate,Hospitality,Chelsea,220982.06,58774.53,162207.53,9960.11,15704.78,5744.66,1,Late,No,N/A,350000,0.6314,Underpaid
MA-010179,Eastern Construction Group,2024,Sales/Use,Hospitality,Lowell,357526.78,135957.36,221569.42,13848.09,18437.05,4588.96,2,On Time,No,N/A,350000,1.0215,Compliant
MA-010180,Northern Construction Co,2024,Income,Professional Services,Chelsea,584153.48,200260.72,383892.76,30583.38,34444.16,3860.78,2,Late,No,N/A,500000,1.1683,Compliant
MA-010181,Commonwealth Manufacturing Ventures,2025,Sales/Use,Retail,Springfield,715297.0,288254.1,427042.91,26690.18,34100.45,7410.26,16,On Time,No,N/A,600000,1.1922,Compliant
MA-010182,Colonial Professional Services Co,2022,Income,Healthcare,Worcester,1198302.3,273625.23,924677.07,92261.1,77488.1,0.0,16,Not Filed,No,N/A,1200000,0.9986,Compliant
MA-010183,Central Hospitality Enterprise,2025,Rooms Occupancy,Restaurant,Fall River,527254.52,157760.8,369493.72,21245.89,25171.7,3925.81,4,On Time,No,N/A,450000,1.1717,Compliant
MA-010184,Colonial Professional Services Enterprise,2023,Sales/Use,Construction,New Bedford,870231.4,335447.33,534784.07,33424.0,36244.41,2820.41,10,Late,No,N/A,800000,1.0878,Compliant
MA-010185,Southern Manufacturing Co,2023,Meals,Construction,Brockton,809287.76,317648.0,491639.76,34414.78,40485.86,6071.07,6,On Time,No,N/A,800000,1.0116,Compliant
MA-010186,Patriot Real Estate Corp,2024,Income,Professional Services,Worcester,518943.45,129421.98,389521.48,26580.61,27233.25,652.64,8,Late,No,N/A,500000,1.0379,Compliant
MA-010187,Metro Retail Group,2022,Sales/Use,Construction,Quincy,1280741.66,338757.15,941984.51,58874.03,61020.45,2146.42,20,Amended,Yes,Underpaid,800000,1.6009,Compliant
MA-010188,Colonial Hospitality Associates,2025,Corporate,Restaurant,Boston,605768.72,179473.68,426295.05,40145.18,59299.78,19154.6,5,On Time,No,N/A,450000,1.3462,Underpaid
MA-010189,Harbor Restaurant Group,2023,Meals,Restaurant,Worcester,596157.46,105169.57,490987.89,34369.15,29563.59,0.0,8,Late,No,N/A,450000,1.3248,Compliant
MA-010190,Valley Auto Repair Inc,2022,Corporate,Construction,Somerville,1386144.79,341911.94,1044232.85,113117.58,128135.36,15017.79,14,On Time,No,N/A,800000,1.7327,Compliant
MA-010191,Harbor Auto Repair Inc,2024,Sales/Use,Healthcare,Boston,871773.4,174447.14,697326.26,43582.89,37007.25,0.0,7,On Time,No,N/A,1200000,0.7265,Compliant
MA-010192,Southern Real Estate LLC,2024,Sales/Use,Retail,New Bedford,0.0,0.0,0.0,0.0,7334.34,7334.34,1,Not Filed,No,N/A,600000,0.0,Non-Filer
MA-010193,Liberty Professional Services Co,2025,Rooms Occupancy,Restaurant,Lynn,198102.22,73341.99,124760.22,7173.71,14148.9,6975.19,4,On Time,No,N/A,450000,0.4402,Underpaid
MA-010194,Metro Retail Services,2024,Income,Retail,Lowell,701413.21,244506.31,456906.89,43748.71,54142.61,10393.9,17,On Time,No,N/A,600000,1.169,Compliant
MA-010195,Colonial Auto Repair LLC,2025,Corporate,Construction,Springfield,802010.32,192751.1,609259.22,58681.73,74990.35,16308.62,10,On Time,No,N/A,800000,1.0025,Underpaid
MA-010196,Colonial Auto Repair Partners,2022,Meals,Healthcare,Boston,808186.71,146992.28,661194.43,46283.61,47679.88,1396.27,12,Late,No,N/A,1200000,0.6735,Compliant
MA-010197,Liberty Manufacturing Partners,2025,Income,Retail,Cambridge,349739.43,124668.53,225070.9,18826.39,22568.14,3741.75,13,On Time,Yes,Compliant,600000,0.5829,Compliant
MA-010198,Eastern Real Estate Group,2022,Corporate,Restaurant,Chelsea,363854.0,82510.31,281343.69,18619.67,27062.59,8442.93,5,On Time,No,N/A,450000,0.8086,Underpaid
MA-010199,Metro Manufacturing Enterprise,2022,Income,Construction,Boston,193890.81,35825.27,158065.55,17321.96,21064.35,3742.38,10,On Time,Yes,Underpaid,800000,0.2424,Underpaid
MA-010200,Atlantic Manufacturing Inc,2024,Rooms Occupancy,Professional Services,Worcester,289959.89,78356.81,211603.09,12167.18,18124.71,5957.54,12,On Time,No,N/A,500000,0.5799,Underpaid
MA-010201,Pioneer Auto Repair Group,2023,Meals,Construction,Brockton,271642.34,109554.7,162087.64,11346.13,18672.4,7326.27,1,On Time,No,N/A,800000,0.3396,Underpaid
MA-010202,Coastal Hospitality Services,2025,Corporate,Construction,Chelsea,816359.26,327817.99,488541.27,57716.81,78019.35,20302.54,10,On Time,No,N/A,800000,1.0204,Compliant
MA-010203,Atlantic Restaurant Group,2024,Income,Restaurant,Springfield,288159.94,109575.3,178584.64,16137.88,25473.5,9335.62,7,On Time,No,N/A,450000,0.6404,Underpaid
MA-010204,Liberty Healthcare Ventures,2022,Corporate,Professional Services,Worcester,303080.06,106953.52,196126.54,15090.24,16157.57,1067.32,3,On Time,No,N/A,500000,0.6062,Compliant
MA-010205,Valley Healthcare Ventures,2023,Sales/Use,Real Estate,Boston,372939.78,64317.03,308622.74,19288.92,34298.43,15009.51,11,Late,No,N/A,700000,0.5328,Suspicious
MA-010206,Northern Professional Services Solutions,2025,Income,Real Estate,Boston,873004.04,281029.15,591974.89,33246.13,36993.44,3747.31,5,Late,No,N/A,700000,1.2471,Compliant
MA-010207,Coastal Professional Services Corp,2025,Income,Real Estate,New Bedford,326785.54,126640.83,200144.71,23501.39,26848.33,3346.94,10,On Time,No,N/A,700000,0.4668,Compliant
MA-010208,Harbor Healthcare Associates,2024,Corporate,Healthcare,Lowell,1070732.78,267246.11,803486.67,83336.95,100923.78,17586.83,12,Late,No,N/A,1200000,0.8923,Underpaid
MA-010209,Valley Professional Services LLC,2023,Income,Retail,Springfield,763983.77,181518.78,582465.0,50405.91,55893.95,5488.04,11,On Time,Yes,Underpaid,600000,1.2733,Underpaid
MA-010210,Northern Restaurant Partners,2022,Sales/Use,Restaurant,New Bedford,653864.6,175150.02,478714.58,29919.66,29722.28,0.0,8,On Time,No,N/A,450000,1.453,Compliant
MA-010211,Eastern Hospitality Associates,2022,Corporate,Professional Services,Boston,878713.48,264720.58,613992.9,72125.64,86873.51,14747.87,19,Amended,No,N/A,500000,1.7574,Compliant
MA-010212,Summit Auto Repair Enterprise,2023,Sales/Use,Healthcare,Springfield,647609.83,172407.77,475202.06,29700.13,50198.89,20498.76,18,On Time,No,N/A,1200000,0.5397,Underpaid
MA-010213,Eastern Real Estate Associates,2023,Special Fuels,Construction,Springfield,973161.6,380933.45,592228.15,142134.76,196106.73,53971.98,19,On Time,No,N/A,800000,1.2165,Compliant
MA-010214,Commonwealth Hospitality LLC,2024,Meals,Hospitality,Cambridge,227589.09,48456.86,179132.23,12539.26,11593.03,0.0,6,Late,No,N/A,350000,0.6503,Compliant
MA-010215,Commonwealth Manufacturing Enterprise,2023,Sales/Use,Auto Repair,Boston,414379.46,156731.78,257647.67,16102.98,18707.92,2604.94,1,On Time,No,N/A,300000,1.3813,Compliant
MA-010216,Federal Restaurant Services,2024,Sales/Use,Auto Repair,New Bedford,173049.57,33502.05,139547.52,8721.72,8129.34,0.0,1,Late,No,N/A,300000,0.5768,Compliant
MA-010217,Atlantic Real Estate Solutions,2024,Income,Manufacturing,Boston,871799.44,327864.75,543934.69,28426.81,49032.98,20606.16,20,Late,Yes,Compliant,1500000,0.5812,Underpaid
MA-010218,Eastern Retail Partners,2025,Sales/Use,Professional Services,Quincy,584627.63,209227.02,375400.62,23462.54,40476.36,17013.82,10,On Time,No,N/A,500000,1.1693,Underpaid
MA-010219,Atlantic Retail Partners,2022,Sales/Use,Construction,Fall River,1336114.1,545312.82,790801.28,49425.08,61319.49,11894.41,9,Late,No,N/A,800000,1.6701,Compliant
MA-010220,Federal Real Estate LLC,2023,Corporate,Professional Services,New Bedford,192401.29,85625.5,106775.79,5895.39,7020.62,1125.23,2,Late,No,N/A,500000,0.3848,Compliant
MA-010221,Cape Healthcare Co,2024,Income,Restaurant,Boston,280045.06,81184.89,198860.16,22993.13,49419.52,26426.39,6,On Time,No,N/A,450000,0.6223,Underpaid
MA-010222,Cape Professional Services Enterprise,2024,Sales/Use,Healthcare,Fall River,357090.62,129375.53,227715.1,14232.19,17367.05,3134.86,4,Late,No,N/A,1200000,0.2976,Compliant
MA-010223,Pilgrim Manufacturing Enterprise,2025,Income,Construction,Fall River,183488.1,45747.25,137740.85,9717.65,19026.67,9309.03,8,On Time,No,N/A,800000,0.2294,Suspicious
MA-010224,Patriot Healthcare Services,2022,Meals,Construction,Chelsea,946787.82,316331.59,630456.23,44131.94,46230.74,2098.8,6,On Time,No,N/A,800000,1.1835,Compliant
MA-010225,Patriot Construction Holdings,2022,Rooms Occupancy,Professional Services,Worcester,227147.48,69293.69,157853.79,9076.59,16305.99,7229.4,1,On Time,No,N/A,500000,0.4543,Underpaid
MA-010226,Northern Manufacturing Solutions,2023,Income,Construction,Cambridge,234529.53,102461.93,132067.6,11576.81,58106.15,46529.34,14,On Time,Yes,Fraud,800000,0.2932,Suspicious
MA-010227,Beacon Retail Partners,2022,Corporate,Manufacturing,Quincy,848882.7,324750.28,524132.42,49928.48,63516.49,13588.01,15,On Time,No,N/A,1500000,0.5659,Underpaid
MA-010228,Northern Healthcare LLC,2022,Corporate,Restaurant,Springfield,265778.34,85710.51,180067.83,11872.81,19498.91,7626.1,1,On Time,No,N/A,450000,0.5906,Underpaid
MA-010229,Valley Auto Repair Inc,2022,Income,Professional Services,Springfield,273524.14,102239.31,171284.84,9109.99,17395.48,8285.49,1,On Time,No,N/A,500000,0.547,Underpaid
MA-010230,Coastal Construction Ventures,2022,Sales/Use,Construction,Worcester,627256.38,218421.3,408835.08,25552.19,29920.42,4368.23,1,Late,No,N/A,800000,0.7841,Compliant
MA-010231,Eastern Auto Repair Corp,2024,Meals,Restaurant,Springfield,613826.71,238474.83,375351.88,26274.63,36706.29,10431.66,9,On Time,No,N/A,450000,1.3641,Underpaid
MA-010232,Colonial Construction Solutions,2022,Sales/Use,Auto Repair,Chelsea,230882.05,100224.47,130657.58,8166.1,11344.12,3178.02,3,On Time,No,N/A,300000,0.7696,Compliant
MA-010233,Harbor Restaurant Inc,2023,Corporate,Auto Repair,Worcester,281627.19,51928.33,229698.86,22273.54,20624.12,0.0,2,On Time,Yes,Compliant,300000,0.9388,Compliant
MA-010234,Metro Manufacturing Enterprise,2022,Sales/Use,Real Estate,Cambridge,827715.01,268327.57,559387.43,34961.71,35192.16,230.45,14,On Time,No,N/A,700000,1.1825,Compliant
MA-010235,Commonwealth Professional Services Solutions,2022,Income,Professional Services,Boston,409215.96,98908.58,310307.38,28204.43,27092.97,0.0,2,On Time,No,N/A,500000,0.8184,Compliant
MA-010236,Liberty Healthcare Corp,2023,Income,Retail,Springfield,532818.94,137385.13,395433.82,38582.72,41672.56,3089.84,1,Late,No,N/A,600000,0.888,Compliant
MA-010237,Summit Auto Repair Inc,2022,Corporate,Construction,Fall River,337864.22,134447.36,203416.86,22862.18,31475.61,8613.43,11,On Time,No,N/A,800000,0.4223,Compliant
MA-010238,Summit Healthcare Solutions,2022,Rooms Occupancy,Healthcare,New Bedford,1140484.88,183614.52,956870.36,55020.05,85240.57,30220.52,21,On Time,No,N/A,1200000,0.9504,Underpaid
MA-010239,Patriot Real Estate Corp,2025,Income,Healthcare,Lowell,1481719.5,281770.27,1199949.24,102090.03,101253.74,0.0,19,Amended,No,N/A,1200000,1.2348,Compliant
MA-010240,Commonwealth Hospitality Ventures,2023,Special Fuels,Restaurant,Boston,882575.55,383579.29,498996.26,119759.1,157152.59,37393.49,16,On Time,No,N/A,450000,1.9613,Compliant
MA-010241,Federal Retail Inc,2023,Corporate,Professional Services,Cambridge,470747.22,76657.67,394089.55,25408.6,20556.7,0.0,1,On Time,No,N/A,500000,0.9415,Compliant
MA-010242,Summit Construction Holdings,2024,Income,Construction,Springfield,328551.06,131572.11,196978.95,13479.69,16131.39,2651.7,4,Late,No,N/A,800000,0.4107,Compliant
MA-010243,Federal Auto Repair Associates,2022,Sales/Use,Professional Services,Worcester,0.0,0.0,0.0,0.0,17484.04,17484.04,1,Not Filed,No,N/A,500000,0.0,Non-Filer
MA-010244,Harbor Restaurant LLC,2022,Rooms Occupancy,Retail,Fall River,457976.48,139390.81,318585.67,18318.68,21484.76,3166.09,1,Amended,No,N/A,600000,0.7633,Compliant
MA-010245,Pilgrim Healthcare Associates,2023,Meals,Restaurant,Chelsea,488251.34,143372.27,344879.07,24141.53,39758.78,15617.25,13,Late,No,N/A,450000,1.085,Underpaid
MA-010246,Pilgrim Restaurant Ventures,2023,Income,Hospitality,Boston,351565.79,58631.89,292933.9,19942.41,19342.28,0.0,11,On Time,No,N/A,350000,1.0045,Compliant
MA-010247,Metro Professional Services Associates,2024,Income,Healthcare,Chelsea,1227428.47,361478.32,865950.15,56594.58,61772.6,5178.02,11,On Time,Yes,Compliant,1200000,1.0229,Compliant
MA-010248,Coastal Professional Services Solutions,2023,Corporate,Manufacturing,Lowell,970119.67,165553.71,804565.97,61529.02,142436.3,80907.28,30,On Time,Yes,Fraud,1500000,0.6467,Suspicious
MA-010249,Metro Healthcare Ventures,2022,Meals,Auto Repair,Lowell,187227.81,72112.75,115115.06,8058.05,10295.31,2237.26,1,On Time,Yes,Compliant,300000,0.6241,Compliant
MA-010250,Pilgrim Professional Services Holdings,2025,Meals,Restaurant,Chelsea,146357.0,40787.78,105569.22,7389.85,14773.62,7383.77,1,On Time,No,N/A,450000,0.3252,Suspicious
MA-010251,Cape Retail Group,2022,Meals,Manufacturing,Worcester,1910578.68,778973.45,1131605.23,79212.37,109018.7,29806.33,34,On Time,No,N/A,1500000,1.2737,Compliant
MA-010252,Harbor Restaurant Group,2022,Sales/Use,Construction,Boston,375675.49,79502.55,296172.94,18510.81,16385.65,0.0,7,On Time,No,N/A,800000,0.4696,Compliant
MA-010253,Pioneer Retail Group,2024,Sales/Use,Restaurant,Springfield,344494.29,122013.58,222480.71,13905.04,15395.76,1490.71,1,On Time,No,N/A,450000,0.7655,Compliant
MA-010254,Pioneer Real Estate Services,2025,Corporate,Manufacturing,Cambridge,1236810.65,333244.93,903565.72,53911.06,48642.1,0.0,10,Not Filed,Yes,Compliant,1500000,0.8245,Compliant
MA-010255,Pioneer Professional Services Services,2025,Income,Manufacturing,Lynn,1552393.25,257100.91,1295292.34,100044.83,85097.95,0.0,14,Late,No,N/A,1500000,1.0349,Compliant
MA-010256,Pioneer Manufacturing Services,2022,Sales/Use,Manufacturing,Cambridge,1653057.12,607247.91,1045809.21,65363.08,67847.98,2484.9,20,On Time,No,N/A,1500000,1.102,Compliant
MA-010257,Federal Real Estate Holdings,2022,Special Fuels,Professional Services,Worcester,454200.44,95614.72,358585.72,86060.57,78816.75,0.0,1,Late,No,N/A,500000,0.9084,Compliant
MA-010258,Coastal Real Estate Inc,2023,Sales/Use,Retail,Boston,472008.92,70842.02,401166.9,25072.93,24792.99,0.0,9,On Time,No,N/A,600000,0.7867,Compliant
MA-010259,Eastern Restaurant Group,2023,Corporate,Manufacturing,Worcester,1445446.83,455139.11,990307.72,99852.44,130286.98,30434.54,16,On Time,No,N/A,1500000,0.9636,Underpaid
MA-010260,Federal Healthcare Group,2023,Income,Retail,Brockton,605058.32,164660.8,440397.51,25301.96,29755.4,4453.44,11,Amended,No,N/A,600000,1.0084,Compliant
MA-010261,Pilgrim Professional Services Corp,2024,Special Fuels,Auto Repair,Fall River,132841.65,29621.29,103220.36,24772.89,24974.77,201.88,4,On Time,No,N/A,300000,0.4428,Compliant
MA-010262,Northern Restaurant Holdings,2025,Meals,Professional Services,Quincy,391717.66,84655.94,307061.72,21494.32,18915.9,0.0,7,On Time,No,N/A,500000,0.7834,Compliant
MA-010263,Commonwealth Real Estate Enterprise,2024,Corporate,Construction,Worcester,585228.61,147827.5,437401.11,38849.36,41299.32,2449.97,1,On Time,No,N/A,800000,0.7315,Compliant
MA-010264,Harbor Healthcare Ventures,2023,Income,Retail,Chelsea,267411.18,61403.39,206007.8,13605.69,12382.09,0.0,3,Late,No,N/A,600000,0.4457,Compliant
MA-010265,Patriot Manufacturing Inc,2022,Income,Retail,Fall River,619779.1,252328.68,367450.42,43013.57,51925.45,8911.89,3,Not Filed,No,N/A,600000,1.033,Compliant
MA-010266,Cape Professional Services Enterprise,2024,Rooms Occupancy,Retail,Quincy,511833.59,137869.47,373964.12,21502.94,29289.25,7786.31,1,On Time,Yes,Fraud,600000,0.8531,Underpaid
MA-010267,Southern Retail Inc,2024,Income,Construction,Lynn,536104.85,99774.72,436330.14,37644.1,52963.57,15319.46,3,Amended,Yes,Fraud,800000,0.6701,Underpaid
MA-010268,Harbor Healthcare Enterprise,2024,Corporate,Retail,Boston,468287.06,156372.86,311914.21,23585.3,26642.09,3056.79,6,On Time,No,N/A,600000,0.7805,Compliant
MA-010269,Metro Restaurant Co,2024,Meals,Professional Services,Springfield,347744.85,76006.6,271738.25,19021.68,20052.43,1030.75,2,On Time,No,N/A,500000,0.6955,Compliant
MA-010270,Colonial Retail Associates,2023,Corporate,Retail,Springfield,483144.64,144885.1,338259.54,40486.06,65225.13,24739.07,7,On Time,No,N/A,600000,0.8052,Underpaid
MA-010271,Coastal Construction Solutions,2022,Corporate,Professional Services,Fall River,631917.88,142994.74,488923.14,53159.64,58749.39,5589.74,2,On Time,No,N/A,500000,1.2638,Compliant
MA-010272,Pilgrim Auto Repair Corp,2024,Sales/Use,Retail,Worcester,731895.62,321254.58,410641.04,25665.06,35748.46,10083.4,16,On Time,No,N/A,600000,1.2198,Compliant
MA-010273,Colonial Professional Services Holdings,2024,Meals,Professional Services,Boston,56407.34,23515.64,32891.7,2302.42,2984.71,682.29,1,On Time,No,N/A,500000,0.1128,Compliant
MA-010274,Pioneer Healthcare Solutions,2024,Income,Professional Services,Boston,624942.16,107117.1,517825.06,31763.37,29794.61,0.0,6,On Time,No,N/A,500000,1.2499,Compliant
MA-010275,Cape Manufacturing Group,2024,Sales/Use,Retail,Worcester,319833.18,97958.73,221874.45,13867.15,32023.45,18156.3,5,Late,No,N/A,600000,0.5331,Suspicious
MA-010276,Pioneer Construction Associates,2024,Income,Hospitality,Boston,348386.53,63024.1,285362.44,15542.4,13234.99,0.0,3,Late,No,N/A,350000,0.9954,Compliant
MA-010277,Pioneer Hospitality Associates,2022,Meals,Restaurant,Springfield,634846.94,263868.67,370978.27,25968.48,34489.74,8521.26,9,On Time,No,N/A,450000,1.4108,Compliant
MA-010278,Atlantic Construction Group,2023,Income,Retail,Lowell,695240.82,284542.84,410697.98,33966.18,37309.55,3343.37,6,On Time,No,N/A,600000,1.1587,Compliant
MA-010279,Colonial Healthcare Co,2023,Rooms Occupancy,Healthcare,Boston,1018609.97,325135.56,693474.41,39874.78,43067.67,3192.89,10,On Time,No,N/A,1200000,0.8488,Compliant
MA-010280,Atlantic Real Estate LLC,2022,Corporate,Retail,Worcester,655517.42,100403.47,555113.95,48090.71,41072.06,0.0,6,On Time,Yes,Compliant,600000,1.0925,Compliant
MA-010281,Colonial Professional Services Corp,2025,Corporate,Healthcare,Lowell,1288660.42,282686.5,1005973.92,50806.97,51524.81,717.84,26,On Time,No,N/A,1200000,1.0739,Compliant
MA-010282,Summit Retail Enterprise,2025,Income,Healthcare,Springfield,1567855.52,478169.31,1089686.21,115503.62,119381.97,3878.36,17,On Time,No,N/A,1200000,1.3065,Compliant
MA-010283,Coastal Professional Services Corp,2024,Corporate,Retail,Lowell,809710.38,148263.56,661446.82,54155.3,52245.4,0.0,8,On Time,No,N/A,600000,1.3495,Compliant
MA-010284,Harbor Healthcare Enterprise,2022,Income,Construction,Worcester,181492.28,51094.61,130397.67,6594.77,7933.93,1339.16,1,Not Filed,Yes,Compliant,800000,0.2269,Compliant
MA-010285,Metro Hospitality Ventures,2024,Corporate,Construction,Fall River,228739.73,85816.48,142923.24,8607.72,11456.33,2848.61,1,On Time,No,N/A,800000,0.2859,Compliant
MA-010286,Federal Hospitality Co,2024,Rooms Occupancy,Healthcare,Boston,1239742.38,278556.11,961186.27,55268.21,48301.83,0.0,23,Late,No,N/A,1200000,1.0331,Compliant
MA-010287,Commonwealth Healthcare Services,2022,Corporate,Professional Services,Boston,552650.6,242262.22,310388.38,35860.74,52833.26,16972.52,5,On Time,No,N/A,500000,1.1053,Compliant
MA-010288,Harbor Real Estate LLC,2025,Income,Professional Services,Cambridge,620210.36,217078.86,403131.5,47621.6,61575.65,13954.05,1,On Time,No,N/A,500000,1.2404,Compliant
MA-010289,Valley Restaurant Associates,2025,Sales/Use,Restaurant,Fall River,499100.43,146027.41,353073.03,22067.06,22166.72,99.65,9,On Time,No,N/A,450000,1.1091,Compliant
MA-010290,Pilgrim Retail Ventures,2024,Income,Restaurant,Boston,231511.44,83436.36,148075.08,15607.5,19840.7,4233.19,8,On Time,No,N/A,450000,0.5145,Compliant
MA-010291,Atlantic Manufacturing Inc,2025,Meals,Real Estate,Fall River,515851.31,98228.23,417623.08,29233.62,36813.56,7579.94,7,On Time,No,N/A,700000,0.7369,Underpaid
MA-010292,Northern Real Estate Partners,2023,Sales/Use,Construction,Worcester,1012838.55,235583.55,777255.0,48578.44,42298.73,0.0,23,On Time,No,N/A,800000,1.266,Compliant
MA-010293,Atlantic Real Estate Corp,2024,Income,Healthcare,Boston,1307863.86,394696.73,913167.13,92555.01,86870.71,0.0,17,On Time,No,N/A,1200000,1.0899,Compliant
MA-010294,Commonwealth Healthcare Group,2022,Corporate,Retail,Lowell,308413.69,109476.76,198936.93,20610.14,43123.55,22513.41,2,Not Filed,No,N/A,600000,0.514,Underpaid
MA-010295,Liberty Healthcare Co,2022,Income,Construction,Worcester,1088283.9,229218.39,859065.51,72140.82,73144.3,1003.48,8,Late,No,N/A,800000,1.3604,Compliant
MA-010296,Northern Real Estate Associates,2024,Corporate,Hospitality,Lowell,343200.01,147254.53,195945.48,12660.36,17416.55,4756.19,2,On Time,No,N/A,350000,0.9806,Compliant
MA-010297,Metro Retail Solutions,2025,Income,Restaurant,Fall River,527949.1,162981.19,364967.92,37008.12,36147.26,0.0,8,Late,Yes,Compliant,450000,1.1732,Compliant
MA-010298,Summit Auto Repair Services,2025,Income,Construction,Boston,801229.11,347934.55,453294.57,40383.85,73100.22,32716.37,11,On Time,No,N/A,800000,1.0015,Underpaid
MA-010299,Pioneer Hospitality Associates,2025,Sales/Use,Manufacturing,Chelsea,1351624.47,339600.87,1012023.6,63251.48,69819.94,6568.46,12,On Time,No,N/A,1500000,0.9011,Compliant
MA-010300,Patriot Real Estate Partners,2024,Corporate,Construction,Worcester,688457.17,170073.21,518383.96,34654.27,33020.85,0.0,10,On Time,No,N/A,800000,0.8606,Compliant
MA-010301,Beacon Construction Enterprise,2025,Corporate,Healthcare,New Bedford,1432864.8,337217.07,1095647.73,56032.71,63250.12,7217.41,14,Not Filed,No,N/A,1200000,1.1941,Compliant
MA-010302,Central Real Estate Holdings,2024,Income,Restaurant,Somerville,288305.71,122741.43,165564.27,14203.59,36642.79,22439.2,14,Late,No,N/A,450000,0.6407,Suspicious
MA-010303,Patriot Healthcare Group,2024,Income,Restaurant,Springfield,499534.55,119933.61,379600.93,34139.07,33899.67,0.0,15,Amended,No,N/A,450000,1.1101,Compliant
MA-010304,Eastern Healthcare Holdings,2025,Corporate,Restaurant,Worcester,193215.91,66210.53,127005.38,6682.52,12094.09,5411.58,1,Late,No,N/A,450000,0.4294,Underpaid
MA-010305,Summit Restaurant LLC,2025,Corporate,Manufacturing,Lynn,627150.97,234744.86,392406.11,42954.13,44401.6,1447.46,15,Not Filed,No,N/A,1500000,0.4181,Compliant
MA-010306,Harbor Construction Holdings,2024,Corporate,Professional Services,Boston,630003.69,123455.05,506548.64,49213.46,39045.03,0.0,7,On Time,No,N/A,500000,1.26,Compliant
MA-010307,Metro Manufacturing Enterprise,2025,Income,Manufacturing,Chelsea,1613116.15,472250.07,1140866.08,116564.63,124056.73,7492.1,14,Late,No,N/A,1500000,1.0754,Compliant
MA-010308,Northern Professional Services Holdings,2023,Sales/Use,Construction,Springfield,1557076.33,325163.92,1231912.4,76994.53,69669.55,0.0,19,On Time,No,N/A,800000,1.9463,Compliant
MA-010309,Commonwealth Healthcare Solutions,2024,Meals,Retail,Boston,632559.58,175258.34,457301.24,32011.09,33969.32,1958.24,11,Amended,No,N/A,600000,1.0543,Compliant
MA-010310,Coastal Auto Repair Holdings,2024,Corporate,Healthcare,Boston,1026138.37,289513.68,736624.69,84487.11,128288.66,43801.54,18,Late,No,N/A,1200000,0.8551,Underpaid
MA-010311,Valley Restaurant Associates,2022,Income,Restaurant,New Bedford,169236.08,67024.29,102211.79,5208.85,12012.9,6804.05,6,Not Filed,Yes,Underpaid,450000,0.3761,Suspicious
MA-010312,Southern Real Estate Associates,2023,Corporate,Restaurant,Boston,731060.69,269744.63,461316.05,27630.21,31152.11,3521.9,15,On Time,Yes,Compliant,450000,1.6246,Compliant
MA-010313,Eastern Professional Services Holdings,2024,Income,Professional Services,Boston,751611.52,260378.8,491232.72,24848.22,30734.59,5886.37,7,Late,No,N/A,500000,1.5032,Compliant
MA-010314,Commonwealth Professional Services Partners,2022,Meals,Hospitality,Lowell,225030.77,59455.46,165575.31,11590.27,10597.48,0.0,2,Amended,Yes,Compliant,350000,0.6429,Compliant
MA-010315,Beacon Hospitality Solutions,2025,Income,Hospitality,Cambridge,347676.8,107371.15,240305.65,17626.39,20180.0,2553.62,9,Amended,No,N/A,350000,0.9934,Compliant
MA-010316,Harbor Restaurant LLC,2023,Sales/Use,Retail,Worcester,255170.22,67913.85,187256.36,11703.52,10623.88,0.0,10,On Time,No,N/A,600000,0.4253,Compliant
MA-010317,Southern Retail Inc,2024,Income,Auto Repair,Lynn,280851.55,123064.01,157787.54,14653.95,19132.86,4478.92,1,On Time,No,N/A,300000,0.9362,Compliant
MA-010318,Beacon Construction Enterprise,2024,Special Fuels,Retail,Boston,383209.68,119717.06,263492.62,63238.23,65837.1,2598.87,1,On Time,No,N/A,600000,0.6387,Compliant
MA-010319,Colonial Healthcare LLC,2023,Corporate,Retail,New Bedford,0.0,0.0,0.0,0.0,58773.19,58773.19,9,Not Filed,No,N/A,600000,0.0,Non-Filer
MA-010320,Atlantic Real Estate Solutions,2024,Income,Healthcare,Lynn,556815.8,152685.6,404130.2,31840.46,41033.3,9192.84,2,Late,No,N/A,1200000,0.464,Underpaid
MA-010321,Bay State Professional Services Partners,2023,Income,Hospitality,Lynn,324756.16,108820.58,215935.59,19950.79,20817.79,867.01,12,On Time,No,N/A,350000,0.9279,Compliant
MA-010322,Pilgrim Restaurant Ventures,2025,Income,Retail,Boston,559702.11,146747.08,412955.03,45280.13,45175.3,0.0,1,On Time,Yes,Compliant,600000,0.9328,Compliant
MA-010323,Coastal Professional Services Corp,2024,Income,Restaurant,Fall River,252365.71,53342.19,199023.51,12418.17,16989.24,4571.07,3,On Time,No,N/A,450000,0.5608,Underpaid
MA-010324,Colonial Construction Holdings,2023,Meals,Healthcare,Lowell,124098.63,32775.97,91322.66,6392.59,6682.97,290.39,1,On Time,No,N/A,1200000,0.1034,Compliant
MA-010325,Commonwealth Healthcare Services,2022,Corporate,Professional Services,Chelsea,475749.82,196643.57,279106.25,18756.08,22871.81,4115.73,9,On Time,No,N/A,500000,0.9515,Compliant
MA-010326,Summit Auto Repair Services,2022,Meals,Restaurant,Springfield,713127.79,284029.03,429098.76,30036.91,38579.12,8542.21,14,On Time,No,N/A,450000,1.5847,Compliant
MA-010327,Metro Hospitality Ventures,2023,Corporate,Healthcare,Boston,1116767.45,205431.02,911336.43,95244.85,75631.57,0.0,8,Late,No,N/A,1200000,0.9306,Compliant
MA-010328,Federal Healthcare Group,2023,Corporate,Restaurant,Springfield,510446.97,146194.55,364252.43,24589.14,40162.4,15573.26,10,On Time,No,N/A,450000,1.1343,Underpaid
MA-010329,Southern Healthcare Holdings,2022,Income,Manufacturing,New Bedford,1510553.83,400638.47,1109915.36,116956.96,118726.4,1769.44,18,On Time,No,N/A,1500000,1.007,Compliant
MA-010330,Beacon Real Estate Ventures,2024,Meals,Retail,Springfield,191013.43,36938.6,154074.83,10785.24,31169.69,20384.45,7,Amended,Yes,Underpaid,600000,0.3184,Suspicious
MA-010331,Federal Professional Services Co,2023,Income,Professional Services,Somerville,0.0,0.0,0.0,0.0,34829.15,34829.15,2,Not Filed,No,N/A,500000,0.0,Non-Filer
MA-010332,Eastern Retail Partners,2025,Sales/Use,Construction,Fall River,542155.42,153192.85,388962.57,24310.16,36039.67,11729.51,7,On Time,Yes,Compliant,800000,0.6777,Underpaid
MA-010333,Northern Real Estate Associates,2023,Meals,Retail,Lowell,450524.54,87227.1,363297.44,25430.82,27009.44,1578.62,6,On Time,No,N/A,600000,0.7509,Compliant
MA-010334,Summit Restaurant LLC,2022,Income,Healthcare,Worcester,1074333.9,374166.2,700167.7,69309.09,79947.05,10637.96,21,Not Filed,No,N/A,1200000,0.8953,Compliant
MA-010335,Pilgrim Manufacturing Enterprise,2022,Corporate,Real Estate,New Bedford,51987.65,20591.24,31396.41,3236.69,3511.99,275.3,6,Late,Yes,Compliant,700000,0.0743,Compliant
MA-010336,Coastal Retail Partners,2025,Corporate,Restaurant,Brockton,608772.99,195665.8,413107.19,48975.71,56194.51,7218.8,1,On Time,Yes,Compliant,450000,1.3528,Compliant
MA-010337,Northern Construction Co,2025,Sales/Use,Healthcare,Fall River,1070912.07,360868.71,710043.35,44377.71,44149.85,0.0,11,Late,No,N/A,1200000,0.8924,Compliant
MA-010338,Federal Hospitality Corp,2023,Corporate,Construction,New Bedford,366170.66,67910.79,298259.86,24618.96,21534.54,0.0,1,On Time,No,N/A,800000,0.4577,Compliant
MA-010339,Northern Real Estate Co,2022,Corporate,Retail,Chelsea,231908.44,79355.7,152552.74,14996.12,29684.41,14688.29,13,On Time,Yes,Underpaid,600000,0.3865,Underpaid
MA-010340,Colonial Professional Services Services,2024,Income,Healthcare,Fall River,1646705.6,658044.69,988660.91,62860.14,68387.64,5527.5,26,On Time,No,N/A,1200000,1.3723,Compliant
MA-010341,Northern Professional Services Holdings,2023,Income,Construction,Cambridge,1053626.73,441236.31,612390.43,50444.38,57537.97,7093.59,7,On Time,No,N/A,800000,1.317,Compliant
MA-010342,Harbor Professional Services Group,2024,Sales/Use,Restaurant,Cambridge,378209.73,147449.07,230760.66,14422.54,15604.67,1182.13,7,On Time,No,N/A,450000,0.8405,Compliant
MA-010343,Valley Professional Services Solutions,2025,Income,Real Estate,Worcester,398637.14,82204.43,316432.71,18409.78,15916.41,0.0,8,On Time,No,N/A,700000,0.5695,Compliant
MA-010344,Atlantic Construction Inc,2022,Income,Hospitality,New Bedford,331741.84,79879.66,251862.18,21850.81,22708.25,857.43,2,Amended,No,N/A,350000,0.9478,Compliant
MA-010345,Southern Restaurant Partners,2022,Income,Restaurant,Boston,547744.14,161607.3,386136.84,42927.43,48759.34,5831.91,9,Amended,No,N/A,450000,1.2172,Compliant
MA-010346,Beacon Retail Partners,2023,Special Fuels,Manufacturing,Boston,1347712.01,413347.94,934364.07,224247.38,268921.15,44673.77,22,Late,No,N/A,1500000,0.8985,Compliant
MA-010347,Bay State Construction LLC,2025,Income,Professional Services,Chelsea,236284.38,37036.18,199248.2,20541.41,22740.11,2198.7,6,On Time,No,N/A,500000,0.4726,Underpaid
MA-010348,Summit Real Estate LLC,2025,Corporate,Retail,Worcester,702353.34,108567.68,593785.66,55581.99,50261.29,0.0,7,On Time,No,N/A,600000,1.1706,Compliant
MA-010349,Pioneer Retail Holdings,2024,Income,Retail,Worcester,672761.15,169281.28,503479.87,40809.73,44429.42,3619.69,2,On Time,No,N/A,600000,1.1213,Compliant
MA-010350,Liberty Hospitality LLC,2025,Income,Professional Services,Boston,672505.44,269575.37,402930.07,39872.18,47918.54,8046.36,7,On Time,No,N/A,500000,1.345,Compliant
MA-010351,Central Real Estate Partners,2022,Sales/Use,Manufacturing,New Bedford,1188215.52,464241.92,723973.6,45248.35,54986.27,9737.92,20,Late,Yes,Compliant,1500000,0.7921,Compliant
MA-010352,Colonial Hospitality Associates,2023,Corporate,Professional Services,Fall River,388626.88,104005.52,284621.36,28169.84,26483.59,0.0,1,Amended,No,N/A,500000,0.7773,Compliant
MA-010353,Pioneer Auto Repair Group,2025,Income,Hospitality,Springfield,157831.83,60036.46,97795.37,9027.57,12421.86,3394.29,5,On Time,Yes,Underpaid,350000,0.4509,Compliant
MA-010354,Coastal Retail Inc,2024,Sales/Use,Manufacturing,Worcester,837308.41,186809.63,650498.78,40656.17,43967.05,3310.88,19,On Time,No,N/A,1500000,0.5582,Compliant
MA-010355,Southern Real Estate LLC,2025,Sales/Use,Restaurant,Boston,140384.01,28347.13,112036.88,7002.3,6163.23,0.0,10,On Time,No,N/A,450000,0.312,Compliant
MA-010356,Colonial Professional Services Holdings,2025,Income,Professional Services,Brockton,324324.32,141653.52,182670.8,10023.61,24450.38,14426.77,6,On Time,No,N/A,500000,0.6486,Underpaid
MA-010357,Beacon Professional Services Holdings,2022,Corporate,Manufacturing,Springfield,1237455.04,465897.56,771557.48,82316.51,91489.95,9173.44,17,On Time,No,N/A,1500000,0.825,Compliant
MA-010358,Federal Retail Solutions,2025,Sales/Use,Construction,Worcester,268098.64,104103.77,163994.86,10249.68,35200.51,24950.83,15,On Time,No,N/A,800000,0.3351,Suspicious
MA-010359,Valley Retail Services,2022,Rooms Occupancy,Auto Repair,New Bedford,0.0,0.0,0.0,0.0,14763.96,14763.96,4,Not Filed,No,N/A,300000,0.0,Non-Filer
MA-010360,Colonial Retail Inc,2024,Income,Retail,Cambridge,169030.61,60963.69,108066.92,8385.86,32175.38,23789.52,6,Amended,No,N/A,600000,0.2817,Suspicious
MA-010361,Central Retail Corp,2025,Sales/Use,Construction,Cambridge,930218.78,373937.54,556281.25,34767.58,45684.85,10917.28,2,On Time,No,N/A,800000,1.1628,Compliant
MA-010362,Colonial Hospitality Associates,2022,Income,Professional Services,Boston,255698.65,114313.99,141384.66,7907.14,10384.11,2476.97,6,Late,No,N/A,500000,0.5114,Compliant
MA-010363,Coastal Retail Holdings,2025,Sales/Use,Construction,Fall River,855690.44,243883.52,611806.92,38237.93,41442.43,3204.5,9,On Time,No,N/A,800000,1.0696,Compliant
MA-010364,Commonwealth Hospitality LLC,2023,Meals,Healthcare,Chelsea,1212947.57,315476.75,897470.81,62822.96,55303.42,0.0,16,On Time,No,N/A,1200000,1.0108,Compliant
MA-010365,Liberty Construction Co,2022,Corporate,Professional Services,Boston,417319.46,156567.69,260751.77,18137.74,20921.17,2783.43,1,Late,No,N/A,500000,0.8346,Compliant
MA-010366,Commonwealth Healthcare Solutions,2022,Sales/Use,Healthcare,Boston,822930.05,136468.37,686461.68,42903.85,62422.11,19518.25,11,On Time,No,N/A,1200000,0.6858,Underpaid
MA-010367,Pioneer Healthcare Solutions,2024,Corporate,Construction,Cambridge,0.0,0.0,0.0,0.0,40484.0,40484.0,3,Not Filed,No,N/A,800000,0.0,Non-Filer
MA-010368,Valley Manufacturing Group,2025,Income,Retail,Fall River,845346.25,331941.04,513405.21,48107.19,59850.54,11743.34,12,On Time,Yes,Compliant,600000,1.4089,Compliant
MA-010369,Eastern Real Estate Associates,2024,Income,Hospitality,Worcester,365934.34,74059.31,291875.03,26684.36,28534.03,1849.67,9,Amended,No,N/A,350000,1.0455,Compliant
MA-010370,Coastal Restaurant Co,2025,Sales/Use,Manufacturing,Worcester,823116.59,144309.16,678807.43,42425.46,119696.53,77271.07,34,Late,No,N/A,1500000,0.5487,Suspicious
MA-010371,Eastern Retail Partners,2025,Special Fuels,Restaurant,Cambridge,104353.48,33740.32,70613.16,16947.16,28443.56,11496.4,1,On Time,Yes,Underpaid,450000,0.2319,Underpaid
MA-010372,Harbor Auto Repair Holdings,2025,Corporate,Manufacturing,Boston,625548.89,137682.31,487866.58,47735.65,89705.26,41969.61,14,On Time,No,N/A,1500000,0.417,Suspicious
MA-010373,Federal Hospitality Co,2025,Income,Healthcare,Springfield,0.0,0.0,0.0,0.0,49579.9,49579.9,13,Not Filed,No,N/A,1200000,0.0,Non-Filer
MA-010374,Commonwealth Real Estate LLC,2024,Rooms Occupancy,Real Estate,Springfield,467879.38,152179.2,315700.19,18152.76,32535.04,14382.28,5,On Time,No,N/A,700000,0.6684,Underpaid
MA-010375,Patriot Manufacturing Inc,2024,Meals,Retail,Lowell,479970.87,168873.22,311097.65,21776.84,22860.81,1083.97,1,On Time,Yes,Compliant,600000,0.8,Compliant
MA-010376,Patriot Hospitality Ventures,2024,Income,Restaurant,Springfield,298803.37,128949.09,169854.29,16299.62,20414.67,4115.05,1,On Time,No,N/A,450000,0.664,Compliant
MA-010377,Atlantic Healthcare Co,2023,Income,Professional Services,New Bedford,136165.81,59933.33,76232.48,8592.93,25989.35,17396.42,9,On Time,No,N/A,500000,0.2723,Suspicious
MA-010378,Southern Retail Corp,2024,Sales/Use,Construction,Lynn,247783.27,61207.73,186575.54,11660.97,26325.93,14664.96,19,On Time,Yes,Fraud,800000,0.3097,Suspicious
MA-010379,Coastal Healthcare Inc,2024,Income,Construction,Worcester,988625.15,329301.71,659323.44,41201.75,44524.96,3323.21,12,On Time,Yes,Compliant,800000,1.2358,Compliant
MA-010380,Summit Construction Holdings,2024,Rooms Occupancy,Retail,Lowell,438074.85,167857.64,270217.21,15537.49,20842.12,5304.63,8,On Time,No,N/A,600000,0.7301,Compliant
MA-010381,Beacon Restaurant LLC,2025,Income,Professional Services,Boston,392077.69,59247.3,332830.39,33127.41,27451.59,0.0,5,On Time,No,N/A,500000,0.7842,Compliant
MA-010382,Harbor Construction Holdings,2022,Meals,Construction,New Bedford,1597702.01,613436.04,984265.98,68898.62,90636.8,21738.18,19,On Time,No,N/A,800000,1.9971,Compliant
MA-010383,Atlantic Hospitality Solutions,2022,Corporate,Real Estate,Worcester,974024.62,395456.55,578568.07,42700.87,49679.05,6978.18,8,Not Filed,No,N/A,700000,1.3915,Compliant
MA-010384,Central Hospitality Enterprise,2025,Sales/Use,Retail,Boston,485632.24,164719.23,320913.01,20057.06,28840.21,8783.15,16,On Time,Yes,Fraud,600000,0.8094,Underpaid
MA-010385,Federal Auto Repair Group,2023,Income,Professional Services,Boston,287658.06,86270.16,201387.9,23672.5,31293.15,7620.65,13,On Time,No,N/A,500000,0.5753,Underpaid
MA-010386,Valley Manufacturing Inc,2022,Corporate,Restaurant,Worcester,417230.5,119958.4,297272.1,28973.76,36597.56,7623.81,4,On Time,Yes,Fraud,450000,0.9272,Underpaid
MA-010387,Metro Retail Group,2022,Income,Auto Repair,Boston,353893.95,121964.57,231929.38,11829.69,13403.9,1574.21,9,Amended,No,N/A,300000,1.1796,Compliant
MA-010388,Bay State Professional Services Partners,2022,Sales/Use,Manufacturing,Boston,1831844.21,309459.0,1522385.21,95149.08,91617.28,0.0,14,On Time,No,N/A,1500000,1.2212,Compliant
MA-010389,Commonwealth Healthcare Solutions,2022,Corporate,Hospitality,New Bedford,271582.94,105355.31,166227.64,17203.89,19888.42,2684.53,2,On Time,No,N/A,350000,0.776,Compliant
MA-010390,Pioneer Retail Services,2024,Corporate,Restaurant,Boston,442432.81,84067.22,358365.59,37762.29,33458.66,0.0,8,On Time,No,N/A,450000,0.9832,Compliant
MA-010391,Coastal Healthcare Inc,2022,Income,Restaurant,Quincy,347061.75,81600.97,265460.77,26159.9,32483.64,6323.75,1,Amended,No,N/A,450000,0.7712,Underpaid
MA-010392,Commonwealth Retail Group,2025,Income,Restaurant,Boston,516748.1,169948.94,346799.16,34750.63,36966.2,2215.57,9,On Time,Yes,Underpaid,450000,1.1483,Compliant
MA-010393,Federal Professional Services Co,2023,Sales/Use,Retail,Springfield,0.0,0.0,0.0,0.0,30144.92,30144.92,14,Not Filed,No,N/A,600000,0.0,Non-Filer
MA-010394,Colonial Hospitality Co,2023,Sales/Use,Construction,Springfield,1013338.28,408511.63,604826.65,37801.67,43825.39,6023.72,15,On Time,No,N/A,800000,1.2667,Compliant
MA-010395,Central Construction LLC,2024,Income,Restaurant,Lynn,444609.06,185412.6,259196.47,21181.62,29776.91,8595.29,1,On Time,Yes,Compliant,450000,0.988,Compliant
MA-010396,Central Healthcare Services,2022,Corporate,Restaurant,Boston,505490.01,105963.55,399526.45,38905.76,39318.71,412.95,7,Late,No,N/A,450000,1.1233,Compliant
MA-010397,Atlantic Healthcare Co,2023,Sales/Use,Retail,Boston,659883.49,109739.82,550143.67,34383.98,31195.61,0.0,1,Amended,No,N/A,600000,1.0998,Compliant
MA-010398,Liberty Hospitality Holdings,2025,Corporate,Healthcare,Boston,749899.66,188050.39,561849.27,29354.73,29526.75,172.02,14,On Time,No,N/A,1200000,0.6249,Compliant
MA-010399,Valley Retail Ventures,2024,Corporate,Restaurant,Springfield,456924.54,155993.93,300930.61,27928.46,33629.92,5701.46,8,Amended,No,N/A,450000,1.0154,Compliant
MA-010400,Patriot Manufacturing Associates,2025,Meals,Hospitality,Boston,223966.56,82644.85,141321.71,9892.52,17384.89,7492.37,4,On Time,No,N/A,350000,0.6399,Underpaid
MA-010401,Pioneer Retail Holdings,2023,Rooms Occupancy,Retail,Chelsea,751757.27,336322.71,415434.56,23887.49,31852.86,7965.37,7,Amended,No,N/A,600000,1.2529,Compliant
MA-010402,Valley Hospitality Associates,2022,Meals,Construction,Springfield,849812.31,304188.58,545623.74,38193.66,44597.48,6403.82,8,On Time,No,N/A,800000,1.0623,Compliant
MA-010403,Atlantic Retail Group,2022,Special Fuels,Retail,Boston,511011.55,164093.09,346918.47,83260.43,90297.68,7037.25,4,On Time,No,N/A,600000,0.8517,Compliant
MA-010404,Northern Restaurant Corp,2023,Sales/Use,Construction,Boston,477006.61,161319.58,315687.03,19730.44,41870.86,22140.42,8,On Time,No,N/A,800000,0.5963,Underpaid
MA-010405,Commonwealth Healthcare Solutions,2023,Meals,Healthcare,Worcester,801321.83,133374.81,667947.02,46756.29,78757.85,32001.56,16,On Time,No,N/A,1200000,0.6678,Suspicious
MA-010406,Patriot Healthcare Group,2022,Corporate,Hospitality,Boston,334286.56,106379.16,227907.4,23736.62,28055.11,4318.49,1,On Time,No,N/A,350000,0.9551,Compliant
MA-010407,Northern Healthcare Group,2023,Sales/Use,Healthcare,Lowell,1752591.64,403459.49,1349132.15,84320.76,79373.51,0.0,23,Late,No,N/A,1200000,1.4605,Compliant
MA-010408,Coastal Healthcare Solutions,2022,Corporate,Restaurant,Worcester,429304.74,102036.85,327267.89,30588.61,39004.31,8415.7,1,Late,No,N/A,450000,0.954,Underpaid
MA-010409,Summit Restaurant Inc,2025,Income,Manufacturing,Lynn,549700.49,240212.56,309487.93,17843.7,74856.76,57013.06,24,On Time,No,N/A,1500000,0.3665,Suspicious
MA-010410,Southern Manufacturing Co,2022,Corporate,Construction,Quincy,684089.93,199871.56,484218.37,38451.34,46002.23,7550.89,15,On Time,Yes,Underpaid,800000,0.8551,Underpaid
MA-010411,Commonwealth Retail Group,2024,Meals,Restaurant,Fall River,292729.31,86602.36,206126.95,14428.89,18686.63,4257.75,11,On Time,No,N/A,450000,0.6505,Underpaid
MA-010412,Federal Real Estate Corp,2024,Sales/Use,Healthcare,Springfield,2092408.19,494737.13,1597671.06,99854.44,90200.13,0.0,24,Late,Yes,Compliant,1200000,1.7437,Compliant
MA-010413,Federal Hospitality Holdings,2024,Income,Real Estate,Chelsea,446093.56,156091.16,290002.39,17615.89,28690.78,11074.89,14,Not Filed,Yes,Underpaid,700000,0.6373,Underpaid
MA-010414,Atlantic Manufacturing Corp,2022,Income,Restaurant,Worcester,678205.89,211573.1,466632.8,28642.78,33297.5,4654.72,5,On Time,No,N/A,450000,1.5071,Compliant
MA-010415,Atlantic Hospitality Holdings,2025,Income,Construction,Cambridge,0.0,0.0,0.0,0.0,41528.8,41528.8,7,Not Filed,No,N/A,800000,0.0,Non-Filer
MA-010416,Beacon Real Estate Ventures,2023,Meals,Hospitality,Somerville,66335.95,12185.56,54150.39,3790.53,9960.48,6169.95,1,Late,Yes,Fraud,350000,0.1895,Suspicious
MA-010417,Valley Auto Repair Associates,2023,Sales/Use,Restaurant,Boston,302616.7,63109.18,239507.53,14969.22,13934.46,0.0,1,On Time,No,N/A,450000,0.6725,Compliant
MA-010418,Patriot Manufacturing Inc,2025,Income,Manufacturing,Boston,1484405.24,309253.58,1175151.66,84896.54,78082.76,0.0,19,On Time,No,N/A,1500000,0.9896,Compliant
MA-010419,Northern Restaurant Corp,2025,Income,Auto Repair,Worcester,447993.14,108605.01,339388.13,27555.03,27258.26,0.0,1,On Time,No,N/A,300000,1.4933,Compliant
MA-010420,Atlantic Professional Services Enterprise,2025,Corporate,Hospitality,New Bedford,383537.64,141364.94,242172.7,19130.09,25252.44,6122.35,4,On Time,No,N/A,350000,1.0958,Underpaid
MA-010421,Atlantic Real Estate Inc,2024,Special Fuels,Restaurant,Worcester,437082.37,66430.25,370652.12,88956.51,76715.7,0.0,8,Not Filed,No,N/A,450000,0.9713,Compliant
MA-010422,Eastern Professional Services Holdings,2023,Sales/Use,Restaurant,Springfield,283108.54,46053.23,237055.31,14815.96,12051.25,0.0,5,On Time,No,N/A,450000,0.6291,Compliant
MA-010423,Valley Professional Services LLC,2022,Corporate,Retail,Chelsea,642191.67,218966.97,423224.7,24840.07,26643.62,1803.55,10,On Time,No,N/A,600000,1.0703,Compliant
MA-010424,Eastern Construction Ventures,2022,Sales/Use,Restaurant,Quincy,516594.79,170304.46,346290.33,21643.15,23979.52,2336.38,18,Late,No,N/A,450000,1.148,Compliant
MA-010425,Patriot Auto Repair Associates,2022,Sales/Use,Construction,Worcester,629694.44,125217.37,504477.08,31529.82,31890.84,361.03,4,On Time,No,N/A,800000,0.7871,Compliant
MA-010426,Beacon Real Estate Services,2024,Income,Hospitality,Boston,98198.32,23268.77,74929.56,6524.33,15882.13,9357.8,1,On Time,No,N/A,350000,0.2806,Suspicious
MA-010427,Bay State Real Estate LLC,2023,Income,Manufacturing,Boston,1222060.9,476558.73,745502.17,51441.24,57907.12,6465.89,20,On Time,No,N/A,1500000,0.8147,Compliant
MA-010428,Eastern Restaurant Group,2023,Income,Healthcare,Worcester,1191057.75,507714.82,683342.93,41965.48,87568.76,45603.27,19,On Time,No,N/A,1200000,0.9925,Underpaid
MA-010429,Summit Restaurant LLC,2022,Sales/Use,Hospitality,Fall River,258092.19,110211.28,147880.91,9242.56,11788.29,2545.73,5,On Time,No,N/A,350000,0.7374,Compliant
MA-010430,Southern Retail Solutions,2024,Rooms Occupancy,Retail,Brockton,504955.54,109427.58,395527.96,22742.86,19103.25,0.0,9,Late,Yes,Compliant,600000,0.8416,Compliant
MA-010431,Atlantic Restaurant Inc,2022,Income,Restaurant,Boston,477135.32,99676.1,377459.22,19739.41,18040.64,0.0,1,On Time,No,N/A,450000,1.0603,Compliant
MA-010432,Bay State Manufacturing Solutions,2024,Income,Construction,Quincy,1216689.6,402161.65,814527.95,74229.73,93322.81,19093.08,24,On Time,No,N/A,800000,1.5209,Compliant
MA-010433,Valley Manufacturing Group,2024,Sales/Use,Restaurant,Boston,358104.41,131985.19,226119.22,14132.45,17940.69,3808.24,2,On Time,No,N/A,450000,0.7958,Compliant
MA-010434,Patriot Restaurant Co,2023,Income,Restaurant,Chelsea,512676.83,159513.22,353163.62,41726.49,48349.56,6623.07,7,On Time,No,N/A,450000,1.1393,Compliant
MA-010435,Atlantic Retail Co,2023,Corporate,Construction,New Bedford,1030955.93,458146.85,572809.08,45645.11,59392.62,13747.51,22,On Time,No,N/A,800000,1.2887,Compliant
MA-010436,Eastern Professional Services Partners,2023,Corporate,Manufacturing,Worcester,1012261.52,164171.17,848090.35,61883.52,85163.11,23279.59,13,Late,No,N/A,1500000,0.6748,Underpaid
MA-010437,Patriot Professional Services LLC,2025,Special Fuels,Healthcare,Worcester,671309.68,138716.41,532593.27,127822.39,130081.52,2259.13,4,On Time,No,N/A,1200000,0.5594,Compliant
MA-010438,Pilgrim Manufacturing Services,2025,Income,Construction,Lowell,802588.2,140855.65,661732.55,39727.6,36516.67,0.0,18,On Time,No,N/A,800000,1.0032,Compliant
MA-010439,Harbor Healthcare Associates,2022,Special Fuels,Restaurant,Lynn,375894.25,168099.31,207794.94,49870.79,73766.94,23896.15,5,Not Filed,No,N/A,450000,0.8353,Compliant
MA-010440,Commonwealth Hospitality Ventures,2024,Sales/Use,Professional Services,Worcester,492085.15,144056.89,348028.26,21751.77,22657.96,906.19,12,Late,No,N/A,500000,0.9842,Compliant
MA-010441,Valley Manufacturing Services,2022,Meals,Construction,Worcester,1578080.96,300439.02,1277641.94,89434.94,90533.08,1098.15,16,On Time,Yes,Compliant,800000,1.9726,Compliant
MA-010442,Patriot Auto Repair Ventures,2024,Corporate,Professional Services,Somerville,422617.39,147207.85,275409.53,23794.4,26745.68,2951.28,10,On Time,No,N/A,500000,0.8452,Compliant
MA-010443,Harbor Construction Holdings,2024,Corporate,Retail,Cambridge,0.0,0.0,0.0,0.0,39356.95,39356.95,18,Not Filed,No,N/A,600000,0.0,Non-Filer
MA-010444,Metro Healthcare Ventures,2022,Corporate,Retail,Springfield,244361.81,88414.44,155947.37,13162.51,49797.09,36634.58,7,On Time,No,N/A,600000,0.4073,Suspicious
MA-010445,Beacon Hospitality LLC,2025,Sales/Use,Construction,Boston,933783.24,213852.51,719930.73,44995.67,44693.97,0.0,17,On Time,No,N/A,800000,1.1672,Compliant
MA-010446,Atlantic Construction Group,2022,Income,Professional Services,Fall River,639034.35,251054.89,387979.46,35258.68,41023.33,5764.65,10,On Time,No,N/A,500000,1.2781,Compliant
MA-010447,Harbor Professional Services Corp,2025,Special Fuels,Construction,Springfield,1090280.02,265624.77,824655.25,197917.26,223914.01,25996.75,19,On Time,No,N/A,800000,1.3629,Compliant
MA-010448,Metro Professional Services LLC,2024,Income,Hospitality,Boston,216874.8,91179.15,125695.66,8630.68,25177.26,16546.57,9,On Time,No,N/A,350000,0.6196,Suspicious
MA-010449,Federal Auto Repair Group,2022,Corporate,Real Estate,Springfield,428363.46,128864.82,299498.64,31011.07,53302.94,22291.87,8,On Time,No,N/A,700000,0.6119,Underpaid
MA-010450,Pioneer Retail Group,2022,Corporate,Retail,Springfield,824250.31,265454.93,558795.38,59412.36,64858.23,5445.86,6,On Time,No,N/A,600000,1.3738,Compliant
MA-010451,Summit Real Estate Associates,2024,Sales/Use,Professional Services,Chelsea,562232.76,142916.73,419316.03,26207.25,29545.21,3337.96,5,On Time,No,N/A,500000,1.1245,Compliant
MA-010452,Eastern Professional Services Holdings,2024,Sales/Use,Construction,Worcester,809866.24,284642.13,525224.11,32826.51,37423.47,4596.97,16,On Time,No,N/A,800000,1.0123,Compliant
MA-010453,Harbor Auto Repair LLC,2025,Income,Healthcare,Cambridge,1061271.35,244496.53,816774.82,77311.69,83150.75,5839.06,16,On Time,No,N/A,1200000,0.8844,Underpaid
MA-010454,Pilgrim Professional Services Holdings,2022,Sales/Use,Auto Repair,Lynn,159756.15,59737.62,100018.52,6251.16,7143.79,892.63,5,On Time,No,N/A,300000,0.5325,Compliant
MA-010455,Coastal Professional Services Corp,2023,Rooms Occupancy,Construction,Quincy,959919.38,341785.51,618133.87,35542.7,45866.18,10323.48,23,On Time,No,N/A,800000,1.1999,Compliant
MA-010456,Metro Hospitality Ventures,2024,Meals,Restaurant,Boston,0.0,0.0,0.0,0.0,18907.81,18907.81,6,Not Filed,No,N/A,450000,0.0,Non-Filer
MA-010457,Commonwealth Healthcare Group,2024,Meals,Retail,Boston,620127.48,227426.92,392700.57,27489.04,31550.69,4061.65,16,On Time,Yes,Underpaid,600000,1.0335,Compliant
MA-010458,Harbor Healthcare Associates,2025,Income,Retail,Worcester,214406.99,86179.42,128227.57,13975.85,50831.34,36855.49,8,On Time,No,N/A,600000,0.3573,Suspicious
MA-010459,Atlantic Construction Inc,2024,Sales/Use,Construction,Boston,945262.6,370548.78,574713.83,35919.61,48144.85,12225.23,13,Amended,No,N/A,800000,1.1816,Compliant
MA-010460,Beacon Construction LLC,2025,Income,Construction,New Bedford,697370.1,196548.62,500821.48,33956.41,33062.16,0.0,9,On Time,No,N/A,800000,0.8717,Compliant
MA-010461,Beacon Hospitality LLC,2025,Corporate,Retail,Lynn,0.0,0.0,0.0,0.0,73209.85,73209.85,5,Not Filed,No,N/A,600000,0.0,Non-Filer
MA-010462,Colonial Retail Associates,2022,Special Fuels,Manufacturing,Boston,716204.29,276913.81,439290.48,105429.72,301541.38,196111.66,16,On Time,No,N/A,1500000,0.4775,Suspicious
MA-010463,Valley Auto Repair Inc,2022,Corporate,Retail,Somerville,307531.57,130066.4,177465.17,13755.02,42555.84,28800.82,2,Amended,No,N/A,600000,0.5126,Suspicious
MA-010464,Harbor Restaurant Inc,2023,Income,Restaurant,Brockton,380056.36,144429.88,235626.48,18482.59,24218.91,5736.31,6,Amended,No,N/A,450000,0.8446,Compliant
MA-010465,Northern Real Estate Co,2025,Corporate,Manufacturing,Lynn,1132415.22,449931.51,682483.71,67493.38,169027.17,101533.8,28,Late,No,N/A,1500000,0.7549,Suspicious
MA-010466,Pilgrim Professional Services Corp,2025,Sales/Use,Healthcare,Brockton,991766.81,336255.46,655511.34,40969.46,42282.59,1313.13,21,On Time,Yes,Compliant,1200000,0.8265,Compliant
MA-010467,Commonwealth Real Estate Enterprise,2023,Income,Healthcare,Worcester,0.0,0.0,0.0,0.0,43697.36,43697.36,1,Not Filed,No,N/A,1200000,0.0,Non-Filer
MA-010468,Patriot Healthcare Associates,2023,Corporate,Manufacturing,Worcester,1690350.94,396453.55,1293897.38,72339.12,74667.91,2328.79,18,On Time,No,N/A,1500000,1.1269,Compliant
MA-010469,Central Real Estate Holdings,2022,Sales/Use,Retail,Brockton,400764.76,169144.14,231620.62,14476.29,16205.47,1729.18,8,Amended,No,N/A,600000,0.6679,Compliant
MA-010470,Harbor Construction Partners,2025,Corporate,Professional Services,Boston,536700.52,233020.9,303679.61,17678.57,22362.32,4683.75,3,On Time,No,N/A,500000,1.0734,Compliant
MA-010471,Patriot Real Estate Corp,2022,Sales/Use,Auto Repair,Springfield,178193.77,68539.84,109653.93,6853.37,8516.87,1663.5,6,Late,No,N/A,300000,0.594,Compliant
MA-010472,Pilgrim Retail Services,2024,Sales/Use,Restaurant,Brockton,542521.6,105131.38,437390.21,27336.89,27101.42,0.0,6,On Time,No,N/A,450000,1.2056,Compliant
MA-010473,Metro Professional Services Associates,2025,Corporate,Healthcare,Quincy,1904388.3,681594.03,1222794.27,119931.26,134494.12,14562.86,18,On Time,No,N/A,1200000,1.587,Compliant
MA-010474,Pilgrim Real Estate Group,2022,Income,Professional Services,Worcester,234607.12,105343.72,129263.4,14962.57,17130.42,2167.86,1,On Time,No,N/A,500000,0.4692,Compliant
MA-010475,Harbor Auto Repair Holdings,2025,Income,Professional Services,Boston,289997.2,121122.49,168874.71,8929.88,21171.72,12241.84,7,Not Filed,No,N/A,500000,0.58,Underpaid
MA-010476,Federal Healthcare Co,2022,Corporate,Construction,Worcester,710195.62,173274.16,536921.47,63623.13,64679.56,1056.43,10,Late,No,N/A,800000,0.8877,Compliant
MA-010477,Pilgrim Construction Group,2024,Corporate,Retail,Worcester,141657.41,39767.85,101889.56,6271.19,15122.73,8851.54,11,Late,No,N/A,600000,0.2361,Suspicious
MA-010478,Pioneer Auto Repair Enterprise,2025,Rooms Occupancy,Real Estate,Chelsea,657932.86,191507.32,466425.54,26819.47,31930.73,5111.26,14,On Time,No,N/A,700000,0.9399,Compliant
MA-010479,Central Hospitality Inc,2025,Corporate,Restaurant,Quincy,499290.84,91743.33,407547.51,40911.04,41292.78,381.75,8,Not Filed,No,N/A,450000,1.1095,Compliant
MA-010480,Southern Auto Repair Services,2024,Meals,Retail,Worcester,719918.35,317835.46,402082.89,28145.8,37222.52,9076.72,11,Amended,No,N/A,600000,1.1999,Compliant
MA-010481,Liberty Retail Inc,2022,Meals,Construction,Boston,748774.33,200859.42,547914.91,38354.04,50867.23,12513.19,19,On Time,No,N/A,800000,0.936,Underpaid
MA-010482,Federal Healthcare Group,2025,Income,Hospitality,Boston,379485.38,94426.62,285058.76,15127.87,14384.12,0.0,8,On Time,No,N/A,350000,1.0842,Compliant
MA-010483,Bay State Manufacturing Corp,2023,Rooms Occupancy,Auto Repair,Somerville,184768.67,71957.07,112811.6,6486.67,11734.56,5247.9,10,Amended,No,N/A,300000,0.6159,Underpaid
MA-010484,Metro Retail Services,2023,Income,Healthcare,Boston,962191.62,191362.79,770828.83,80601.31,77070.32,0.0,20,Amended,No,N/A,1200000,0.8018,Compliant
MA-010485,Valley Auto Repair Solutions,2025,Corporate,Professional Services,Boston,501885.97,95050.18,406835.79,39294.81,32535.47,0.0,1,Late,No,N/A,500000,1.0038,Compliant
MA-010486,Beacon Professional Services Holdings,2025,Corporate,Construction,Quincy,615543.02,172494.71,443048.31,35364.65,56344.64,20980.0,7,Late,No,N/A,800000,0.7694,Underpaid
MA-010487,Eastern Professional Services Partners,2023,Sales/Use,Construction,Boston,1008418.69,292911.09,715507.6,44719.22,54856.31,10137.08,9,On Time,No,N/A,800000,1.2605,Compliant
MA-010488,Commonwealth Real Estate Enterprise,2024,Sales/Use,Retail,Somerville,487662.93,84346.06,403316.87,25207.3,26846.39,1639.09,1,On Time,Yes,Compliant,600000,0.8128,Compliant
MA-010489,Cape Real Estate Ventures,2024,Sales/Use,Restaurant,Lowell,382285.69,70409.63,311876.06,19492.25,17141.62,0.0,1,On Time,No,N/A,450000,0.8495,Compliant
MA-010490,Pioneer Real Estate Enterprise,2024,Income,Restaurant,Springfield,216031.14,72833.41,143197.73,9816.95,9562.31,0.0,6,On Time,No,N/A,450000,0.4801,Compliant
MA-010491,Pilgrim Manufacturing Services,2024,Sales/Use,Restaurant,Boston,539808.56,99866.46,439942.1,27496.38,28949.05,1452.67,9,On Time,No,N/A,450000,1.1996,Compliant
MA-010492,Northern Professional Services LLC,2025,Special Fuels,Professional Services,Quincy,0.0,0.0,0.0,0.0,55950.77,55950.77,3,Not Filed,No,N/A,500000,0.0,Non-Filer
MA-010493,Summit Auto Repair Services,2022,Income,Construction,Worcester,836510.02,341048.15,495461.86,32029.66,37200.05,5170.39,4,On Time,No,N/A,800000,1.0456,Compliant
MA-010494,Summit Restaurant Inc,2023,Meals,Construction,Lowell,1247765.47,195331.51,1052433.97,73670.38,71526.44,0.0,20,On Time,No,N/A,800000,1.5597,Compliant
MA-010495,Commonwealth Manufacturing Ventures,2025,Corporate,Professional Services,Somerville,475388.64,127175.98,348212.67,25548.19,28008.28,2460.09,5,On Time,No,N/A,500000,0.9508,Compliant
MA-010496,Metro Hospitality Corp,2024,Corporate,Construction,Springfield,870367.12,290222.69,580144.43,56568.0,57748.99,1180.99,1,On Time,No,N/A,800000,1.088,Compliant
MA-010497,Pioneer Retail Services,2024,Corporate,Professional Services,Cambridge,170879.86,49897.16,120982.7,10239.4,25529.42,15290.03,2,On Time,No,N/A,500000,0.3418,Suspicious
MA-010498,Coastal Healthcare Solutions,2023,Income,Professional Services,Boston,310747.05,131359.32,179387.73,13228.18,17200.23,3972.05,2,On Time,No,N/A,500000,0.6215,Compliant
MA-010499,Summit Restaurant LLC,2025,Income,Professional Services,Boston,634468.52,246676.16,387792.36,41099.34,59449.77,18350.43,13,Late,No,N/A,500000,1.2689,Underpaid
MA-010500,Southern Retail Solutions,2023,Sales/Use,Retail,New Bedford,466377.53,128158.36,338219.18,21138.7,19772.02,0.0,8,On Time,No,N/A,600000,0.7773,Compliant
MA-010501,Central Hospitality Inc,2024,Income,Retail,Boston,911499.08,274401.03,637098.05,67836.35,73304.98,5468.64,15,On Time,Yes,Compliant,600000,1.5192,Compliant
MA-010502,Southern Retail Corp,2024,Special Fuels,Healthcare,Cambridge,404173.95,78956.8,325217.15,78052.12,209123.89,131071.77,12,On Time,No,N/A,1200000,0.3368,Suspicious
MA-010503,Metro Restaurant LLC,2025,Rooms Occupancy,Professional Services,New Bedford,527071.7,202656.81,324414.89,18653.86,26193.45,7539.59,9,Not Filed,No,N/A,500000,1.0541,Underpaid
MA-010504,Valley Healthcare Enterprise,2023,Corporate,Restaurant,Chelsea,576194.81,212330.54,363864.26,36230.49,40585.03,4354.55,10,On Time,No,N/A,450000,1.2804,Compliant
MA-010505,Valley Manufacturing Services,2023,Corporate,Hospitality,Boston,471936.47,179670.91,292265.56,19632.1,22001.05,2368.95,3,Late,No,N/A,350000,1.3484,Compliant
MA-010506,Beacon Real Estate Services,2025,Corporate,Construction,Boston,1225481.89,378545.33,846936.56,89017.35,103312.94,14295.58,15,On Time,No,N/A,800000,1.5319,Compliant
MA-010507,Coastal Hospitality Solutions,2024,Special Fuels,Auto Repair,Quincy,388403.48,118542.53,269860.95,64766.63,101840.24,37073.61,2,On Time,No,N/A,300000,1.2947,Underpaid
MA-010508,Pilgrim Retail Ventures,2025,Corporate,Construction,Fall River,390010.05,125726.44,264283.61,31302.1,102307.67,71005.57,17,On Time,No,N/A,800000,0.4875,Suspicious
MA-010509,Harbor Retail Group,2024,Corporate,Hospitality,Somerville,68601.88,16048.33,52553.55,4569.29,15738.35,11169.06,1,Late,No,N/A,350000,0.196,Suspicious
MA-010510,Colonial Construction Ventures,2025,Corporate,Construction,Boston,524139.9,200546.46,323593.44,36135.11,65487.43,29352.33,10,On Time,No,N/A,800000,0.6552,Underpaid
MA-010511,Harbor Auto Repair LLC,2024,Rooms Occupancy,Construction,New Bedford,958892.17,361611.56,597280.61,34343.63,45005.17,10661.53,9,On Time,Yes,Compliant,800000,1.1986,Compliant
MA-010512,Valley Healthcare Ventures,2025,Meals,Healthcare,Boston,1175139.37,397310.93,777828.44,54447.99,64913.55,10465.56,25,On Time,Yes,Compliant,1200000,0.9793,Compliant
MA-010513,Pioneer Professional Services Services,2025,Sales/Use,Restaurant,Worcester,600421.64,191942.29,408479.35,25529.96,29745.06,4215.1,11,Not Filed,No,N/A,450000,1.3343,Underpaid
MA-010514,Bay State Manufacturing Solutions,2024,Corporate,Healthcare,Chelsea,913503.51,332794.17,580709.35,50159.74,84021.72,33861.98,15,Late,No,N/A,1200000,0.7613,Underpaid
MA-010515,Metro Healthcare Corp,2022,Corporate,Healthcare,Brockton,830508.06,140071.91,690436.15,77463.93,122396.5,44932.57,12,Late,No,N/A,1200000,0.6921,Underpaid
MA-010516,Liberty Restaurant Co,2025,Sales/Use,Retail,Cambridge,575759.59,205376.53,370383.06,23148.94,22641.59,0.0,1,On Time,No,N/A,600000,0.9596,Compliant
MA-010517,Commonwealth Hospitality LLC,2025,Corporate,Construction,Boston,0.0,0.0,0.0,0.0,56928.58,56928.58,14,Not Filed,No,N/A,800000,0.0,Non-Filer
MA-010518,Metro Construction Inc,2022,Sales/Use,Restaurant,Boston,372598.61,88260.11,284338.51,17771.16,17588.86,0.0,12,Amended,Yes,Compliant,450000,0.828,Compliant
MA-010519,Liberty Construction Co,2023,Income,Retail,Worcester,370347.31,89457.09,280890.22,19618.43,20158.79,540.36,1,Late,No,N/A,600000,0.6172,Compliant
MA-010520,Summit Restaurant LLC,2022,Income,Restaurant,Cambridge,481364.28,120989.45,360374.82,27536.74,25246.12,0.0,11,On Time,No,N/A,450000,1.0697,Compliant
MA-010521,Bay State Manufacturing Solutions,2025,Sales/Use,Restaurant,Boston,244195.32,95222.37,148972.95,9310.81,31489.15,22178.34,6,On Time,No,N/A,450000,0.5427,Suspicious
MA-010522,Valley Auto Repair Solutions,2025,Corporate,Retail,Springfield,788459.16,124135.98,664323.18,62517.89,53405.35,0.0,10,On Time,No,N/A,600000,1.3141,Compliant
MA-010523,Coastal Retail Ventures,2022,Income,Professional Services,Lowell,328620.18,51133.04,277487.14,26660.36,33503.04,6842.68,10,On Time,No,N/A,500000,0.6572,Underpaid
MA-010524,Metro Professional Services Associates,2025,Meals,Retail,Boston,723291.26,118254.57,605036.69,42352.57,34647.66,0.0,1,Late,Yes,Compliant,600000,1.2055,Compliant
MA-010525,Beacon Professional Services Holdings,2024,Corporate,Construction,Brockton,1201715.15,232183.72,969531.44,65820.34,70213.11,4392.77,22,On Time,No,N/A,800000,1.5021,Compliant
MA-010526,Coastal Restaurant Co,2024,Sales/Use,Construction,Boston,605591.85,148983.13,456608.73,28538.05,29370.29,832.25,9,On Time,No,N/A,800000,0.757,Compliant
MA-010527,Cape Real Estate Enterprise,2023,Income,Retail,Brockton,698315.44,262368.98,435946.46,33547.57,44471.47,10923.9,10,Late,Yes,Compliant,600000,1.1639,Compliant
MA-010528,Liberty Professional Services Co,2023,Corporate,Construction,Cambridge,0.0,0.0,0.0,0.0,31552.33,31552.33,4,Not Filed,No,N/A,800000,0.0,Non-Filer
MA-010529,Liberty Construction Co,2023,Income,Retail,Springfield,0.0,0.0,0.0,0.0,39891.42,39891.42,13,Not Filed,No,N/A,600000,0.0,Non-Filer
MA-010530,Pioneer Hospitality Ventures,2024,Corporate,Construction,Boston,1004830.22,296079.13,708751.09,65099.31,60338.52,0.0,10,Not Filed,No,N/A,800000,1.256,Compliant
MA-010531,Bay State Construction LLC,2024,Sales/Use,Retail,Lowell,721898.25,127714.29,594183.96,37136.5,33488.64,0.0,1,On Time,No,N/A,600000,1.2032,Compliant
MA-010532,Federal Hospitality Corp,2023,Rooms Occupancy,Professional Services,Somerville,576150.78,249831.97,326318.82,18763.33,29381.14,10617.81,1,On Time,No,N/A,500000,1.1523,Underpaid
MA-010533,Colonial Professional Services Services,2024,Sales/Use,Professional Services,Worcester,0.0,0.0,0.0,0.0,18129.42,18129.42,1,Not Filed,Yes,Compliant,500000,0.0,Non-Filer
MA-010534,Coastal Professional Services Corp,2023,Income,Healthcare,Boston,475233.4,127285.24,347948.16,19373.9,25624.2,6250.3,14,On Time,No,N/A,1200000,0.396,Underpaid
MA-010535,Pilgrim Manufacturing Services,2025,Meals,Healthcare,Quincy,0.0,0.0,0.0,0.0,51741.6,51741.6,14,Not Filed,No,N/A,1200000,0.0,Non-Filer
MA-010536,Eastern Hospitality Solutions,2022,Special Fuels,Hospitality,Brockton,327473.5,122129.06,205344.44,49282.67,57714.88,8432.22,6,On Time,No,N/A,350000,0.9356,Compliant
MA-010537,Atlantic Construction Associates,2024,Meals,Professional Services,Boston,0.0,0.0,0.0,0.0,30308.07,30308.07,1,Not Filed,No,N/A,500000,0.0,Non-Filer
MA-010538,Colonial Retail Inc,2025,Income,Professional Services,Chelsea,678921.2,214223.78,464697.42,44698.64,48149.05,3450.41,6,Amended,No,N/A,500000,1.3578,Compliant
MA-010539,Liberty Healthcare Associates,2022,Income,Healthcare,Boston,561660.84,172387.19,389273.66,40779.41,49090.33,8310.92,5,On Time,No,N/A,1200000,0.4681,Compliant
MA-010540,Southern Healthcare Ventures,2024,Corporate,Real Estate,New Bedford,1122271.48,384142.18,738129.3,85634.22,104733.76,19099.54,17,On Time,No,N/A,700000,1.6032,Compliant
MA-010541,Eastern Professional Services Partners,2025,Income,Construction,Somerville,566852.42,123213.57,443638.85,30813.07,36996.84,6183.76,6,On Time,No,N/A,800000,0.7086,Underpaid
MA-010542,Summit Professional Services LLC,2022,Income,Restaurant,Boston,336402.39,143004.17,193398.21,12335.2,20093.56,7758.35,15,On Time,Yes,Fraud,450000,0.7476,Underpaid
MA-010543,Patriot Hospitality Ventures,2024,Income,Restaurant,Springfield,530564.93,212096.12,318468.81,34239.97,40691.13,6451.16,8,On Time,No,N/A,450000,1.179,Compliant
MA-010544,Valley Professional Services Solutions,2022,Corporate,Restaurant,Chelsea,633229.61,269131.65,364097.96,27823.51,31044.1,3220.58,8,On Time,No,N/A,450000,1.4072,Compliant
MA-010545,Harbor Auto Repair Holdings,2022,Meals,Manufacturing,Boston,1315910.24,219410.91,1096499.33,76754.95,80541.89,3786.94,16,On Time,No,N/A,1500000,0.8773,Compliant
MA-010546,Federal Healthcare Group,2022,Corporate,Construction,Chelsea,633700.53,212777.1,420923.43,31052.85,38048.95,6996.1,9,On Time,No,N/A,800000,0.7921,Underpaid
MA-010547,Atlantic Retail Partners,2022,Income,Construction,Worcester,1047759.82,218022.43,829737.38,74779.96,66308.59,0.0,12,On Time,No,N/A,800000,1.3097,Compliant
MA-010548,Patriot Real Estate Ventures,2023,Corporate,Construction,New Bedford,1000585.96,280918.95,719667.01,84331.94,83546.28,0.0,12,Late,No,N/A,800000,1.2507,Compliant
MA-010549,Metro Construction Inc,2024,Income,Hospitality,Fall River,341754.9,111388.85,230366.05,22456.32,29380.82,6924.5,1,On Time,No,N/A,350000,0.9764,Compliant
MA-010550,Eastern Professional Services Holdings,2023,Corporate,Hospitality,Brockton,440107.65,91017.2,349090.45,29079.5,27266.14,0.0,7,On Time,No,N/A,350000,1.2575,Compliant
MA-010551,Coastal Auto Repair Holdings,2024,Sales/Use,Professional Services,Brockton,652785.63,269490.56,383295.07,23955.94,28370.43,4414.49,1,On Time,No,N/A,500000,1.3056,Compliant
MA-010552,Coastal Retail Holdings,2025,Sales/Use,Auto Repair,Lowell,522492.04,206068.67,316423.38,19776.46,21897.37,2120.91,5,On Time,No,N/A,300000,1.7416,Compliant
MA-010553,Northern Healthcare LLC,2022,Income,Construction,Brockton,1091958.48,308065.99,783892.5,73837.52,71197.63,0.0,8,On Time,No,N/A,800000,1.3649,Compliant
MA-010554,Atlantic Real Estate Corp,2023,Income,Real Estate,Boston,857843.8,174624.77,683219.03,35188.82,29943.98,0.0,5,Late,No,N/A,700000,1.2255,Compliant
MA-010555,Pioneer Professional Services Services,2022,Corporate,Restaurant,Lowell,347172.7,136385.52,210787.18,20291.13,22706.36,2415.23,14,Not Filed,No,N/A,450000,0.7715,Compliant
MA-010556,Federal Professional Services Co,2022,Rooms Occupancy,Real Estate,Quincy,318642.97,66119.82,252523.16,14520.08,29045.46,14525.38,9,On Time,No,N/A,700000,0.4552,Suspicious
MA-010557,Southern Construction Co,2022,Income,Healthcare,Somerville,1553517.69,601019.23,952498.46,69472.99,94770.34,25297.35,21,On Time,No,N/A,1200000,1.2946,Compliant
MA-010558,Liberty Healthcare Holdings,2025,Special Fuels,Hospitality,Brockton,289765.67,96916.75,192848.92,46283.74,72124.3,25840.56,6,Late,No,N/A,350000,0.8279,Underpaid
MA-010559,Coastal Healthcare Inc,2025,Corporate,Hospitality,Fall River,650827.56,237353.53,413474.03,34994.56,43027.54,8032.98,7,On Time,No,N/A,350000,1.8595,Compliant
MA-010560,Harbor Real Estate Solutions,2023,Income,Auto Repair,Chelsea,311101.81,86332.89,224768.93,17171.4,20017.88,2846.48,9,On Time,No,N/A,300000,1.037,Compliant
MA-010561,Cape Manufacturing Group,2024,Meals,Retail,Boston,783428.19,237910.4,545517.8,38186.25,44988.98,6802.73,16,On Time,No,N/A,600000,1.3057,Compliant
MA-010562,Federal Hospitality Co,2024,Corporate,Construction,Worcester,968377.98,167303.31,801074.68,90604.2,88725.74,0.0,6,On Time,No,N/A,800000,1.2105,Compliant
MA-010563,Liberty Hospitality Inc,2023,Income,Healthcare,Boston,1861902.96,465712.86,1396190.1,135789.98,144202.68,8412.7,17,On Time,No,N/A,1200000,1.5516,Compliant
MA-010564,Northern Healthcare Group,2023,Income,Manufacturing,Brockton,1611873.6,614160.64,997712.97,69569.7,89890.66,20320.97,16,Late,No,N/A,1500000,1.0746,Compliant
MA-010565,Metro Retail Group,2022,Meals,Auto Repair,Brockton,0.0,0.0,0.0,0.0,13911.13,13911.13,5,Not Filed,No,N/A,300000,0.0,Non-Filer
MA-010566,Harbor Retail Group,2025,Income,Professional Services,Boston,534742.62,215897.25,318845.37,25512.57,29531.93,4019.36,9,Late,No,N/A,500000,1.0695,Compliant
MA-010567,Harbor Restaurant Group,2023,Income,Construction,Brockton,1314650.25,394316.28,920333.97,88461.92,96158.88,7696.96,18,Amended,No,N/A,800000,1.6433,Compliant
MA-010568,Colonial Professional Services Holdings,2024,Meals,Construction,Fall River,692756.16,132829.36,559926.8,39194.88,33298.8,0.0,13,On Time,No,N/A,800000,0.8659,Compliant
MA-010569,Federal Hospitality Co,2025,Rooms Occupancy,Healthcare,Fall River,1681568.09,347246.51,1334321.58,76723.49,79810.52,3087.03,14,On Time,No,N/A,1200000,1.4013,Compliant
MA-010570,Harbor Retail Solutions,2022,Income,Construction,Quincy,997729.68,295910.66,701819.03,44262.64,51635.88,7373.24,15,On Time,No,N/A,800000,1.2472,Compliant
MA-010571,Federal Healthcare Group,2022,Sales/Use,Retail,Boston,522749.9,213236.06,309513.83,19344.61,25937.57,6592.96,13,On Time,No,N/A,600000,0.8712,Compliant
MA-010572,Harbor Auto Repair Ventures,2022,Corporate,Restaurant,Cambridge,123536.41,26153.04,97383.37,7815.41,24292.27,16476.86,5,Not Filed,No,N/A,450000,0.2745,Suspicious
MA-010573,Colonial Hospitality Co,2025,Sales/Use,Healthcare,Lynn,0.0,0.0,0.0,0.0,48417.04,48417.04,14,Not Filed,No,N/A,1200000,0.0,Non-Filer
MA-010574,Metro Retail LLC,2025,Sales/Use,Retail,Worcester,365176.42,125580.43,239596.0,14974.75,15853.76,879.02,1,On Time,No,N/A,600000,0.6086,Compliant
MA-010575,Pilgrim Healthcare Associates,2023,Corporate,Hospitality,Fall River,254415.57,73105.92,181309.65,20625.48,50085.32,29459.84,2,On Time,No,N/A,350000,0.7269,Suspicious
MA-010576,Eastern Real Estate Associates,2023,Income,Construction,Lynn,510958.18,86874.72,424083.45,42772.06,33939.15,0.0,1,Amended,No,N/A,800000,0.6387,Compliant
MA-010577,Atlantic Restaurant Inc,2024,Income,Construction,Fall River,625314.43,170728.86,454585.57,27974.62,30266.93,2292.31,1,Late,Yes,Compliant,800000,0.7816,Compliant
MA-010578,Beacon Healthcare Associates,2024,Corporate,Professional Services,Lowell,758789.8,170865.59,587924.21,58578.99,65213.65,6634.66,14,On Time,No,N/A,500000,1.5176,Compliant
MA-010579,Bay State Retail Associates,2023,Income,Construction,Springfield,612573.98,246541.89,366032.09,22672.48,31117.85,8445.37,18,Not Filed,Yes,Compliant,800000,0.7657,Compliant
MA-010580,Patriot Manufacturing Inc,2022,Income,Healthcare,Springfield,1541411.54,561572.73,979838.81,110220.24,133213.08,22992.84,18,On Time,No,N/A,1200000,1.2845,Compliant
MA-010581,Harbor Auto Repair Ventures,2022,Corporate,Restaurant,Lowell,75826.56,12481.01,63345.55,4840.72,4645.9,0.0,12,On Time,No,N/A,450000,0.1685,Compliant
MA-010582,Patriot Healthcare LLC,2022,Income,Auto Repair,Boston,163763.56,35400.83,128362.73,14345.82,12429.79,0.0,1,On Time,No,N/A,300000,0.5459,Compliant
MA-010583,Patriot Hospitality Inc,2022,Corporate,Restaurant,Boston,610908.17,262872.69,348035.48,27026.51,35817.53,8791.02,19,On Time,No,N/A,450000,1.3576,Compliant
MA-010584,Atlantic Retail Partners,2024,Income,Restaurant,Worcester,629100.38,248196.12,380904.26,36374.89,48747.3,12372.41,11,On Time,Yes,Compliant,450000,1.398,Compliant
MA-010585,Commonwealth Hospitality LLC,2022,Special Fuels,Retail,Chelsea,0.0,0.0,0.0,0.0,140748.98,140748.98,13,Not Filed,No,N/A,600000,0.0,Non-Filer
MA-010586,Northern Real Estate Co,2023,Sales/Use,Healthcare,Somerville,1137132.33,504211.82,632920.51,39557.53,67353.04,27795.5,20,On Time,Yes,Underpaid,1200000,0.9476,Underpaid
MA-010587,Commonwealth Manufacturing Enterprise,2023,Corporate,Auto Repair,Springfield,0.0,0.0,0.0,0.0,19390.93,19390.93,3,Not Filed,No,N/A,300000,0.0,Non-Filer
MA-010588,Patriot Real Estate Ventures,2022,Sales/Use,Professional Services,Fall River,351597.21,74297.97,277299.23,17331.2,19180.1,1848.9,3,On Time,No,N/A,500000,0.7032,Compliant
MA-010589,Pilgrim Restaurant Ventures,2024,Sales/Use,Healthcare,Lynn,536436.34,164289.99,372146.35,23259.15,21386.05,0.0,6,On Time,No,N/A,1200000,0.447,Compliant
MA-010590,Colonial Professional Services Enterprise,2024,Meals,Retail,Boston,418639.85,146315.38,272324.46,19062.71,22537.14,3474.43,1,On Time,No,N/A,600000,0.6977,Compliant
MA-010591,Federal Hospitality Holdings,2024,Corporate,Professional Services,Chelsea,552071.95,94401.81,457670.14,29049.51,24435.6,0.0,13,On Time,Yes,Compliant,500000,1.1041,Compliant
MA-010592,Central Healthcare Services,2023,Meals,Restaurant,Chelsea,585812.29,116721.72,469090.57,32836.34,33345.56,509.22,1,On Time,No,N/A,450000,1.3018,Compliant
MA-010593,Colonial Professional Services Inc,2023,Sales/Use,Healthcare,Worcester,840416.91,216722.16,623694.76,38980.92,38923.64,0.0,14,Amended,No,N/A,1200000,0.7003,Compliant
MA-010594,Northern Professional Services Holdings,2023,Corporate,Construction,Chelsea,523141.9,197568.46,325573.44,37280.53,42290.05,5009.53,5,On Time,No,N/A,800000,0.6539,Compliant
MA-010595,Central Construction LLC,2025,Corporate,Professional Services,Worcester,573368.16,109511.54,463856.62,38429.64,40647.07,2217.44,2,On Time,No,N/A,500000,1.1467,Compliant
MA-010596,Valley Manufacturing Inc,2025,Sales/Use,Restaurant,Cambridge,252070.06,66028.11,186041.96,11627.62,21895.51,10267.89,1,Amended,No,N/A,450000,0.5602,Suspicious
MA-010597,Patriot Construction Holdings,2022,Income,Healthcare,Springfield,984681.84,430433.05,554248.79,57635.74,69809.26,12173.52,13,Not Filed,No,N/A,1200000,0.8206,Compliant
MA-010598,Eastern Construction Group,2022,Corporate,Professional Services,Lowell,207861.18,60969.36,146891.82,16819.52,18991.07,2171.55,4,On Time,No,N/A,500000,0.4157,Compliant
MA-010599,Southern Healthcare Ventures,2025,Income,Restaurant,Lowell,450556.63,157145.77,293410.86,17986.06,22653.95,4667.89,8,On Time,Yes,Compliant,450000,1.0012,Compliant
MA-010600,Eastern Restaurant Group,2022,Special Fuels,Construction,New Bedford,259932.95,72277.33,187655.62,45037.35,148106.28,103068.93,17,Amended,No,N/A,800000,0.3249,Suspicious
MA-010601,Northern Healthcare Group,2025,Sales/Use,Healthcare,Quincy,720879.32,245714.66,475164.67,29697.79,54274.35,24576.56,13,Amended,No,N/A,1200000,0.6007,Underpaid
MA-010602,Colonial Construction Ventures,2025,Rooms Occupancy,Restaurant,New Bedford,0.0,0.0,0.0,0.0,22881.84,22881.84,8,Not Filed,Yes,Fraud,450000,0.0,Non-Filer
MA-010603,Metro Healthcare Ventures,2023,Sales/Use,Construction,Lowell,496457.62,101572.89,394884.72,24680.3,33620.09,8939.79,10,On Time,No,N/A,800000,0.6206,Underpaid
MA-010604,Pilgrim Retail Ventures,2023,Income,Manufacturing,Boston,0.0,0.0,0.0,0.0,62000.85,62000.85,11,Not Filed,Yes,Fraud,1500000,0.0,Non-Filer
MA-010605,Colonial Professional Services Enterprise,2022,Income,Restaurant,Boston,239254.45,90476.48,148777.97,7537.9,9672.88,2134.98,11,On Time,No,N/A,450000,0.5317,Compliant
MA-010606,Pilgrim Professional Services Holdings,2023,Income,Professional Services,Fall River,276658.87,121347.39,155311.49,10655.69,14260.66,3604.98,1,Late,No,N/A,500000,0.5533,Compliant
MA-010607,Summit Construction Partners,2024,Sales/Use,Healthcare,Worcester,410251.81,108113.95,302137.86,18883.62,47830.84,28947.22,15,Late,No,N/A,1200000,0.3419,Suspicious
MA-010608,Metro Restaurant Group,2025,Corporate,Retail,Boston,139420.53,26053.29,113367.24,9879.28,31106.22,21226.94,13,Late,No,N/A,600000,0.2324,Suspicious
MA-010609,Eastern Healthcare Inc,2025,Sales/Use,Retail,Springfield,487923.99,213351.66,274572.32,17160.77,19992.75,2831.98,7,On Time,Yes,Compliant,600000,0.8132,Compliant
MA-010610,Coastal Auto Repair Group,2025,Corporate,Restaurant,Fall River,328353.79,57268.44,271085.35,21674.4,17230.36,0.0,14,On Time,No,N/A,450000,0.7297,Compliant
MA-010611,Southern Manufacturing Co,2025,Rooms Occupancy,Real Estate,Brockton,326897.34,134966.17,191931.17,11036.04,16063.18,5027.14,6,On Time,No,N/A,700000,0.467,Underpaid
MA-010612,Pilgrim Manufacturing Associates,2025,Income,Restaurant,Cambridge,0.0,0.0,0.0,0.0,38369.49,38369.49,8,Not Filed,No,N/A,450000,0.0,Non-Filer
MA-010613,Harbor Restaurant Inc,2022,Income,Auto Repair,New Bedford,278191.81,65126.75,213065.06,21379.43,20245.29,0.0,2,Amended,No,N/A,300000,0.9273,Compliant
MA-010614,Beacon Professional Services Holdings,2025,Rooms Occupancy,Professional Services,Lowell,493858.57,159413.41,334445.16,19230.6,19427.02,196.43,5,Late,Yes,Compliant,500000,0.9877,Compliant
MA-010615,Coastal Auto Repair Group,2025,Sales/Use,Auto Repair,New Bedford,380044.06,67169.68,312874.38,19554.65,17388.64,0.0,16,On Time,No,N/A,300000,1.2668,Compliant
MA-010616,Commonwealth Restaurant Enterprise,2024,Corporate,Professional Services,Boston,382142.15,118724.27,263417.88,28791.13,28568.84,0.0,1,On Time,No,N/A,500000,0.7643,Compliant
MA-010617,Bay State Professional Services Partners,2023,Meals,Retail,Lowell,580049.32,112187.48,467861.84,32750.33,26962.24,0.0,20,On Time,No,N/A,600000,0.9667,Compliant
MA-010618,Patriot Retail Partners,2023,Sales/Use,Construction,Springfield,425259.64,140192.83,285066.81,17816.68,27533.45,9716.78,15,On Time,No,N/A,800000,0.5316,Underpaid
MA-010619,Atlantic Hospitality Solutions,2025,Sales/Use,Restaurant,Somerville,715978.74,188311.42,527667.32,32979.21,28670.13,0.0,6,Late,No,N/A,450000,1.5911,Compliant
MA-010620,Northern Auto Repair Enterprise,2023,Sales/Use,Manufacturing,Boston,861573.25,350689.3,510883.96,31930.25,78575.72,46645.48,30,Late,No,N/A,1500000,0.5744,Suspicious
MA-010621,Liberty Auto Repair Associates,2022,Income,Manufacturing,Lynn,1306953.2,332609.33,974343.87,75409.72,84751.57,9341.85,15,On Time,No,N/A,1500000,0.8713,Compliant
MA-010622,Colonial Retail Enterprise,2025,Sales/Use,Retail,Lynn,350228.28,137121.91,213106.36,13319.15,20556.86,7237.71,1,On Time,No,N/A,600000,0.5837,Underpaid
MA-010623,Commonwealth Professional Services Partners,2025,Income,Construction,Boston,623637.02,130150.88,493486.14,47170.69,44982.05,0.0,1,Amended,No,N/A,800000,0.7795,Compliant
MA-010624,Colonial Construction Holdings,2025,Meals,Restaurant,Fall River,434920.61,111633.32,323287.3,22630.11,24059.86,1429.75,1,On Time,No,N/A,450000,0.9665,Compliant
MA-010625,Colonial Restaurant Ventures,2025,Corporate,Restaurant,Cambridge,462463.38,102785.55,359677.83,30286.24,29097.8,0.0,1,On Time,No,N/A,450000,1.0277,Compliant
MA-010626,Coastal Hospitality Services,2022,Sales/Use,Professional Services,Springfield,371899.48,126334.27,245565.21,15347.83,26613.17,11265.35,11,On Time,Yes,Underpaid,500000,0.7438,Underpaid
MA-010627,Central Real Estate Holdings,2023,Rooms Occupancy,Restaurant,Lowell,0.0,0.0,0.0,0.0,6173.0,6173.0,3,Not Filed,Yes,Fraud,450000,0.0,Non-Filer
MA-010628,Northern Hospitality Holdings,2024,Sales/Use,Construction,Somerville,1193275.25,487647.62,705627.63,44101.73,54216.29,10114.57,8,On Time,No,N/A,800000,1.4916,Compliant
MA-010629,Pioneer Manufacturing Services,2025,Meals,Professional Services,Springfield,818185.68,316654.47,501531.21,35107.18,46271.6,11164.42,12,On Time,No,N/A,500000,1.6364,Compliant
MA-010630,Atlantic Real Estate Partners,2023,Income,Real Estate,Quincy,307394.25,57988.33,249405.93,16070.74,27597.87,11527.13,6,On Time,No,N/A,700000,0.4391,Underpaid
MA-010631,Harbor Healthcare Associates,2024,Special Fuels,Hospitality,Boston,436894.39,151798.0,285096.39,68423.13,80097.14,11674.0,5,Not Filed,Yes,Underpaid,350000,1.2483,Compliant
MA-010632,Harbor Restaurant Group,2023,Corporate,Auto Repair,Worcester,368412.21,165431.51,202980.71,18761.92,24462.8,5700.88,1,On Time,No,N/A,300000,1.228,Compliant
MA-010633,Colonial Professional Services Corp,2023,Income,Professional Services,Boston,511080.23,161307.75,349772.48,31977.89,38533.86,6555.97,1,Amended,No,N/A,500000,1.0222,Compliant
MA-010634,Patriot Hospitality Group,2023,Income,Construction,Cambridge,347251.95,150033.61,197218.34,11838.44,37240.51,25402.06,5,On Time,No,N/A,800000,0.4341,Suspicious
MA-010635,Southern Auto Repair Services,2024,Sales/Use,Retail,Lowell,331284.45,91403.35,239881.11,14992.57,23191.05,8198.48,11,On Time,No,N/A,600000,0.5521,Underpaid
MA-010636,Commonwealth Manufacturing Services,2022,Sales/Use,Construction,Boston,1132846.1,192343.46,940502.64,58781.42,50871.11,0.0,17,On Time,No,N/A,800000,1.4161,Compliant
MA-010637,Eastern Real Estate Associates,2023,Meals,Retail,Worcester,399422.91,105283.77,294139.14,20589.74,22140.6,1550.86,3,On Time,No,N/A,600000,0.6657,Compliant
MA-010638,Northern Professional Services Associates,2025,Corporate,Restaurant,New Bedford,511650.91,161406.76,350244.15,32405.53,39215.72,6810.19,8,On Time,No,N/A,450000,1.137,Underpaid
MA-010639,Atlantic Healthcare Enterprise,2025,Corporate,Auto Repair,Springfield,541861.93,197219.75,344642.18,33095.78,41961.47,8865.69,8,On Time,No,N/A,300000,1.8062,Compliant
MA-010640,Pioneer Real Estate Partners,2024,Sales/Use,Retail,Lynn,431228.68,123907.51,307321.16,19207.57,30412.57,11204.99,6,Late,No,N/A,600000,0.7187,Underpaid
MA-010641,Valley Manufacturing Holdings,2023,Special Fuels,Construction,Worcester,823736.63,313986.59,509750.04,122340.01,137289.87,14949.87,9,On Time,No,N/A,800000,1.0297,Compliant
MA-010642,Metro Professional Services Associates,2022,Income,Restaurant,Boston,555818.64,229167.3,326651.34,38333.07,49947.03,11613.96,11,Late,No,N/A,450000,1.2352,Compliant
MA-010643,Valley Manufacturing Inc,2022,Corporate,Professional Services,Cambridge,370403.22,56370.58,314032.64,25043.64,21247.41,0.0,1,On Time,No,N/A,500000,0.7408,Compliant
MA-010644,Pioneer Construction Enterprise,2022,Rooms Occupancy,Real Estate,Lowell,251313.92,95276.41,156037.51,8972.16,9272.02,299.86,5,On Time,No,N/A,700000,0.359,Compliant
MA-010645,Federal Restaurant Services,2022,Corporate,Retail,Boston,397144.73,99837.25,297307.48,28997.71,25293.45,0.0,1,On Time,No,N/A,600000,0.6619,Compliant
MA-010646,Harbor Auto Repair LLC,2024,Corporate,Hospitality,Worcester,392410.15,167526.53,224883.62,25870.08,30030.66,4160.59,17,On Time,No,N/A,350000,1.1212,Compliant
MA-010647,Metro Restaurant Corp,2025,Rooms Occupancy,Hospitality,Lynn,343283.29,87938.13,255345.16,14682.35,17049.94,2367.59,8,On Time,No,N/A,350000,0.9808,Compliant
MA-010648,Colonial Auto Repair Holdings,2025,Income,Restaurant,Worcester,446266.33,83519.99,362746.34,30513.81,31842.72,1328.92,5,On Time,No,N/A,450000,0.9917,Compliant
MA-010649,Federal Hospitality Holdings,2025,Income,Retail,Springfield,822172.81,285198.5,536974.3,43363.34,52031.71,8668.36,8,On Time,No,N/A,600000,1.3703,Compliant
MA-010650,Summit Auto Repair Services,2022,Sales/Use,Restaurant,Quincy,486239.72,121250.71,364989.01,22811.81,25843.4,3031.59,7,On Time,No,N/A,450000,1.0805,Compliant
MA-010651,Pioneer Healthcare Solutions,2022,Special Fuels,Auto Repair,Somerville,237428.89,44691.29,192737.6,46257.02,39163.88,0.0,7,On Time,No,N/A,300000,0.7914,Compliant
MA-010652,Cape Restaurant Group,2025,Sales/Use,Construction,New Bedford,711717.62,139968.24,571749.39,35734.34,35039.62,0.0,5,On Time,No,N/A,800000,0.8896,Compliant
MA-010653,Southern Real Estate LLC,2022,Corporate,Retail,Lowell,677780.24,188887.58,488892.66,45580.89,46434.37,853.48,4,On Time,No,N/A,600000,1.1296,Compliant
MA-010654,Bay State Manufacturing Solutions,2023,Income,Retail,Boston,618140.25,242920.3,375219.95,37176.85,44976.88,7800.04,7,Late,No,N/A,600000,1.0302,Compliant
MA-010655,Eastern Construction Ventures,2023,Sales/Use,Real Estate,Chelsea,1019114.85,436924.6,582190.25,36386.89,46432.77,10045.88,14,On Time,No,N/A,700000,1.4559,Compliant
MA-010656,Northern Auto Repair Enterprise,2024,Corporate,Restaurant,Boston,438935.46,128941.05,309994.41,26563.56,27578.95,1015.39,9,On Time,No,N/A,450000,0.9754,Compliant
MA-010657,Pilgrim Hospitality LLC,2025,Corporate,Retail,Worcester,837729.67,138760.86,698968.8,71387.66,72423.44,1035.78,13,On Time,No,N/A,600000,1.3962,Compliant
MA-010658,Harbor Healthcare Associates,2025,Income,Auto Repair,Boston,306121.18,108638.87,197482.31,20524.82,25778.84,5254.01,1,On Time,No,N/A,300000,1.0204,Compliant
MA-010659,Eastern Retail Partners,2024,Sales/Use,Manufacturing,New Bedford,956225.6,397941.07,558284.53,34892.78,49817.45,14924.67,10,On Time,No,N/A,1500000,0.6375,Compliant
MA-010660,Eastern Healthcare Enterprise,2023,Rooms Occupancy,Restaurant,Chelsea,97698.24,30674.68,67023.56,3853.85,16111.29,12257.44,3,Late,No,N/A,450000,0.2171,Suspicious
MA-010661,Liberty Healthcare Associates,2022,Sales/Use,Real Estate,Boston,696488.78,287735.26,408753.52,25547.1,30321.21,4774.12,11,On Time,No,N/A,700000,0.995,Compliant
MA-010662,Harbor Construction Enterprise,2022,Corporate,Real Estate,Quincy,711808.36,214368.79,497439.56,25633.68,25675.41,41.74,10,On Time,No,N/A,700000,1.0169,Compliant
MA-010663,Coastal Retail Co,2023,Sales/Use,Restaurant,Boston,461163.71,140215.12,320948.58,20059.29,23989.17,3929.89,1,Late,No,N/A,450000,1.0248,Compliant
MA-010664,Beacon Retail Partners,2024,Corporate,Construction,Chelsea,503576.2,180792.18,322784.02,36003.6,39990.4,3986.79,5,On Time,No,N/A,800000,0.6295,Compliant
MA-010665,Liberty Manufacturing Partners,2023,Corporate,Professional Services,Cambridge,272971.84,44681.05,228290.79,15221.33,15849.36,628.03,6,Late,Yes,Underpaid,500000,0.5459,Compliant
MA-010666,Liberty Healthcare Holdings,2023,Meals,Auto Repair,Worcester,446163.96,147924.71,298239.25,20876.75,24616.68,3739.93,11,On Time,Yes,Compliant,300000,1.4872,Compliant
MA-010667,Colonial Professional Services Holdings,2024,Corporate,Healthcare,New Bedford,1060051.83,272056.94,787994.89,79692.58,89511.09,9818.51,21,Not Filed,No,N/A,1200000,0.8834,Compliant
MA-010668,Harbor Retail Group,2022,Meals,Restaurant,Lowell,479565.26,197105.03,282460.23,19772.22,23907.7,4135.48,4,Late,No,N/A,450000,1.0657,Compliant
MA-010669,Bay State Retail Services,2025,Income,Manufacturing,Boston,811647.23,157865.59,653781.64,54610.7,74838.13,20227.43,13,On Time,No,N/A,1500000,0.5411,Underpaid
MA-010670,Southern Retail Co,2023,Sales/Use,Manufacturing,Boston,1356222.23,536046.51,820175.72,51260.98,58156.05,6895.07,17,On Time,No,N/A,1500000,0.9041,Compliant
MA-010671,Harbor Real Estate Partners,2025,Corporate,Restaurant,Springfield,485959.31,74612.52,411346.79,23438.99,20887.23,0.0,5,Late,Yes,Compliant,450000,1.0799,Compliant
MA-010672,Harbor Healthcare Corp,2022,Income,Hospitality,Lynn,382854.11,168420.67,214433.44,25095.84,39031.62,13935.78,10,On Time,No,N/A,350000,1.0939,Compliant
MA-010673,Pilgrim Retail Ventures,2025,Income,Retail,New Bedford,763302.24,190464.44,572837.8,34837.67,40296.45,5458.78,2,On Time,No,N/A,600000,1.2722,Compliant
MA-010674,Bay State Real Estate LLC,2022,Meals,Healthcare,Boston,184435.47,35513.14,148922.33,10424.56,8338.05,0.0,6,On Time,Yes,Compliant,1200000,0.1537,Compliant
MA-010675,Federal Hospitality Services,2025,Income,Restaurant,Lowell,142993.47,28722.77,114270.7,6594.5,11728.79,5134.29,1,Amended,No,N/A,450000,0.3178,Underpaid
MA-010676,Liberty Healthcare Co,2022,Income,Retail,Chelsea,367092.92,121097.88,245995.04,23999.36,29276.43,5277.07,1,On Time,No,N/A,600000,0.6118,Compliant
MA-010677,Commonwealth Manufacturing Services,2022,Corporate,Retail,Brockton,587786.87,231127.1,356659.77,35591.6,58999.74,23408.13,12,Amended,Yes,Compliant,600000,0.9796,Underpaid
MA-010678,Valley Auto Repair Associates,2025,Corporate,Restaurant,Lowell,252114.27,42908.36,209205.91,18922.47,21637.99,2715.52,1,Late,No,N/A,450000,0.5603,Underpaid
MA-010679,Patriot Manufacturing LLC,2025,Income,Restaurant,Somerville,375182.44,102868.76,272313.68,28741.38,30429.35,1687.97,6,On Time,No,N/A,450000,0.8337,Compliant
MA-010680,Colonial Retail Group,2025,Corporate,Professional Services,Boston,241310.22,64040.88,177269.34,16072.56,16229.62,157.06,3,On Time,No,N/A,500000,0.4826,Compliant
MA-010681,Cape Real Estate Inc,2023,Sales/Use,Professional Services,New Bedford,0.0,0.0,0.0,0.0,22945.49,22945.49,9,Not Filed,No,N/A,500000,0.0,Non-Filer
MA-010682,Southern Manufacturing Co,2023,Corporate,Auto Repair,Boston,223190.41,95838.53,127351.89,10121.34,20029.08,9907.74,1,On Time,No,N/A,300000,0.744,Underpaid
MA-010683,Summit Retail Enterprise,2023,Sales/Use,Professional Services,Boston,484609.39,80554.2,404055.19,25253.45,37056.74,11803.3,8,Late,No,N/A,500000,0.9692,Underpaid
MA-010684,Patriot Healthcare Group,2023,Income,Construction,Chelsea,753206.2,300770.6,452435.6,35812.38,43679.47,7867.09,5,On Time,No,N/A,800000,0.9415,Compliant
MA-010685,Commonwealth Retail Group,2025,Rooms Occupancy,Restaurant,Cambridge,389062.66,59901.19,329161.47,18926.78,18253.21,0.0,1,Late,Yes,Compliant,450000,0.8646,Compliant
MA-010686,Federal Restaurant Services,2025,Income,Healthcare,Boston,470700.84,187741.6,282959.23,32353.7,96925.62,64571.92,22,On Time,No,N/A,1200000,0.3923,Suspicious
MA-010687,Coastal Manufacturing Group,2025,Special Fuels,Construction,Boston,371183.26,99361.04,271822.22,65237.33,63904.35,0.0,1,Late,No,N/A,800000,0.464,Compliant
MA-010688,Pioneer Real Estate Enterprise,2025,Sales/Use,Healthcare,Boston,1767090.58,294046.52,1473044.06,92065.25,86707.66,0.0,21,On Time,No,N/A,1200000,1.4726,Compliant
MA-010689,Atlantic Construction Group,2024,Corporate,Retail,Boston,447839.4,95646.4,352193.0,17880.27,15811.36,0.0,11,On Time,No,N/A,600000,0.7464,Compliant
MA-010690,Coastal Retail Ventures,2022,Income,Retail,Lynn,492775.13,80669.35,412105.78,29680.11,22807.52,0.0,15,On Time,Yes,Compliant,600000,0.8213,Compliant
MA-010691,Metro Restaurant Group,2025,Income,Retail,Springfield,748434.85,186656.25,561778.6,63343.79,62146.75,0.0,6,On Time,No,N/A,600000,1.2474,Compliant
MA-010692,Patriot Auto Repair Corp,2025,Meals,Manufacturing,Boston,2491295.24,883692.8,1607602.44,112532.17,150586.85,38054.68,29,Amended,No,N/A,1500000,1.6609,Compliant
MA-010693,Southern Retail Corp,2023,Income,Real Estate,Boston,0.0,0.0,0.0,0.0,77037.62,77037.62,12,Not Filed,No,N/A,700000,0.0,Non-Filer
MA-010694,Beacon Real Estate Services,2024,Income,Manufacturing,Springfield,563536.43,205030.75,358505.68,35062.27,168744.22,133681.95,34,On Time,No,N/A,1500000,0.3757,Suspicious
MA-010695,Colonial Retail Enterprise,2025,Sales/Use,Healthcare,Somerville,1257730.8,395104.58,862626.22,53914.14,49740.83,0.0,11,Late,No,N/A,1200000,1.0481,Compliant
MA-010696,Harbor Restaurant Inc,2024,Corporate,Restaurant,Boston,511385.71,87620.92,423764.79,42268.78,39232.23,0.0,3,On Time,No,N/A,450000,1.1364,Compliant
MA-010697,Valley Construction Corp,2023,Corporate,Real Estate,Fall River,1186917.77,280097.78,906819.99,71305.37,68701.53,0.0,15,Not Filed,No,N/A,700000,1.6956,Compliant
MA-010698,Patriot Auto Repair Associates,2024,Sales/Use,Construction,Cambridge,686957.89,283866.52,403091.37,25193.21,28123.17,2929.96,9,On Time,Yes,Underpaid,800000,0.8587,Compliant
MA-010699,Bay State Retail Services,2022,Sales/Use,Restaurant,Fall River,239456.92,64601.68,174855.24,10928.45,12945.17,2016.71,1,Amended,No,N/A,450000,0.5321,Compliant
MA-010700,Coastal Construction Group,2025,Corporate,Construction,Boston,957378.67,408558.69,548819.98,56953.88,97530.32,40576.44,11,On Time,No,N/A,800000,1.1967,Underpaid
MA-010701,Patriot Healthcare Services,2025,Corporate,Retail,Somerville,377170.44,109752.93,267417.51,25355.23,29109.29,3754.06,7,On Time,Yes,Compliant,600000,0.6286,Compliant
MA-010702,Valley Construction Solutions,2025,Corporate,Construction,Lynn,1100577.2,415561.35,685015.85,54530.29,73561.67,19031.38,18,On Time,No,N/A,800000,1.3757,Compliant
MA-010703,Bay State Construction Services,2025,Income,Restaurant,Worcester,376328.29,150216.98,226111.31,12768.71,22667.75,9899.05,3,On Time,No,N/A,450000,0.8363,Underpaid
MA-010704,Northern Professional Services Holdings,2025,Corporate,Manufacturing,Boston,472041.75,169466.31,302575.45,22641.26,42007.02,19365.76,17,On Time,No,N/A,1500000,0.3147,Underpaid
MA-010705,Coastal Professional Services Solutions,2022,Sales/Use,Restaurant,Fall River,394519.16,175920.19,218598.97,13662.44,16621.29,2958.86,3,On Time,No,N/A,450000,0.8767,Compliant
MA-010706,Metro Healthcare Corp,2025,Income,Professional Services,Worcester,760657.18,267890.98,492766.2,33703.33,35665.12,1961.79,12,On Time,No,N/A,500000,1.5213,Compliant
MA-010707,Metro Hospitality Corp,2022,Sales/Use,Auto Repair,Brockton,0.0,0.0,0.0,0.0,16000.39,16000.39,15,Not Filed,No,N/A,300000,0.0,Non-Filer
MA-010708,Northern Restaurant Corp,2022,Special Fuels,Retail,Worcester,489990.56,147303.69,342686.87,82244.85,76513.84,0.0,10,Late,No,N/A,600000,0.8167,Compliant
MA-010709,Pioneer Healthcare Partners,2024,Corporate,Professional Services,Springfield,0.0,0.0,0.0,0.0,44433.18,44433.18,7,Not Filed,No,N/A,500000,0.0,Non-Filer
MA-010710,Commonwealth Healthcare Group,2024,Corporate,Healthcare,Boston,1772125.25,595634.24,1176491.01,135013.51,141063.34,6049.83,25,On Time,No,N/A,1200000,1.4768,Compliant
MA-010711,Pioneer Hospitality Associates,2025,Sales/Use,Manufacturing,Boston,1465152.98,263596.58,1201556.4,75097.27,84164.93,9067.66,27,On Time,No,N/A,1500000,0.9768,Underpaid
MA-010712,Federal Real Estate LLC,2023,Corporate,Restaurant,Worcester,383223.89,111469.2,271754.69,15954.95,15234.12,0.0,1,On Time,No,N/A,450000,0.8516,Compliant
MA-010713,Pioneer Healthcare Holdings,2025,Sales/Use,Construction,Brockton,341693.7,78686.16,263007.54,16437.97,21842.27,5404.3,1,Not Filed,No,N/A,800000,0.4271,Underpaid
MA-010714,Pilgrim Healthcare Associates,2022,Sales/Use,Auto Repair,Quincy,520309.51,209284.55,311024.95,19439.06,23581.12,4142.06,1,On Time,No,N/A,300000,1.7344,Compliant
MA-010715,Northern Hospitality Inc,2025,Sales/Use,Retail,Boston,562210.86,150669.88,411540.98,25721.31,29165.85,3444.54,5,On Time,No,N/A,600000,0.937,Compliant
MA-010716,Northern Professional Services Solutions,2023,Corporate,Construction,Lynn,886636.84,159482.36,727154.48,77138.03,70905.96,0.0,15,Amended,No,N/A,800000,1.1083,Compliant
MA-010717,Pioneer Retail Services,2024,Sales/Use,Manufacturing,Brockton,1851725.22,292002.38,1559722.84,97482.68,102265.44,4782.76,21,On Time,No,N/A,1500000,1.2345,Compliant
MA-010718,Northern Hospitality Holdings,2022,Corporate,Restaurant,Chelsea,250354.66,71629.44,178725.22,16836.83,31158.96,14322.13,6,On Time,No,N/A,450000,0.5563,Underpaid
MA-010719,Metro Restaurant Group,2023,Corporate,Hospitality,Worcester,250080.28,86972.25,163108.03,11294.83,14698.88,3404.05,12,Late,No,N/A,350000,0.7145,Underpaid
MA-010720,Harbor Hospitality Solutions,2025,Income,Professional Services,Chelsea,574371.84,117280.02,457091.83,25330.52,22207.02,0.0,11,On Time,No,N/A,500000,1.1487,Compliant
MA-010721,Northern Healthcare LLC,2025,Meals,Retail,Boston,711353.22,196313.67,515039.56,36052.77,34463.33,0.0,15,On Time,No,N/A,600000,1.1856,Compliant
MA-010722,Commonwealth Healthcare Group,2023,Income,Construction,Boston,814277.98,360541.74,453736.24,54249.51,76935.47,22685.96,4,On Time,No,N/A,800000,1.0178,Compliant
MA-010723,Eastern Healthcare Enterprise,2022,Sales/Use,Healthcare,Boston,1362322.27,515350.56,846971.7,52935.73,68566.5,15630.76,13,On Time,No,N/A,1200000,1.1353,Compliant
MA-010724,Pilgrim Retail Services,2022,Income,Hospitality,Boston,280080.05,58752.74,221327.3,12491.25,11456.81,0.0,6,On Time,No,N/A,350000,0.8002,Compliant
MA-010725,Eastern Healthcare Enterprise,2025,Corporate,Construction,Fall River,1212022.49,442653.45,769369.04,90270.83,114005.16,23734.33,14,On Time,No,N/A,800000,1.515,Compliant
MA-010726,Liberty Healthcare Ventures,2025,Income,Healthcare,Boston,1356234.97,535397.7,820837.26,76833.46,90257.25,13423.79,25,Amended,No,N/A,1200000,1.1302,Compliant
MA-010727,Metro Restaurant Co,2022,Sales/Use,Healthcare,Springfield,1297773.46,423153.02,874620.44,54663.78,64110.63,9446.85,29,On Time,No,N/A,1200000,1.0815,Compliant
MA-010728,Patriot Healthcare Services,2022,Corporate,Professional Services,Somerville,619297.64,159359.75,459937.89,25335.6,23821.6,0.0,1,On Time,No,N/A,500000,1.2386,Compliant
MA-010729,Atlantic Construction Associates,2022,Corporate,Manufacturing,Boston,1932077.53,810744.54,1121332.99,100151.68,129546.24,29394.57,25,On Time,No,N/A,1500000,1.2881,Compliant
MA-010730,Pioneer Retail Holdings,2022,Income,Construction,Boston,1217335.01,298654.87,918680.14,66520.25,69663.7,3143.45,18,Amended,No,N/A,800000,1.5217,Compliant
MA-010731,Valley Hospitality Associates,2022,Corporate,Construction,Somerville,749578.38,242056.96,507521.42,35502.43,38267.86,2765.42,3,On Time,No,N/A,800000,0.937,Compliant
MA-010732,Metro Hospitality Corp,2025,Income,Real Estate,Lynn,169538.02,58224.9,111313.12,6106.84,29529.9,23423.06,3,Amended,No,N/A,700000,0.2422,Suspicious
MA-010733,Eastern Manufacturing LLC,2025,Meals,Professional Services,Worcester,399948.13,107185.4,292762.73,20493.39,19676.26,0.0,7,On Time,No,N/A,500000,0.7999,Compliant
MA-010734,Pioneer Restaurant Services,2024,Income,Hospitality,Somerville,568301.29,108898.08,459403.21,54920.66,44592.6,0.0,8,On Time,No,N/A,350000,1.6237,Compliant
MA-010735,Colonial Retail Group,2024,Sales/Use,Retail,Boston,184165.87,41972.56,142193.3,8887.08,15628.42,6741.33,6,Not Filed,Yes,Compliant,600000,0.3069,Suspicious
MA-010736,Commonwealth Manufacturing Services,2025,Sales/Use,Restaurant,Worcester,267557.89,49757.86,217800.04,13612.5,30929.18,17316.68,4,On Time,Yes,Fraud,450000,0.5946,Suspicious
MA-010737,Pilgrim Professional Services Holdings,2022,Sales/Use,Hospitality,Quincy,339303.0,150278.94,189024.06,11814.0,16395.74,4581.74,4,On Time,No,N/A,350000,0.9694,Compliant
MA-010738,Patriot Manufacturing LLC,2022,Income,Retail,Worcester,198404.1,73524.69,124879.41,8043.78,23810.34,15766.56,8,On Time,No,N/A,600000,0.3307,Suspicious
MA-010739,Pioneer Auto Repair Holdings,2025,Income,Restaurant,Boston,445417.91,168582.11,276835.8,23800.93,29232.66,5431.72,7,On Time,No,N/A,450000,0.9898,Compliant
MA-010740,Cape Healthcare Co,2022,Meals,Professional Services,Lowell,356415.55,146257.84,210157.71,14711.04,17799.06,3088.02,2,On Time,No,N/A,500000,0.7128,Compliant
MA-010741,Harbor Restaurant Group,2024,Income,Restaurant,Worcester,579362.39,216396.37,362966.02,24260.42,25048.62,788.2,5,On Time,No,N/A,450000,1.2875,Compliant
MA-010742,Federal Professional Services Co,2024,Corporate,Restaurant,Lowell,704185.75,137447.21,566738.54,48259.67,45187.41,0.0,6,Amended,Yes,Compliant,450000,1.5649,Compliant
MA-010743,Commonwealth Professional Services Solutions,2025,Sales/Use,Restaurant,Lowell,488251.89,150805.79,337446.1,21090.38,22712.16,1621.78,10,On Time,No,N/A,450000,1.085,Compliant
MA-010744,Patriot Healthcare Services,2023,Special Fuels,Professional Services,Lowell,238972.69,40566.62,198406.07,47617.46,48730.96,1113.5,1,On Time,No,N/A,500000,0.4779,Compliant
MA-010745,Valley Retail Ventures,2022,Corporate,Healthcare,New Bedford,194896.49,41261.85,153634.64,16131.78,48329.24,32197.46,13,Late,No,N/A,1200000,0.1624,Suspicious
MA-010746,Colonial Retail Associates,2025,Income,Healthcare,New Bedford,314915.11,77007.37,237907.74,13052.05,43652.27,30600.22,25,On Time,No,N/A,1200000,0.2624,Suspicious
MA-010747,Beacon Construction Associates,2024,Corporate,Restaurant,Boston,349907.17,123783.47,226123.7,24809.45,29311.03,4501.58,5,On Time,No,N/A,450000,0.7776,Compliant
MA-010748,Bay State Construction LLC,2022,Income,Healthcare,Cambridge,1905944.39,763536.02,1142408.37,99125.45,128723.67,29598.21,32,Late,Yes,Compliant,1200000,1.5883,Compliant
MA-010749,Southern Real Estate Associates,2024,Corporate,Retail,New Bedford,998562.71,153846.88,844715.84,63086.63,53524.2,0.0,18,On Time,No,N/A,600000,1.6643,Compliant
MA-010750,Pioneer Auto Repair Group,2025,Rooms Occupancy,Manufacturing,Brockton,2040159.52,396546.04,1643613.48,94507.78,88843.92,0.0,28,On Time,No,N/A,1500000,1.3601,Compliant
MA-010751,Beacon Real Estate Services,2025,Income,Real Estate,Worcester,932220.96,245484.99,686735.97,39525.24,40944.31,1419.07,8,On Time,No,N/A,700000,1.3317,Compliant
MA-010752,Liberty Restaurant Co,2023,Special Fuels,Healthcare,Lynn,857988.55,280342.91,577645.64,138634.95,138437.21,0.0,10,Amended,No,N/A,1200000,0.715,Compliant
MA-010753,Liberty Healthcare Ventures,2022,Sales/Use,Restaurant,Chelsea,436889.21,111013.26,325875.95,20367.25,21965.43,1598.18,3,Late,Yes,Underpaid,450000,0.9709,Compliant
MA-010754,Coastal Retail Holdings,2024,Corporate,Restaurant,Lowell,553727.61,93793.12,459934.49,32485.57,29732.79,0.0,11,On Time,No,N/A,450000,1.2305,Compliant
MA-010755,Colonial Healthcare LLC,2022,Corporate,Manufacturing,Boston,872429.57,166909.42,705520.15,78672.94,119322.05,40649.11,26,On Time,No,N/A,1500000,0.5816,Underpaid
MA-010756,Colonial Hospitality Associates,2024,Special Fuels,Real Estate,Chelsea,418110.95,72841.36,345269.59,82864.7,80218.64,0.0,4,Not Filed,No,N/A,700000,0.5973,Compliant
MA-010757,Patriot Hospitality Group,2025,Sales/Use,Retail,Brockton,445733.86,107246.6,338487.26,21155.45,22485.1,1329.65,1,Not Filed,No,N/A,600000,0.7429,Compliant
MA-010758,Patriot Hospitality Ventures,2023,Sales/Use,Professional Services,Worcester,475466.66,83529.69,391936.97,24496.06,22335.63,0.0,5,On Time,No,N/A,500000,0.9509,Compliant
MA-010759,Colonial Retail Enterprise,2025,Rooms Occupancy,Healthcare,Springfield,1771666.32,762638.47,1009027.85,58019.1,73443.07,15423.96,25,On Time,No,N/A,1200000,1.4764,Compliant
MA-010760,Coastal Manufacturing Holdings,2022,Corporate,Construction,Springfield,284081.03,54593.46,229487.56,26042.11,38731.74,12689.63,15,On Time,No,N/A,800000,0.3551,Underpaid
MA-010761,Pioneer Auto Repair Enterprise,2024,Rooms Occupancy,Retail,Lowell,836013.05,126894.95,709118.09,40774.29,33421.27,0.0,13,Late,No,N/A,600000,1.3934,Compliant
MA-010762,Northern Real Estate Co,2022,Income,Construction,Boston,526810.79,188165.15,338645.63,37421.02,66794.7,29373.68,4,On Time,No,N/A,800000,0.6585,Underpaid
MA-010763,Beacon Hospitality Solutions,2023,Sales/Use,Construction,New Bedford,669308.42,236067.91,433240.51,27077.53,29234.96,2157.42,14,Late,No,N/A,800000,0.8366,Compliant
MA-010764,Coastal Retail Holdings,2025,Income,Retail,Somerville,928074.89,307320.12,620754.77,36297.03,47447.68,11150.65,19,On Time,No,N/A,600000,1.5468,Compliant
MA-010765,Valley Manufacturing Services,2022,Corporate,Construction,Brockton,632702.34,139497.17,493205.17,53927.54,57003.17,3075.63,2,On Time,No,N/A,800000,0.7909,Compliant
MA-010766,Commonwealth Healthcare Enterprise,2023,Income,Construction,Lowell,862867.57,191733.12,671134.45,57587.4,51318.14,0.0,1,On Time,No,N/A,800000,1.0786,Compliant
MA-010767,Metro Retail Solutions,2025,Income,Construction,Worcester,914678.78,166655.16,748023.62,59230.57,54334.96,0.0,10,On Time,Yes,Compliant,800000,1.1433,Compliant
MA-010768,Colonial Construction Solutions,2025,Corporate,Healthcare,Boston,977025.73,405199.2,571826.53,46938.1,70567.96,23629.85,4,Amended,No,N/A,1200000,0.8142,Compliant
MA-010769,Federal Professional Services Ventures,2025,Income,Construction,Quincy,625456.8,228768.79,396688.01,29255.89,49744.61,20488.72,9,On Time,No,N/A,800000,0.7818,Underpaid
MA-010770,Summit Real Estate Associates,2025,Corporate,Retail,Fall River,361497.16,105385.71,256111.45,24619.49,25853.26,1233.78,1,Amended,No,N/A,600000,0.6025,Compliant
MA-010771,Harbor Retail Holdings,2024,Income,Manufacturing,Cambridge,1503702.19,407702.01,1096000.17,58246.97,53678.68,0.0,27,Not Filed,No,N/A,1500000,1.0025,Compliant
MA-010772,Pilgrim Healthcare Enterprise,2025,Rooms Occupancy,Restaurant,Boston,0.0,0.0,0.0,0.0,28281.88,28281.88,6,Not Filed,No,N/A,450000,0.0,Non-Filer
MA-010773,Pioneer Manufacturing Services,2025,Rooms Occupancy,Hospitality,Boston,264887.06,99327.48,165559.58,9519.68,12164.06,2644.38,5,On Time,No,N/A,350000,0.7568,Compliant
MA-010774,Colonial Construction Ventures,2022,Income,Professional Services,Boston,324691.28,102907.81,221783.47,14127.66,15338.25,1210.59,5,On Time,No,N/A,500000,0.6494,Compliant
MA-010775,Summit Restaurant Inc,2023,Corporate,Retail,New Bedford,765919.67,161656.45,604263.22,64475.26,53954.81,0.0,15,On Time,No,N/A,600000,1.2765,Compliant
MA-010776,Liberty Restaurant Inc,2023,Income,Construction,Cambridge,340835.22,101859.5,238975.71,25873.47,61347.9,35474.43,8,Late,No,N/A,800000,0.426,Suspicious
MA-010777,Summit Real Estate Associates,2023,Sales/Use,Retail,Chelsea,440275.19,141216.39,299058.81,18691.18,21871.67,3180.5,1,On Time,No,N/A,600000,0.7338,Compliant
MA-010778,Central Real Estate Holdings,2024,Income,Restaurant,Cambridge,219114.55,49391.61,169722.94,16841.46,34528.75,17687.29,7,On Time,No,N/A,450000,0.4869,Suspicious
MA-010779,Patriot Hospitality Group,2024,Sales/Use,Real Estate,Boston,964771.5,313388.42,651383.08,40711.44,38448.05,0.0,7,On Time,No,N/A,700000,1.3782,Compliant
MA-010780,Commonwealth Real Estate LLC,2023,Corporate,Professional Services,Boston,745948.83,294671.21,451277.62,32976.05,39236.33,6260.28,8,Amended,No,N/A,500000,1.4919,Compliant
MA-010781,Summit Auto Repair LLC,2022,Meals,Restaurant,Cambridge,191873.52,64033.91,127839.61,8948.77,26080.17,17131.4,1,Not Filed,No,N/A,450000,0.4264,Suspicious
MA-010782,Atlantic Construction Inc,2022,Income,Auto Repair,Worcester,39120.26,9428.98,29691.28,3250.85,4133.51,882.66,5,On Time,Yes,Underpaid,300000,0.1304,Underpaid
MA-010783,Liberty Restaurant Inc,2025,Corporate,Manufacturing,Brockton,1865091.18,496370.59,1368720.59,104578.39,117769.02,13190.63,21,On Time,No,N/A,1500000,1.2434,Compliant
MA-010784,Patriot Manufacturing LLC,2024,Income,Healthcare,Boston,1172562.38,257506.46,915055.93,83456.05,90022.09,6566.04,17,On Time,No,N/A,1200000,0.9771,Compliant
MA-010785,Liberty Hospitality Holdings,2022,Sales/Use,Hospitality,Fall River,155290.38,43724.61,111565.77,6972.86,8058.52,1085.66,1,On Time,No,N/A,350000,0.4437,Compliant
MA-010786,Pioneer Construction Enterprise,2023,Special Fuels,Healthcare,Quincy,1133691.51,196030.41,937661.1,225038.66,241251.84,16213.18,12,On Time,No,N/A,1200000,0.9447,Underpaid
MA-010787,Cape Manufacturing Group,2023,Rooms Occupancy,Professional Services,Brockton,267609.33,63638.84,203970.49,11728.3,22864.43,11136.12,1,Late,No,N/A,500000,0.5352,Suspicious
MA-010788,Summit Auto Repair LLC,2022,Corporate,Retail,New Bedford,510647.8,119458.47,391189.33,25133.46,36639.76,11506.29,8,Amended,No,N/A,600000,0.8511,Underpaid
MA-010789,Metro Restaurant Group,2024,Income,Retail,New Bedford,290210.48,104331.42,185879.06,17750.25,20081.49,2331.23,9,Late,Yes,Compliant,600000,0.4837,Compliant
MA-010790,Northern Construction Services,2022,Corporate,Restaurant,Worcester,339653.51,138861.17,200792.34,15446.24,21987.19,6540.95,1,On Time,No,N/A,450000,0.7548,Compliant
MA-010791,Metro Retail Ventures,2024,Income,Restaurant,Springfield,457328.95,152117.57,305211.38,34342.95,35948.23,1605.28,11,On Time,No,N/A,450000,1.0163,Compliant
MA-010792,Metro Restaurant Group,2024,Meals,Manufacturing,Chelsea,984901.32,363199.93,621701.39,43519.1,48814.95,5295.85,12,Late,Yes,Compliant,1500000,0.6566,Compliant
MA-010793,Cape Retail Group,2025,Sales/Use,Construction,New Bedford,930401.28,184930.9,745470.39,46591.9,44908.21,0.0,15,On Time,No,N/A,800000,1.163,Compliant
MA-010794,Metro Professional Services Associates,2024,Income,Auto Repair,Boston,202894.4,65195.0,137699.4,7257.09,13311.24,6054.14,2,Not Filed,No,N/A,300000,0.6763,Underpaid
MA-010795,Valley Construction Corp,2022,Meals,Retail,Lowell,347933.12,140661.64,207271.49,14509.0,23152.1,8643.1,5,On Time,Yes,Underpaid,600000,0.5799,Underpaid
MA-010796,Pilgrim Healthcare Holdings,2023,Sales/Use,Restaurant,Worcester,96277.48,32069.89,64207.59,4012.97,14227.52,10214.54,1,On Time,Yes,Underpaid,450000,0.2139,Suspicious
MA-010797,Summit Professional Services Services,2023,Meals,Manufacturing,Worcester,1738546.89,286641.01,1451905.88,101633.41,99484.54,0.0,25,On Time,Yes,Compliant,1500000,1.159,Compliant
MA-010798,Metro Retail Corp,2023,Income,Hospitality,Chelsea,0.0,0.0,0.0,0.0,2313.66,2313.66,1,Not Filed,No,N/A,350000,0.0,Non-Filer
MA-010799,Atlantic Restaurant Inc,2022,Income,Healthcare,Boston,1386490.79,292844.29,1093646.5,98346.83,89066.84,0.0,28,On Time,No,N/A,1200000,1.1554,Compliant
MA-010800,Patriot Hospitality Inc,2022,Income,Restaurant,Springfield,474646.69,198980.28,275666.41,21014.08,22849.22,1835.14,2,On Time,No,N/A,450000,1.0548,Compliant
MA-010801,Colonial Healthcare Co,2023,Income,Restaurant,Worcester,435582.0,132085.38,303496.62,31764.31,33097.28,1332.97,12,On Time,No,N/A,450000,0.968,Compliant
MA-010802,Summit Manufacturing Inc,2022,Meals,Retail,Boston,494244.93,85768.05,408476.88,28593.38,27503.44,0.0,1,Late,No,N/A,600000,0.8237,Compliant
MA-010803,Colonial Retail Group,2025,Sales/Use,Retail,Cambridge,356608.11,58993.48,297614.62,18600.91,23773.42,5172.5,1,Late,No,N/A,600000,0.5943,Underpaid
MA-010804,Valley Restaurant Associates,2024,Meals,Construction,Worcester,705626.19,154720.69,550905.5,38563.39,46101.52,7538.14,18,On Time,No,N/A,800000,0.882,Underpaid
MA-010805,Cape Real Estate Inc,2025,Special Fuels,Professional Services,Springfield,534513.3,138272.76,396240.53,95097.73,100892.29,5794.56,5,On Time,No,N/A,500000,1.069,Compliant
MA-010806,Colonial Retail Group,2023,Meals,Manufacturing,Boston,612364.18,214187.11,398177.07,27872.4,69089.09,41216.7,9,On Time,No,N/A,1500000,0.4082,Suspicious
MA-010807,Eastern Healthcare Solutions,2023,Corporate,Retail,Boston,240311.11,49017.39,191293.72,15644.93,51870.0,36225.07,9,On Time,No,N/A,600000,0.4005,Suspicious
MA-010808,Coastal Manufacturing Group,2022,Corporate,Manufacturing,New Bedford,785489.31,157161.24,628328.07,34627.81,58038.51,23410.71,33,Amended,No,N/A,1500000,0.5237,Underpaid
MA-010809,Commonwealth Hospitality LLC,2023,Income,Construction,Springfield,918513.41,230539.65,687973.76,63715.33,68256.41,4541.09,7,On Time,No,N/A,800000,1.1481,Compliant
MA-010810,Valley Healthcare Enterprise,2025,Rooms Occupancy,Restaurant,Lynn,245829.44,72060.43,173769.01,9991.72,18270.43,8278.71,10,On Time,No,N/A,450000,0.5463,Underpaid
MA-010811,Metro Healthcare Group,2022,Rooms Occupancy,Manufacturing,Lynn,1536379.32,529776.51,1006602.81,57879.66,69289.25,11409.58,12,Amended,No,N/A,1500000,1.0243,Compliant
MA-010812,Central Real Estate Solutions,2022,Rooms Occupancy,Construction,Chelsea,1082667.73,453844.01,628823.72,36157.36,45404.94,9247.58,10,On Time,No,N/A,800000,1.3533,Compliant
MA-010813,Colonial Hospitality Associates,2023,Corporate,Construction,Worcester,701036.68,258889.67,442147.01,35432.62,86700.47,51267.85,22,On Time,No,N/A,800000,0.8763,Suspicious
MA-010814,Eastern Real Estate Associates,2024,Income,Retail,Worcester,493653.27,213140.46,280512.81,19119.76,25359.69,6239.93,12,On Time,Yes,Compliant,600000,0.8228,Compliant
MA-010815,Atlantic Construction Group,2023,Sales/Use,Retail,Boston,637539.92,198513.85,439026.07,27439.13,31099.37,3660.24,11,On Time,No,N/A,600000,1.0626,Compliant
MA-010816,Beacon Retail LLC,2025,Income,Manufacturing,Worcester,1734325.28,737779.47,996545.81,99791.67,116229.72,16438.05,17,On Time,Yes,Underpaid,1500000,1.1562,Compliant
MA-010817,Beacon Retail LLC,2024,Income,Construction,Boston,0.0,0.0,0.0,0.0,49915.72,49915.72,12,Not Filed,Yes,Underpaid,800000,0.0,Non-Filer
MA-010818,Southern Healthcare Holdings,2022,Sales/Use,Retail,Springfield,139395.01,25109.45,114285.56,7142.85,23619.86,16477.02,4,On Time,No,N/A,600000,0.2323,Suspicious
MA-010819,Eastern Auto Repair Corp,2022,Meals,Restaurant,Chelsea,309380.04,127351.48,182028.56,12742.0,17304.9,4562.9,5,On Time,No,N/A,450000,0.6875,Compliant
MA-010820,Coastal Construction Ventures,2025,Income,Construction,Cambridge,1360405.64,414776.62,945629.02,95158.51,115238.02,20079.52,12,On Time,No,N/A,800000,1.7005,Compliant
MA-010821,Bay State Construction Services,2022,Sales/Use,Construction,Chelsea,817843.15,180264.68,637578.47,39848.65,39367.29,0.0,17,On Time,No,N/A,800000,1.0223,Compliant
MA-010822,Patriot Professional Services Solutions,2024,Meals,Real Estate,Quincy,454070.71,116759.0,337311.71,23611.82,35886.0,12274.18,10,On Time,Yes,Underpaid,700000,0.6487,Underpaid
MA-010823,Colonial Professional Services Holdings,2025,Income,Hospitality,Fall River,215307.69,94066.78,121240.91,11668.58,16714.29,5045.71,4,On Time,No,N/A,350000,0.6152,Compliant
MA-010824,Harbor Construction Partners,2025,Meals,Restaurant,Quincy,413107.11,124860.06,288247.05,20177.29,19848.63,0.0,10,On Time,No,N/A,450000,0.918,Compliant
MA-010825,Commonwealth Retail Group,2024,Income,Restaurant,Fall River,621743.89,263439.49,358304.4,24644.97,30430.33,5785.36,20,On Time,No,N/A,450000,1.3817,Compliant
MA-010826,Pioneer Retail Group,2023,Corporate,Manufacturing,Worcester,1869978.5,624556.35,1245422.15,91012.83,95351.32,4338.49,24,On Time,Yes,Compliant,1500000,1.2467,Compliant
MA-010827,Harbor Professional Services Inc,2024,Sales/Use,Manufacturing,Boston,1525193.16,325078.17,1200114.99,75007.19,74160.17,0.0,18,Late,No,N/A,1500000,1.0168,Compliant
MA-010828,Harbor Restaurant Inc,2024,Sales/Use,Hospitality,Springfield,379509.47,140418.62,239090.85,14943.18,16161.75,1218.58,3,Amended,Yes,Compliant,350000,1.0843,Compliant
MA-010829,Colonial Construction Solutions,2025,Corporate,Auto Repair,Boston,308291.42,117682.08,190609.34,12830.22,16966.14,4135.92,10,On Time,Yes,Compliant,300000,1.0276,Compliant
MA-010830,Metro Professional Services Associates,2024,Sales/Use,Professional Services,Boston,325310.03,120296.93,205013.1,12813.32,16857.12,4043.8,9,On Time,No,N/A,500000,0.6506,Compliant
MA-010831,Commonwealth Professional Services Solutions,2025,Income,Healthcare,Lynn,838265.5,232657.08,605608.42,61798.61,139133.14,77334.53,20,Late,No,N/A,1200000,0.6986,Suspicious
MA-010832,Commonwealth Professional Services Partners,2025,Sales/Use,Restaurant,Somerville,130487.94,30477.72,100010.21,6250.64,6529.41,278.77,1,On Time,No,N/A,450000,0.29,Compliant
MA-010833,Patriot Real Estate Partners,2025,Special Fuels,Construction,Springfield,815342.28,263652.22,551690.06,132405.62,241155.32,108749.7,14,Late,No,N/A,800000,1.0192,Underpaid
MA-010834,Northern Real Estate Co,2024,Income,Construction,Cambridge,479382.34,152570.92,326811.42,21091.67,21357.42,265.75,3,On Time,No,N/A,800000,0.5992,Compliant
MA-010835,Northern Construction Services,2023,Meals,Restaurant,Springfield,565231.06,142076.79,423154.27,29620.8,33062.8,3442.0,9,Late,No,N/A,450000,1.2561,Compliant
MA-010836,Central Real Estate Partners,2023,Income,Healthcare,Springfield,1104406.78,483556.32,620850.46,41287.64,55652.17,14364.53,11,On Time,No,N/A,1200000,0.9203,Compliant
MA-010837,Cape Retail Group,2022,Sales/Use,Healthcare,New Bedford,1070097.65,212551.29,857546.36,53596.65,45668.37,0.0,8,On Time,No,N/A,1200000,0.8917,Compliant
MA-010838,Eastern Professional Services Partners,2025,Income,Construction,Somerville,894293.43,335089.99,559203.44,49375.4,87351.58,37976.18,14,On Time,No,N/A,800000,1.1179,Underpaid
MA-010839,Pilgrim Professional Services Holdings,2024,Rooms Occupancy,Construction,Worcester,488363.58,97567.08,390796.49,22470.8,53058.18,30587.38,22,On Time,No,N/A,800000,0.6105,Suspicious
MA-010840,Metro Retail Group,2024,Corporate,Manufacturing,Somerville,1055801.73,386464.69,669337.04,73404.68,180421.99,107017.31,22,On Time,No,N/A,1500000,0.7039,Suspicious
MA-010841,Coastal Healthcare Solutions,2023,Corporate,Manufacturing,Boston,0.0,0.0,0.0,0.0,76418.19,76418.19,21,Not Filed,No,N/A,1500000,0.0,Non-Filer
MA-010842,Summit Real Estate Associates,2023,Corporate,Retail,Boston,407773.15,138090.96,269682.19,31000.39,38318.71,7318.32,6,On Time,No,N/A,600000,0.6796,Compliant
MA-010843,Northern Restaurant Partners,2025,Corporate,Hospitality,Chelsea,202313.73,66316.77,135996.96,7780.16,9623.11,1842.95,8,On Time,No,N/A,350000,0.578,Compliant
MA-010844,Eastern Real Estate LLC,2025,Corporate,Healthcare,Boston,437538.66,192515.99,245022.67,24896.41,74896.64,50000.23,13,On Time,No,N/A,1200000,0.3646,Suspicious
MA-010845,Beacon Professional Services Holdings,2023,Income,Retail,Boston,633236.79,185309.91,447926.88,22404.08,27406.62,5002.53,6,Amended,No,N/A,600000,1.0554,Compliant
MA-010846,Patriot Hospitality Inc,2025,Corporate,Restaurant,Fall River,334763.28,89707.85,245055.42,25528.5,39722.83,14194.34,4,On Time,No,N/A,450000,0.7439,Underpaid
MA-010847,Cape Hospitality LLC,2023,Income,Hospitality,Worcester,347009.76,139485.03,207524.73,18518.26,30501.73,11983.47,1,Not Filed,No,N/A,350000,0.9915,Underpaid
MA-010848,Coastal Healthcare Inc,2024,Corporate,Professional Services,Chelsea,520974.95,182868.32,338106.63,34146.88,42618.17,8471.29,16,On Time,No,N/A,500000,1.0419,Compliant
MA-010849,Patriot Retail Partners,2023,Corporate,Real Estate,Lynn,443662.93,92488.9,351174.04,31968.49,32123.28,154.79,2,Not Filed,No,N/A,700000,0.6338,Compliant
MA-010850,Summit Healthcare Group,2024,Income,Auto Repair,Cambridge,347816.93,156072.88,191744.05,19039.9,27745.37,8705.47,5,On Time,Yes,Compliant,300000,1.1594,Compliant
MA-010851,Cape Professional Services Enterprise,2025,Corporate,Restaurant,New Bedford,374063.28,117334.75,256728.53,14703.38,22339.57,7636.19,8,On Time,No,N/A,450000,0.8313,Underpaid
MA-010852,Northern Auto Repair Co,2023,Income,Professional Services,New Bedford,348165.67,118809.25,229356.41,12468.45,27732.5,15264.04,13,On Time,No,N/A,500000,0.6963,Underpaid
MA-010853,Northern Real Estate Co,2022,Sales/Use,Real Estate,Boston,517538.39,187759.14,329779.25,20611.2,33545.37,12934.16,8,Late,No,N/A,700000,0.7393,Underpaid
MA-010854,Summit Restaurant LLC,2025,Rooms Occupancy,Auto Repair,Cambridge,209148.1,83139.35,126008.75,7245.5,15831.53,8586.03,14,Late,No,N/A,300000,0.6972,Underpaid
MA-010855,Northern Manufacturing Co,2023,Income,Restaurant,Springfield,440721.15,176886.92,263834.23,13251.26,17179.19,3927.93,1,On Time,No,N/A,450000,0.9794,Compliant
MA-010856,Summit Restaurant Partners,2025,Sales/Use,Retail,Chelsea,840271.77,172841.94,667429.83,41714.36,37568.0,0.0,9,On Time,No,N/A,600000,1.4005,Compliant
MA-010857,Metro Retail LLC,2024,Income,Manufacturing,Fall River,258135.22,103561.92,154573.31,14678.62,26307.7,11629.07,9,On Time,No,N/A,1500000,0.1721,Underpaid
MA-010858,Coastal Healthcare Inc,2024,Income,Manufacturing,Boston,1221735.7,489406.04,732329.66,50601.02,68984.24,18383.22,14,On Time,No,N/A,1500000,0.8145,Compliant
MA-010859,Valley Manufacturing Group,2024,Income,Retail,Springfield,471083.92,187891.83,283192.09,27779.1,53334.61,25555.51,9,On Time,No,N/A,600000,0.7851,Underpaid
MA-010860,Summit Auto Repair LLC,2025,Sales/Use,Healthcare,Boston,944584.75,238653.45,705931.31,44120.71,60863.01,16742.3,16,On Time,No,N/A,1200000,0.7872,Underpaid
MA-010861,Liberty Restaurant Associates,2023,Corporate,Professional Services,Worcester,617351.82,188359.56,428992.26,40401.61,42116.97,1715.35,6,On Time,No,N/A,500000,1.2347,Compliant
MA-010862,Pilgrim Healthcare Enterprise,2022,Sales/Use,Retail,Chelsea,775379.13,118144.12,657235.0,41077.19,35785.95,0.0,12,Late,No,N/A,600000,1.2923,Compliant
MA-010863,Harbor Hospitality Enterprise,2024,Rooms Occupancy,Professional Services,Boston,315761.26,124020.41,191740.84,11025.1,14467.26,3442.16,9,On Time,No,N/A,500000,0.6315,Compliant
MA-010864,Coastal Professional Services Solutions,2024,Meals,Construction,Springfield,650624.45,156183.69,494440.76,34610.85,29345.72,0.0,12,On Time,No,N/A,800000,0.8133,Compliant
MA-010865,Colonial Construction Holdings,2025,Corporate,Manufacturing,Quincy,0.0,0.0,0.0,0.0,65446.97,65446.97,30,Not Filed,No,N/A,1500000,0.0,Non-Filer
MA-010866,Northern Real Estate Partners,2023,Rooms Occupancy,Hospitality,Somerville,317791.66,139184.48,178607.18,10269.91,12189.3,1919.38,2,Late,No,N/A,350000,0.908,Compliant
MA-010867,Metro Retail LLC,2023,Corporate,Manufacturing,Fall River,1547361.57,371962.05,1175399.52,65383.09,66548.5,1165.41,17,On Time,No,N/A,1500000,1.0316,Compliant
MA-010868,Atlantic Real Estate Partners,2024,Sales/Use,Restaurant,Boston,568326.95,202344.82,365982.14,22873.88,25302.06,2428.17,1,On Time,No,N/A,450000,1.2629,Compliant
MA-010869,Northern Healthcare Inc,2022,Sales/Use,Professional Services,Brockton,183116.89,69946.65,113170.24,7073.14,13003.04,5929.9,1,On Time,No,N/A,500000,0.3662,Underpaid
MA-010870,Summit Auto Repair LLC,2022,Corporate,Professional Services,Springfield,487138.34,105469.45,381668.89,35341.23,43274.44,7933.21,16,On Time,No,N/A,500000,0.9743,Underpaid
MA-010871,Atlantic Restaurant Inc,2025,Sales/Use,Retail,Brockton,561040.21,119708.98,441331.23,27583.2,27613.42,30.21,6,On Time,No,N/A,600000,0.9351,Compliant
MA-010872,Harbor Retail Solutions,2025,Income,Professional Services,Springfield,536113.18,148246.59,387866.59,23833.63,22475.42,0.0,12,Late,No,N/A,500000,1.0722,Compliant
MA-010873,Atlantic Restaurant Group,2022,Sales/Use,Construction,Boston,288900.33,70985.05,217915.29,13619.71,23971.99,10352.28,7,Amended,No,N/A,800000,0.3611,Underpaid
MA-010874,Federal Restaurant Services,2025,Special Fuels,Construction,Cambridge,1066190.27,362755.41,703434.86,168824.37,191225.7,22401.34,16,Late,No,N/A,800000,1.3327,Compliant
MA-010875,Valley Auto Repair Inc,2024,Corporate,Construction,Springfield,829355.07,229913.43,599441.64,61846.05,59756.97,0.0,15,Not Filed,Yes,Compliant,800000,1.0367,Compliant
MA-010876,Southern Real Estate LLC,2025,Income,Auto Repair,New Bedford,48107.76,14282.54,33825.22,2560.48,2544.06,0.0,4,On Time,No,N/A,300000,0.1604,Compliant
MA-010877,Pioneer Healthcare Partners,2022,Income,Retail,Worcester,465293.46,132157.79,333135.67,23598.61,28013.89,4415.28,1,On Time,Yes,Compliant,600000,0.7755,Compliant
MA-010878,Coastal Manufacturing Group,2022,Income,Healthcare,Springfield,1394804.24,324164.88,1070639.36,126367.24,118061.99,0.0,24,Late,No,N/A,1200000,1.1623,Compliant
MA-010879,Atlantic Healthcare Holdings,2025,Sales/Use,Manufacturing,Brockton,1380715.99,611730.36,768985.63,48061.6,64625.42,16563.82,22,On Time,No,N/A,1500000,0.9205,Compliant
MA-010880,Federal Restaurant Services,2024,Income,Construction,Somerville,1315360.55,482050.95,833309.6,84987.53,109206.25,24218.71,22,On Time,No,N/A,800000,1.6442,Compliant
MA-010881,Coastal Auto Repair Holdings,2024,Sales/Use,Real Estate,Fall River,358666.68,139767.47,218899.22,13681.2,53775.79,40094.59,17,On Time,No,N/A,700000,0.5124,Suspicious
MA-010882,Colonial Hospitality Co,2023,Sales/Use,Manufacturing,Springfield,1522135.23,311091.14,1211044.09,75690.26,76214.77,524.52,11,On Time,Yes,Compliant,1500000,1.0148,Compliant
MA-010883,Summit Auto Repair Solutions,2025,Income,Manufacturing,Lowell,1321497.25,287356.18,1034141.07,103032.09,110544.68,7512.59,12,Late,No,N/A,1500000,0.881,Compliant
MA-010884,Commonwealth Healthcare Enterprise,2025,Corporate,Professional Services,Chelsea,888596.47,281949.12,606647.35,44895.88,51820.02,6924.15,10,On Time,No,N/A,500000,1.7772,Compliant
MA-010885,Pilgrim Manufacturing Services,2023,Corporate,Restaurant,Brockton,476009.14,152986.47,323022.66,17928.6,19571.43,1642.83,8,On Time,No,N/A,450000,1.0578,Compliant
MA-010886,Commonwealth Professional Services Partners,2024,Corporate,Restaurant,New Bedford,455051.14,89540.48,365510.66,33241.58,30108.34,0.0,14,Late,No,N/A,450000,1.0112,Compliant
MA-010887,Harbor Professional Services Group,2024,Meals,Construction,Fall River,0.0,0.0,0.0,0.0,31870.54,31870.54,8,Not Filed,No,N/A,800000,0.0,Non-Filer
MA-010888,Colonial Retail Inc,2023,Corporate,Auto Repair,Boston,218057.42,83572.12,134485.3,13638.46,17623.36,3984.9,1,On Time,No,N/A,300000,0.7269,Compliant
MA-010889,Metro Retail Services,2024,Sales/Use,Manufacturing,Springfield,1240059.99,543235.34,696824.65,43551.54,52067.12,8515.58,14,On Time,No,N/A,1500000,0.8267,Compliant
MA-010890,Commonwealth Hospitality Ventures,2025,Meals,Healthcare,Springfield,704203.35,300816.78,403386.58,28237.06,58625.51,30388.45,9,On Time,No,N/A,1200000,0.5868,Underpaid
MA-010891,Liberty Restaurant Inc,2023,Corporate,Healthcare,Worcester,647233.0,286254.47,360978.53,28416.43,36267.54,7851.1,7,Amended,No,N/A,1200000,0.5394,Compliant
MA-010892,Central Real Estate Holdings,2025,Special Fuels,Restaurant,Chelsea,225846.42,65850.96,159995.47,38398.91,44776.21,6377.3,6,On Time,No,N/A,450000,0.5019,Compliant
MA-010893,Harbor Restaurant Inc,2023,Sales/Use,Professional Services,Quincy,320124.21,93364.44,226759.77,14172.49,22763.66,8591.18,1,On Time,No,N/A,500000,0.6402,Underpaid
MA-010894,Metro Retail LLC,2025,Income,Restaurant,Boston,423384.38,164707.56,258676.82,30548.79,35747.37,5198.58,1,On Time,Yes,Compliant,450000,0.9409,Compliant
MA-010895,Harbor Retail Group,2025,Income,Retail,Lynn,632788.84,223413.51,409375.33,45315.55,47829.45,2513.89,15,Not Filed,No,N/A,600000,1.0546,Compliant
MA-010896,Patriot Restaurant Co,2022,Income,Restaurant,Springfield,169300.67,26599.85,142700.82,11937.86,9948.07,0.0,2,Late,No,N/A,450000,0.3762,Compliant
MA-010897,Patriot Hospitality Group,2024,Meals,Construction,Brockton,763211.73,212612.9,550598.83,38541.92,43435.63,4893.71,12,Late,Yes,Compliant,800000,0.954,Compliant
MA-010898,Patriot Healthcare Group,2023,Income,Manufacturing,Fall River,1672946.74,650217.4,1022729.34,66176.67,86343.63,20166.96,16,On Time,No,N/A,1500000,1.1153,Compliant
MA-010899,Commonwealth Hospitality Ventures,2023,Corporate,Restaurant,Quincy,399916.94,154452.8,245464.15,24293.42,29306.67,5013.25,1,On Time,No,N/A,450000,0.8887,Compliant
MA-010900,Northern Restaurant Corp,2023,Income,Manufacturing,Boston,1308395.88,477238.71,831157.17,74583.72,144301.65,69717.93,25,On Time,No,N/A,1500000,0.8723,Underpaid
MA-010901,Metro Healthcare Corp,2023,Meals,Professional Services,Boston,275565.56,60176.74,215388.82,15077.22,40078.56,25001.35,10,On Time,No,N/A,500000,0.5511,Suspicious
MA-010902,Atlantic Healthcare Enterprise,2025,Corporate,Restaurant,Boston,338384.0,66581.47,271802.53,29812.04,29676.96,0.0,1,On Time,No,N/A,450000,0.752,Compliant
MA-010903,Summit Auto Repair Inc,2025,Income,Hospitality,Cambridge,135878.06,23021.25,112856.82,7418.95,7103.82,0.0,1,On Time,No,N/A,350000,0.3882,Compliant
MA-010904,Central Hospitality Inc,2023,Income,Healthcare,New Bedford,1324968.39,203594.96,1121373.44,114646.93,91685.77,0.0,18,On Time,No,N/A,1200000,1.1041,Compliant
MA-010905,Patriot Hospitality Group,2022,Corporate,Hospitality,New Bedford,0.0,0.0,0.0,0.0,7272.66,7272.66,6,Not Filed,No,N/A,350000,0.0,Non-Filer
MA-010906,Northern Real Estate Partners,2025,Meals,Healthcare,Boston,1036703.98,212322.57,824381.41,57706.7,46705.66,0.0,13,On Time,No,N/A,1200000,0.8639,Compliant
MA-010907,Bay State Real Estate Services,2024,Income,Retail,New Bedford,710283.06,302040.8,408242.26,46306.87,86164.02,39857.15,16,On Time,No,N/A,600000,1.1838,Underpaid
MA-010908,Metro Hospitality Ventures,2025,Meals,Retail,Boston,144945.33,56094.55,88850.79,6219.56,31945.76,25726.2,2,On Time,No,N/A,600000,0.2416,Suspicious
MA-010909,Summit Auto Repair Solutions,2023,Income,Construction,Cambridge,155717.49,63585.95,92131.54,5325.82,6006.21,680.39,1,On Time,No,N/A,800000,0.1946,Compliant
MA-010910,Cape Restaurant Services,2025,Sales/Use,Restaurant,Fall River,408739.95,138701.19,270038.77,16877.42,20505.31,3627.88,1,On Time,No,N/A,450000,0.9083,Compliant
MA-010911,Colonial Professional Services Services,2023,Income,Retail,Lowell,562778.76,158711.01,404067.76,47844.06,44895.76,0.0,7,On Time,No,N/A,600000,0.938,Compliant
MA-010912,Coastal Healthcare Inc,2023,Corporate,Retail,Somerville,544185.82,232687.65,311498.16,25238.79,32487.81,7249.02,3,On Time,No,N/A,600000,0.907,Compliant
MA-010913,Eastern Construction Services,2023,Meals,Restaurant,Fall River,476743.08,86230.97,390512.11,27335.85,26283.58,0.0,8,On Time,No,N/A,450000,1.0594,Compliant
MA-010914,Federal Real Estate Corp,2025,Income,Healthcare,Boston,737650.78,322362.31,415288.47,49286.77,65207.01,15920.24,16,Amended,No,N/A,1200000,0.6147,Compliant
MA-010915,Northern Professional Services LLC,2025,Rooms Occupancy,Manufacturing,Worcester,1483594.84,591612.2,891982.63,51289.0,65642.29,14353.29,18,On Time,No,N/A,1500000,0.9891,Compliant
MA-010916,Beacon Professional Services Co,2025,Income,Healthcare,Fall River,1528580.98,676390.55,852190.43,88366.52,130136.69,41770.16,19,Not Filed,No,N/A,1200000,1.2738,Compliant
MA-010917,Patriot Professional Services Co,2024,Income,Retail,New Bedford,512093.7,162841.54,349252.16,22338.74,40810.06,18471.31,11,On Time,No,N/A,600000,0.8535,Underpaid
MA-010918,Coastal Professional Services Solutions,2024,Income,Hospitality,Boston,191056.06,84320.67,106735.38,5680.46,10567.61,4887.15,5,On Time,No,N/A,350000,0.5459,Underpaid
MA-010919,Northern Construction Services,2025,Income,Auto Repair,Cambridge,181470.18,47333.71,134136.47,15379.07,17617.63,2238.56,2,On Time,Yes,Compliant,300000,0.6049,Compliant
MA-010920,Metro Healthcare Group,2023,Corporate,Retail,Fall River,597023.09,168049.08,428974.01,31293.2,32060.13,766.93,6,On Time,No,N/A,600000,0.995,Compliant
MA-010921,Eastern Hospitality Associates,2023,Sales/Use,Healthcare,Brockton,528091.12,196300.7,331790.42,20736.9,47275.76,26538.85,4,Late,No,N/A,1200000,0.4401,Suspicious
MA-010922,Atlantic Healthcare Inc,2024,Income,Manufacturing,New Bedford,1188744.04,524749.18,663994.86,45239.17,60898.17,15659.0,15,On Time,No,N/A,1500000,0.7925,Compliant
MA-010923,Valley Auto Repair Ventures,2025,Corporate,Restaurant,Lowell,497186.49,130283.89,366902.59,32874.48,27641.42,0.0,1,Late,No,N/A,450000,1.1049,Compliant
MA-010924,Eastern Healthcare Solutions,2024,Corporate,Hospitality,Worcester,480582.56,85372.16,395210.41,35205.48,36997.42,1791.94,1,On Time,No,N/A,350000,1.3731,Compliant
MA-010925,Federal Hospitality Corp,2025,Sales/Use,Construction,Brockton,1044267.53,370909.15,673358.38,42084.9,46800.24,4715.35,15,On Time,No,N/A,800000,1.3053,Compliant
MA-010926,Northern Healthcare LLC,2024,Income,Hospitality,Somerville,271200.72,104231.62,166969.1,16991.13,18307.04,1315.91,12,On Time,No,N/A,350000,0.7749,Compliant
MA-010927,Liberty Professional Services Co,2025,Sales/Use,Construction,Worcester,426464.01,173431.14,253032.87,15814.55,20248.4,4433.84,10,On Time,No,N/A,800000,0.5331,Compliant
MA-010928,Patriot Restaurant Co,2024,Income,Healthcare,Lowell,1643918.01,348252.94,1295665.07,81252.54,84773.13,3520.59,16,Amended,No,N/A,1200000,1.3699,Compliant
MA-010929,Patriot Hospitality Inc,2022,Corporate,Hospitality,Fall River,231374.59,48706.76,182667.83,11221.33,20704.61,9483.28,5,Amended,No,N/A,350000,0.6611,Suspicious
MA-010930,Valley Construction Corp,2025,Income,Auto Repair,Fall River,327026.13,122040.5,204985.63,20866.29,25908.33,5042.04,5,Late,No,N/A,300000,1.0901,Compliant
MA-010931,Pilgrim Manufacturing Enterprise,2022,Corporate,Construction,Boston,765656.15,233485.97,532170.19,32676.21,37694.48,5018.27,13,Not Filed,No,N/A,800000,0.9571,Compliant
MA-010932,Summit Auto Repair Services,2025,Special Fuels,Professional Services,Worcester,643272.18,188731.99,454540.18,109089.64,115439.5,6349.86,1,On Time,No,N/A,500000,1.2865,Compliant
MA-010933,Cape Real Estate Ventures,2022,Corporate,Restaurant,Springfield,617584.95,267897.34,349687.6,33444.17,49655.04,16210.87,1,On Time,No,N/A,450000,1.3724,Compliant
MA-010934,Eastern Real Estate Associates,2022,Rooms Occupancy,Professional Services,Brockton,180799.69,73083.65,107716.04,6193.67,32122.43,25928.76,14,Late,Yes,Fraud,500000,0.3616,Suspicious
MA-010935,Colonial Retail Associates,2023,Income,Restaurant,Springfield,283917.48,56001.25,227916.23,14146.62,11779.49,0.0,1,On Time,No,N/A,450000,0.6309,Compliant
MA-010936,Harbor Hospitality Enterprise,2022,Income,Professional Services,Brockton,298073.41,78081.89,219991.52,23957.02,23782.76,0.0,2,On Time,Yes,Compliant,500000,0.5961,Compliant
MA-010937,Colonial Real Estate Enterprise,2023,Sales/Use,Restaurant,Cambridge,407772.54,125415.08,282357.45,17647.34,20653.24,3005.9,8,On Time,Yes,Underpaid,450000,0.9062,Compliant
MA-010938,Metro Hospitality Ventures,2025,Income,Restaurant,Somerville,265742.28,50576.5,215165.78,19844.52,43090.58,23246.07,15,Not Filed,No,N/A,450000,0.5905,Suspicious
MA-010939,Coastal Real Estate Inc,2024,Income,Construction,Quincy,630895.13,251933.34,378961.79,34101.55,46861.35,12759.8,6,On Time,No,N/A,800000,0.7886,Compliant
MA-010940,Atlantic Construction Associates,2022,Sales/Use,Manufacturing,Boston,185351.14,40381.9,144969.24,9060.58,33451.97,24391.39,4,On Time,No,N/A,1500000,0.1236,Suspicious
MA-010941,Federal Retail Inc,2024,Sales/Use,Retail,Somerville,783040.01,151570.16,631469.86,39466.87,34827.15,0.0,17,Amended,No,N/A,600000,1.3051,Compliant
MA-010942,Federal Hospitality Holdings,2023,Sales/Use,Professional Services,Fall River,287134.61,63556.9,223577.71,13973.61,13381.19,0.0,1,On Time,Yes,Compliant,500000,0.5743,Compliant
MA-010943,Valley Hospitality Associates,2025,Meals,Hospitality,Boston,338604.63,95472.59,243132.04,17019.24,17019.2,0.0,5,Not Filed,No,N/A,350000,0.9674,Compliant
MA-010944,Northern Restaurant Partners,2023,Special Fuels,Construction,Worcester,268309.79,76976.68,191333.1,45919.94,111071.6,65151.65,9,On Time,No,N/A,800000,0.3354,Suspicious
MA-010945,Colonial Hospitality Inc,2025,Meals,Manufacturing,Worcester,1211872.97,536285.74,675587.23,47291.11,60474.91,13183.8,15,On Time,Yes,Compliant,1500000,0.8079,Compliant
MA-010946,Valley Healthcare Ventures,2022,Corporate,Restaurant,Worcester,433898.84,131589.1,302309.74,18114.28,22754.22,4639.95,6,On Time,No,N/A,450000,0.9642,Underpaid
MA-010947,Southern Auto Repair Services,2023,Corporate,Restaurant,New Bedford,396088.38,102506.42,293581.96,19414.47,16797.99,0.0,4,Amended,No,N/A,450000,0.8802,Compliant
MA-010948,Patriot Healthcare Ventures,2023,Income,Retail,Boston,608830.9,168770.8,440060.1,28231.5,31389.25,3157.75,5,Late,No,N/A,600000,1.0147,Compliant
MA-010949,Beacon Hospitality LLC,2025,Corporate,Construction,Springfield,754010.95,113181.63,640829.32,43315.61,36075.46,0.0,17,On Time,No,N/A,800000,0.9425,Compliant
MA-010950,Central Real Estate Partners,2022,Special Fuels,Auto Repair,Chelsea,367573.82,139449.38,228124.44,54749.87,58849.38,4099.51,2,On Time,No,N/A,300000,1.2252,Compliant
MA-010951,Colonial Healthcare Co,2025,Sales/Use,Retail,Fall River,422310.12,185397.18,236912.94,14807.06,36727.23,21920.17,7,On Time,No,N/A,600000,0.7039,Underpaid
MA-010952,Beacon Retail Partners,2023,Rooms Occupancy,Restaurant,New Bedford,487113.43,74640.74,412472.69,23717.18,29749.88,6032.7,9,On Time,No,N/A,450000,1.0825,Underpaid
MA-010953,Pilgrim Healthcare Solutions,2025,Corporate,Restaurant,Lowell,438679.18,86026.3,352652.88,39361.66,33860.29,0.0,7,Late,No,N/A,450000,0.9748,Compliant
MA-010954,Pioneer Auto Repair Group,2024,Income,Hospitality,Lynn,156140.6,56667.83,99472.77,11000.24,13439.58,2439.34,1,On Time,No,N/A,350000,0.4461,Compliant
MA-010955,Northern Hospitality Inc,2024,Sales/Use,Construction,Boston,353905.45,155355.05,198550.4,12409.4,21143.01,8733.61,6,Amended,No,N/A,800000,0.4424,Underpaid
MA-010956,Patriot Hospitality Ventures,2024,Sales/Use,Hospitality,Worcester,567217.56,127836.5,439381.06,27461.32,27151.26,0.0,18,On Time,Yes,Compliant,350000,1.6206,Compliant
MA-010957,Atlantic Manufacturing Corp,2025,Income,Construction,Chelsea,0.0,0.0,0.0,0.0,60791.59,60791.59,14,Not Filed,No,N/A,800000,0.0,Non-Filer
MA-010958,Metro Construction Inc,2022,Sales/Use,Healthcare,Quincy,356231.32,63969.53,292261.79,18266.36,24908.54,6642.18,3,On Time,No,N/A,1200000,0.2969,Underpaid
MA-010959,Southern Retail Inc,2025,Sales/Use,Retail,Chelsea,448951.08,126637.21,322313.87,20144.62,20956.64,812.02,2,Late,No,N/A,600000,0.7483,Compliant
MA-010960,Patriot Professional Services Solutions,2025,Meals,Restaurant,Springfield,411216.85,139466.82,271750.03,19022.5,23318.01,4295.51,2,Amended,No,N/A,450000,0.9138,Compliant
MA-010961,Bay State Auto Repair Associates,2024,Corporate,Construction,Boston,215975.74,48510.38,167465.36,13601.62,14076.1,474.48,6,Late,No,N/A,800000,0.27,Compliant
MA-010962,Harbor Professional Services Partners,2023,Meals,Real Estate,Worcester,424122.82,114681.22,309441.59,21660.91,23585.89,1924.98,6,Late,No,N/A,700000,0.6059,Compliant
MA-010963,Federal Healthcare Co,2023,Corporate,Hospitality,Brockton,612181.72,209265.46,402916.26,28971.57,32321.43,3349.86,2,Late,No,N/A,350000,1.7491,Compliant
MA-010964,Colonial Professional Services Co,2024,Sales/Use,Construction,Worcester,23821.56,10428.9,13392.66,837.04,2454.53,1617.48,1,Late,Yes,Fraud,800000,0.0298,Suspicious
MA-010965,Coastal Construction Solutions,2023,Sales/Use,Auto Repair,New Bedford,393419.97,143008.03,250411.94,15650.75,17097.43,1446.68,14,On Time,No,N/A,300000,1.3114,Compliant
MA-010966,Coastal Construction Solutions,2024,Corporate,Hospitality,Boston,209438.91,77677.69,131761.22,14671.94,15562.02,890.08,5,On Time,No,N/A,350000,0.5984,Compliant
MA-010967,Bay State Construction Corp,2022,Income,Real Estate,Worcester,368960.61,110078.62,258882.0,28044.0,41309.65,13265.65,6,On Time,No,N/A,700000,0.5271,Underpaid
MA-010968,Liberty Manufacturing Partners,2022,Income,Retail,Lowell,1141536.89,458189.18,683347.71,53995.96,65985.83,11989.87,6,On Time,No,N/A,600000,1.9026,Compliant
MA-010969,Patriot Retail Partners,2025,Sales/Use,Construction,Brockton,577531.39,225536.17,351995.22,21999.7,41820.42,19820.72,13,On Time,No,N/A,800000,0.7219,Underpaid
MA-010970,Summit Auto Repair Enterprise,2022,Corporate,Auto Repair,Boston,223033.57,49974.82,173058.75,15173.67,29527.73,14354.06,5,On Time,No,N/A,300000,0.7434,Suspicious
MA-010971,Pioneer Hospitality Associates,2024,Corporate,Manufacturing,Cambridge,1690431.4,617462.8,1072968.6,102090.41,116330.46,14240.06,18,Late,No,N/A,1500000,1.127,Compliant
MA-010972,Atlantic Construction Inc,2025,Income,Construction,Chelsea,924404.07,144793.62,779610.45,63454.66,51609.74,0.0,9,On Time,No,N/A,800000,1.1555,Compliant
MA-010973,Atlantic Real Estate Inc,2024,Income,Construction,New Bedford,962008.26,403041.71,558966.55,29027.35,37419.5,8392.15,10,Not Filed,No,N/A,800000,1.2025,Compliant
MA-010974,Valley Real Estate Associates,2025,Corporate,Manufacturing,Boston,1096139.2,351813.78,744325.42,82856.68,124197.67,41341.0,20,On Time,Yes,Fraud,1500000,0.7308,Underpaid
MA-010975,Commonwealth Hospitality LLC,2022,Income,Professional Services,Worcester,721986.36,123679.16,598307.19,32580.23,29358.53,0.0,8,Late,No,N/A,500000,1.444,Compliant
MA-010976,Coastal Restaurant Co,2023,Meals,Restaurant,Somerville,86243.57,21520.97,64722.61,4530.58,10708.07,6177.48,8,On Time,No,N/A,450000,0.1917,Suspicious
MA-010977,Coastal Construction Services,2025,Meals,Professional Services,Lowell,203831.0,49604.03,154226.97,10795.89,19212.66,8416.77,1,On Time,No,N/A,500000,0.4077,Underpaid
MA-010978,Summit Professional Services Services,2023,Income,Retail,Boston,460746.72,131551.59,329195.12,18626.5,21724.48,3097.98,12,On Time,No,N/A,600000,0.7679,Compliant
MA-010979,Pilgrim Manufacturing Associates,2022,Sales/Use,Restaurant,Chelsea,0.0,0.0,0.0,0.0,6357.88,6357.88,17,Not Filed,No,N/A,450000,0.0,Non-Filer
MA-010980,Southern Retail Solutions,2022,Corporate,Manufacturing,Chelsea,1963493.84,423156.79,1540337.05,114242.73,101616.44,0.0,26,On Time,No,N/A,1500000,1.309,Compliant
MA-010981,Coastal Hospitality Ventures,2023,Rooms Occupancy,Healthcare,Chelsea,658646.45,106458.53,552187.92,31750.81,50293.83,18543.03,16,On Time,No,N/A,1200000,0.5489,Underpaid
MA-010982,Coastal Construction Group,2024,Corporate,Auto Repair,Fall River,352763.26,148184.97,204578.29,17355.52,21785.37,4429.85,7,On Time,No,N/A,300000,1.1759,Compliant
MA-010983,Beacon Construction Enterprise,2025,Rooms Occupancy,Auto Repair,Lynn,202541.12,45342.2,157198.92,9038.94,16799.92,7760.98,4,Not Filed,No,N/A,300000,0.6751,Underpaid
MA-010984,Atlantic Retail Group,2022,Income,Construction,Fall River,342464.64,137574.44,204890.2,11661.25,31454.37,19793.12,8,Late,No,N/A,800000,0.4281,Suspicious
MA-010985,Commonwealth Hospitality Ventures,2025,Sales/Use,Retail,Cambridge,550937.77,156670.93,394266.84,24641.68,28415.29,3773.61,12,On Time,No,N/A,600000,0.9182,Compliant
MA-010986,Cape Professional Services Enterprise,2022,Income,Construction,Springfield,988792.82,239059.72,749733.09,89563.2,81303.33,0.0,1,On Time,No,N/A,800000,1.236,Compliant
MA-010987,Eastern Construction Services,2022,Income,Professional Services,Cambridge,445859.19,90066.96,355792.24,25601.3,37375.61,11774.31,8,Amended,Yes,Compliant,500000,0.8917,Underpaid
MA-010988,Colonial Retail Associates,2025,Corporate,Construction,Worcester,558155.38,197776.78,360378.59,19147.08,34064.65,14917.57,7,On Time,No,N/A,800000,0.6977,Underpaid
MA-010989,Eastern Professional Services Partners,2023,Corporate,Restaurant,Boston,588650.65,251133.62,337517.04,21743.55,28379.91,6636.36,12,On Time,No,N/A,450000,1.3081,Compliant
MA-010990,Metro Healthcare Ventures,2024,Meals,Restaurant,Boston,220997.95,88694.48,132303.47,9261.24,19667.74,10406.5,6,Not Filed,Yes,Underpaid,450000,0.4911,Underpaid
MA-010991,Summit Hospitality Holdings,2024,Corporate,Professional Services,Quincy,267923.16,73079.0,194844.17,9881.7,11298.93,1417.23,1,Not Filed,No,N/A,500000,0.5358,Underpaid
MA-010992,Harbor Construction Partners,2024,Meals,Hospitality,Boston,154582.53,58762.69,95819.84,6707.39,15854.39,9147.0,7,On Time,No,N/A,350000,0.4417,Underpaid
MA-010993,Summit Real Estate Associates,2025,Income,Restaurant,Boston,619267.11,140542.51,478724.59,46753.87,38445.96,0.0,9,On Time,No,N/A,450000,1.3761,Compliant
MA-010994,Federal Retail Inc,2022,Sales/Use,Healthcare,Worcester,1214691.11,528466.82,686224.29,42889.02,68825.8,25936.78,21,On Time,No,N/A,1200000,1.0122,Underpaid
MA-010995,Pioneer Auto Repair Group,2022,Corporate,Restaurant,Somerville,214157.07,81114.65,133042.42,14162.18,30189.45,16027.27,6,On Time,No,N/A,450000,0.4759,Underpaid
MA-010996,Northern Healthcare Partners,2022,Sales/Use,Construction,Boston,631033.0,134491.69,496541.31,31033.83,51123.06,20089.23,16,Not Filed,No,N/A,800000,0.7888,Underpaid
MA-010997,Harbor Professional Services Corp,2023,Special Fuels,Auto Repair,Worcester,111814.01,29520.05,82293.96,19750.55,66416.3,46665.75,8,On Time,No,N/A,300000,0.3727,Suspicious
MA-010998,Patriot Professional Services Co,2025,Corporate,Retail,Lowell,653249.28,201571.16,451678.12,40190.19,48985.75,8795.56,13,Amended,No,N/A,600000,1.0887,Compliant
MA-010999,Pioneer Restaurant Services,2022,Corporate,Restaurant,Lowell,288351.71,46577.16,241774.54,27346.24,35976.25,8630.01,1,Late,Yes,Underpaid,450000,0.6408,Underpaid
MA-011000,Southern Construction Co,2023,Sales/Use,Restaurant,Springfield,407408.72,140417.0,266991.72,16686.98,17761.98,1074.99,1,On Time,No,N/A,450000,0.9054,Compliant
MA-011001,Cape Professional Services Ventures,2025,Sales/Use,Professional Services,Worcester,369007.81,163853.98,205153.83,12822.11,17093.99,4271.87,4,On Time,No,N/A,500000,0.738,Compliant
MA-011002,Colonial Hospitality Associates,2023,Rooms Occupancy,Hospitality,Springfield,213846.71,56997.75,156848.96,9018.82,11704.7,2685.89,1,On Time,No,N/A,350000,0.611,Underpaid
MA-011003,Metro Retail LLC,2022,Income,Professional Services,Springfield,80450.81,35900.92,44549.89,2617.38,6776.16,4158.78,3,On Time,No,N/A,500000,0.1609,Suspicious
MA-011004,Cape Manufacturing Group,2025,Corporate,Construction,Quincy,787379.88,275277.48,512102.41,30376.9,35322.65,4945.75,5,Not Filed,No,N/A,800000,0.9842,Compliant
MA-011005,Metro Hospitality Ventures,2024,Rooms Occupancy,Professional Services,Chelsea,416028.44,142780.97,273247.48,15711.73,28718.14,13006.41,12,On Time,Yes,Underpaid,500000,0.8321,Underpaid
MA-011006,Pilgrim Real Estate Group,2025,Meals,Professional Services,Worcester,218852.57,76137.81,142714.76,9990.03,9769.51,0.0,1,On Time,No,N/A,500000,0.4377,Compliant
MA-011007,Colonial Professional Services Inc,2023,Income,Auto Repair,Boston,174179.12,59633.96,114545.16,10338.26,13889.48,3551.23,1,Not Filed,No,N/A,300000,0.5806,Underpaid
MA-011008,Summit Construction Partners,2025,Sales/Use,Retail,Boston,543154.66,183817.49,359337.17,22458.57,40350.2,17891.63,8,On Time,Yes,Underpaid,600000,0.9053,Underpaid
MA-011009,Beacon Professional Services Holdings,2024,Meals,Restaurant,Lynn,127570.22,24899.27,102670.95,7186.97,23190.55,16003.59,1,On Time,No,N/A,450000,0.2835,Suspicious
MA-011010,Beacon Hospitality LLC,2025,Sales/Use,Retail,Quincy,712777.54,278482.74,434294.8,27143.43,37173.85,10030.43,2,On Time,No,N/A,600000,1.188,Compliant
MA-011011,Beacon Hospitality Holdings,2025,Rooms Occupancy,Restaurant,Boston,468163.39,109723.63,358439.75,20610.29,17957.09,0.0,7,On Time,No,N/A,450000,1.0404,Compliant
MA-011012,Central Real Estate Partners,2022,Rooms Occupancy,Restaurant,Lynn,256304.64,75113.67,181190.97,10418.48,26198.56,15780.08,1,On Time,No,N/A,450000,0.5696,Suspicious
MA-011013,Beacon Construction Enterprise,2023,Corporate,Real Estate,Worcester,0.0,0.0,0.0,0.0,3017.02,3017.02,1,Not Filed,No,N/A,700000,0.0,Non-Filer
MA-011014,Patriot Manufacturing Inc,2024,Income,Hospitality,Boston,593962.32,230035.82,363926.5,35236.55,36046.34,809.79,13,On Time,No,N/A,350000,1.697,Compliant
MA-011015,Bay State Professional Services Enterprise,2025,Income,Professional Services,Lynn,564179.4,146441.11,417738.29,28276.75,27201.97,0.0,4,On Time,No,N/A,500000,1.1284,Compliant
MA-011016,Pilgrim Real Estate Group,2023,Corporate,Auto Repair,Boston,239442.89,107473.03,131969.86,9716.45,22296.31,12579.86,1,On Time,No,N/A,300000,0.7981,Underpaid
MA-011017,Cape Healthcare Co,2022,Corporate,Professional Services,Lowell,148312.45,47770.82,100541.64,7157.53,33779.16,26621.63,9,Amended,No,N/A,500000,0.2966,Suspicious
MA-011018,Commonwealth Real Estate LLC,2025,Income,Construction,New Bedford,1173256.49,325407.69,847848.8,84369.13,91624.55,7255.43,27,On Time,No,N/A,800000,1.4666,Compliant
MA-011019,Metro Restaurant Co,2022,Income,Retail,Boston,689761.12,169394.42,520366.7,44551.4,48056.41,3505.01,5,Amended,No,N/A,600000,1.1496,Compliant
MA-011020,Atlantic Real Estate Inc,2024,Income,Manufacturing,Boston,1165473.68,476803.58,688670.1,34898.47,63857.36,28958.88,9,On Time,No,N/A,1500000,0.777,Underpaid
MA-011021,Atlantic Hospitality Solutions,2025,Income,Hospitality,Chelsea,155114.53,28943.37,126171.16,12527.58,21446.65,8919.08,1,Amended,No,N/A,350000,0.4432,Underpaid
MA-011022,Liberty Healthcare Ventures,2022,Special Fuels,Restaurant,Boston,354674.29,61650.76,293023.53,70325.65,70051.18,0.0,5,Late,No,N/A,450000,0.7882,Compliant
MA-011023,Coastal Healthcare Solutions,2023,Special Fuels,Construction,Boston,447876.68,75413.43,372463.25,89391.18,107956.74,18565.56,12,On Time,Yes,Underpaid,800000,0.5598,Underpaid
MA-011024,Northern Auto Repair Enterprise,2023,Corporate,Restaurant,Boston,272925.64,110421.59,162504.05,16728.17,37267.44,20539.27,5,On Time,No,N/A,450000,0.6065,Underpaid
MA-011025,Beacon Construction LLC,2024,Corporate,Hospitality,Worcester,239399.15,74013.9,165385.25,15850.35,19541.92,3691.57,4,On Time,No,N/A,350000,0.684,Underpaid
MA-011026,Atlantic Manufacturing Inc,2024,Income,Manufacturing,Boston,1298675.24,457407.07,841268.18,94983.2,164287.0,69303.8,19,On Time,No,N/A,1500000,0.8658,Underpaid
MA-011027,Colonial Construction Ventures,2024,Meals,Professional Services,Worcester,217387.07,49723.2,167663.87,11736.47,18216.14,6479.67,3,On Time,No,N/A,500000,0.4348,Underpaid
MA-011028,Pioneer Real Estate Enterprise,2025,Corporate,Professional Services,Cambridge,159397.05,32065.25,127331.8,12524.42,19471.51,6947.09,1,On Time,No,N/A,500000,0.3188,Underpaid
MA-011029,Metro Hospitality Ventures,2025,Rooms Occupancy,Retail,Fall River,487224.89,180934.74,306290.15,17611.68,22431.86,4820.18,10,Amended,No,N/A,600000,0.812,Compliant
MA-011030,Patriot Hospitality Group,2023,Corporate,Hospitality,Fall River,393616.59,165952.17,227664.41,13790.25,15270.18,1479.94,5,On Time,No,N/A,350000,1.1246,Compliant
MA-011031,Central Real Estate Holdings,2023,Income,Restaurant,Cambridge,596683.83,242339.79,354344.03,24604.54,32569.06,7964.52,6,On Time,No,N/A,450000,1.326,Compliant
MA-011032,Atlantic Manufacturing Corp,2025,Meals,Construction,Springfield,0.0,0.0,0.0,0.0,50418.87,50418.87,10,Not Filed,No,N/A,800000,0.0,Non-Filer
MA-011033,Summit Restaurant LLC,2023,Rooms Occupancy,Retail,Boston,0.0,0.0,0.0,0.0,29376.06,29376.06,5,Not Filed,No,N/A,600000,0.0,Non-Filer
MA-011034,Colonial Professional Services Services,2024,Sales/Use,Healthcare,Chelsea,181650.23,47387.14,134263.09,8391.44,9202.19,810.75,2,Late,Yes,Underpaid,1200000,0.1514,Underpaid
MA-011035,Pioneer Real Estate Enterprise,2023,Corporate,Construction,Boston,481965.72,112856.8,369108.91,27259.81,62629.25,35369.45,19,On Time,No,N/A,800000,0.6025,Suspicious
MA-011036,Pioneer Real Estate Partners,2023,Meals,Auto Repair,Somerville,409215.42,121363.63,287851.79,20149.63,20986.26,836.63,11,On Time,Yes,Compliant,300000,1.3641,Compliant
MA-011037,Northern Professional Services Services,2022,Sales/Use,Restaurant,Fall River,481409.47,210607.89,270801.58,16925.1,23072.23,6147.13,6,On Time,No,N/A,450000,1.0698,Compliant
MA-011038,Harbor Healthcare Associates,2023,Income,Manufacturing,Fall River,1160987.99,394644.14,766343.85,55870.3,59489.98,3619.68,13,Late,No,N/A,1500000,0.774,Compliant
MA-011039,Summit Hospitality Ventures,2024,Corporate,Restaurant,Worcester,559218.52,115455.43,443763.1,50881.72,45333.64,0.0,12,Amended,No,N/A,450000,1.2427,Compliant
MA-011040,Commonwealth Real Estate Enterprise,2024,Corporate,Restaurant,Quincy,442753.07,67862.62,374890.44,25593.45,24055.17,0.0,3,Late,Yes,Compliant,450000,0.9839,Compliant
MA-011041,Valley Auto Repair Associates,2023,Corporate,Manufacturing,Boston,1514343.22,571722.82,942620.4,54240.4,68656.08,14415.68,21,On Time,No,N/A,1500000,1.0096,Compliant
MA-011042,Pilgrim Healthcare Enterprise,2023,Income,Professional Services,Springfield,248935.74,78607.07,170328.67,12913.9,14325.77,1411.87,1,Not Filed,No,N/A,500000,0.4979,Compliant
MA-011043,Coastal Healthcare Inc,2025,Sales/Use,Healthcare,Lowell,549032.66,128952.77,420079.89,26254.99,45123.8,18868.81,6,On Time,No,N/A,1200000,0.4575,Underpaid
MA-011044,Atlantic Construction Inc,2023,Sales/Use,Hospitality,Boston,278952.74,85592.23,193360.51,12085.03,11957.89,0.0,2,On Time,No,N/A,350000,0.797,Compliant
MA-011045,Colonial Professional Services Enterprise,2025,Corporate,Manufacturing,Somerville,1279120.17,393206.4,885913.76,84097.41,93173.11,9075.7,23,Late,No,N/A,1500000,0.8527,Compliant
MA-011046,Southern Construction Co,2022,Corporate,Manufacturing,Brockton,1620002.5,556353.53,1063648.97,94705.09,124333.15,29628.06,22,Amended,No,N/A,1500000,1.08,Compliant
MA-011047,Patriot Auto Repair Ventures,2023,Income,Retail,Boston,711362.29,189405.6,521956.69,49274.35,52717.28,3442.93,3,Not Filed,No,N/A,600000,1.1856,Compliant
MA-011048,Coastal Real Estate Solutions,2025,Sales/Use,Retail,Boston,770339.85,168590.26,601749.59,37609.35,37952.86,343.51,9,On Time,No,N/A,600000,1.2839,Compliant
MA-011049,Coastal Construction Solutions,2023,Corporate,Restaurant,Quincy,573431.88,214048.46,359383.43,25048.74,28349.02,3300.28,1,On Time,No,N/A,450000,1.2743,Compliant
MA-011050,Federal Retail Solutions,2024,Sales/Use,Restaurant,Boston,208674.55,49166.75,159507.8,9969.24,11446.59,1477.35,6,On Time,No,N/A,450000,0.4637,Compliant
MA-011051,Pioneer Auto Repair Group,2023,Corporate,Professional Services,Cambridge,438785.06,180898.05,257887.02,16507.34,26746.14,10238.79,2,On Time,No,N/A,500000,0.8776,Underpaid
MA-011052,Beacon Real Estate Services,2024,Rooms Occupancy,Hospitality,Lowell,239003.47,99679.26,139324.22,8011.14,9622.73,1611.58,8,On Time,No,N/A,350000,0.6829,Compliant
MA-011053,Beacon Retail Partners,2024,Meals,Restaurant,Boston,208034.07,59781.77,148252.3,10377.66,14673.76,4296.1,11,On Time,No,N/A,450000,0.4623,Underpaid
MA-011054,Atlantic Restaurant Inc,2023,Sales/Use,Auto Repair,Cambridge,106187.53,35655.97,70531.56,4408.22,8903.56,4495.33,5,On Time,No,N/A,300000,0.354,Suspicious
MA-011055,Colonial Retail Enterprise,2023,Corporate,Auto Repair,Worcester,258877.85,71696.14,187181.71,20842.89,24831.48,3988.59,6,On Time,No,N/A,300000,0.8629,Compliant
MA-011056,Liberty Construction Co,2024,Rooms Occupancy,Restaurant,Fall River,190162.42,74195.1,115967.31,6668.12,17137.67,10469.55,3,On Time,No,N/A,450000,0.4226,Suspicious
MA-011057,Summit Auto Repair Inc,2025,Income,Professional Services,Lowell,493910.26,202966.27,290944.0,26354.98,33941.52,7586.53,1,On Time,No,N/A,500000,0.9878,Compliant
MA-011058,Patriot Manufacturing Associates,2023,Sales/Use,Professional Services,Cambridge,354022.39,105933.07,248089.32,15505.58,27072.07,11566.49,5,On Time,No,N/A,500000,0.708,Underpaid
MA-011059,Metro Retail Services,2022,Income,Real Estate,Chelsea,492205.35,103761.61,388443.74,26689.93,31614.86,4924.93,3,Amended,No,N/A,700000,0.7032,Underpaid
MA-011060,Southern Auto Repair Services,2022,Meals,Restaurant,Lowell,68618.29,20349.32,48268.97,3378.83,3693.38,314.55,1,Late,No,N/A,450000,0.1525,Compliant
MA-011061,Metro Retail Group,2025,Sales/Use,Restaurant,Worcester,844515.84,310663.24,533852.6,33365.79,37643.72,4277.93,14,On Time,No,N/A,450000,1.8767,Compliant
MA-011062,Atlantic Healthcare Inc,2024,Sales/Use,Professional Services,Springfield,295084.65,103810.01,191274.64,11954.67,20857.94,8903.27,4,Not Filed,No,N/A,500000,0.5902,Underpaid
MA-011063,Patriot Real Estate Ventures,2024,Income,Construction,Somerville,804041.64,302408.9,501632.74,55343.13,72729.45,17386.32,12,On Time,Yes,Compliant,800000,1.0051,Compliant
MA-011064,Pioneer Retail Holdings,2023,Sales/Use,Hospitality,Lowell,127427.75,45614.6,81813.14,5113.32,10853.23,5739.9,8,On Time,No,N/A,350000,0.3641,Underpaid
MA-011065,Eastern Healthcare Solutions,2022,Income,Restaurant,Cambridge,250448.88,49942.15,200506.73,13208.33,25994.25,12785.92,10,On Time,No,N/A,450000,0.5566,Suspicious
MA-011066,Pilgrim Professional Services Holdings,2025,Meals,Restaurant,New Bedford,519743.8,194876.84,324866.96,22740.69,25721.92,2981.24,6,On Time,No,N/A,450000,1.155,Compliant
MA-011067,Patriot Restaurant Co,2023,Income,Retail,Lowell,515194.69,93940.73,421253.96,25319.42,36891.07,11571.65,12,On Time,No,N/A,600000,0.8587,Underpaid
MA-011068,Summit Auto Repair Services,2022,Meals,Retail,Springfield,509139.48,104737.24,404402.24,28308.16,25737.27,0.0,3,On Time,Yes,Compliant,600000,0.8486,Compliant
MA-011069,Cape Retail Partners,2025,Corporate,Real Estate,Springfield,717320.54,152455.38,564865.17,45187.33,42485.0,0.0,16,On Time,No,N/A,700000,1.0247,Compliant
MA-011070,Harbor Healthcare Ventures,2022,Corporate,Healthcare,Boston,718488.79,293396.67,425092.13,32673.8,40181.71,7507.91,1,On Time,Yes,Compliant,1200000,0.5987,Compliant
MA-011071,Federal Auto Repair LLC,2025,Special Fuels,Healthcare,Worcester,0.0,0.0,0.0,0.0,252968.48,252968.48,16,Not Filed,No,N/A,1200000,0.0,Non-Filer
MA-011072,Federal Healthcare Group,2022,Meals,Restaurant,Boston,480933.04,139847.56,341085.48,23875.98,26170.45,2294.46,7,On Time,No,N/A,450000,1.0687,Compliant
MA-011073,Cape Retail Partners,2022,Sales/Use,Professional Services,Springfield,467881.67,74145.55,393736.12,24608.51,21518.05,0.0,13,On Time,Yes,Compliant,500000,0.9358,Compliant
MA-011074,Pioneer Real Estate Services,2022,Meals,Retail,Chelsea,195126.24,82085.42,113040.82,7912.86,15499.9,7587.04,1,On Time,No,N/A,600000,0.3252,Underpaid
MA-011075,Atlantic Restaurant Inc,2023,Income,Retail,Worcester,550711.39,210769.38,339942.01,36195.73,41263.46,5067.73,1,On Time,No,N/A,600000,0.9179,Compliant
MA-011076,Southern Professional Services LLC,2025,Corporate,Restaurant,Boston,353475.29,65331.73,288143.56,17723.81,21460.65,3736.84,13,Late,No,N/A,450000,0.7855,Underpaid
MA-011077,Beacon Construction Associates,2025,Corporate,Healthcare,Boston,435595.51,136361.16,299234.34,23730.4,80810.22,57079.82,16,Late,No,N/A,1200000,0.363,Suspicious
MA-011078,Beacon Hospitality LLC,2024,Income,Professional Services,Boston,142590.79,58841.5,83749.29,4896.88,13059.11,8162.23,1,On Time,No,N/A,500000,0.2852,Suspicious
MA-011079,Harbor Professional Services Partners,2024,Special Fuels,Professional Services,Springfield,445006.05,91516.85,353489.19,84837.41,79644.3,0.0,3,On Time,No,N/A,500000,0.89,Compliant
MA-011080,Cape Retail Partners,2025,Income,Retail,Boston,814554.08,250368.62,564185.46,38709.96,43707.27,4997.31,13,On Time,No,N/A,600000,1.3576,Compliant
MA-011081,Harbor Auto Repair LLC,2025,Income,Manufacturing,Worcester,942262.97,169337.95,772925.02,59631.19,52694.3,0.0,13,On Time,No,N/A,1500000,0.6282,Compliant
MA-011082,Federal Retail Inc,2023,Income,Manufacturing,Boston,1834355.84,586713.62,1247642.22,83959.77,82313.82,0.0,27,On Time,No,N/A,1500000,1.2229,Compliant
MA-011083,Northern Healthcare Group,2022,Income,Retail,Boston,443570.03,70216.95,373353.09,36221.19,59000.51,22779.32,6,On Time,No,N/A,600000,0.7393,Suspicious
MA-011084,Atlantic Retail Group,2023,Sales/Use,Healthcare,Quincy,715081.85,245853.93,469227.93,29326.75,38250.56,8923.81,4,On Time,No,N/A,1200000,0.5959,Underpaid
MA-011085,Harbor Construction Partners,2025,Meals,Healthcare,Worcester,1060459.38,442736.64,617722.74,43240.59,63575.62,20335.03,16,On Time,No,N/A,1200000,0.8837,Compliant
MA-011086,Northern Professional Services LLC,2024,Corporate,Retail,Springfield,830906.83,337858.08,493048.75,40870.7,49740.28,8869.58,9,Late,No,N/A,600000,1.3848,Compliant
MA-011087,Coastal Healthcare Solutions,2023,Sales/Use,Hospitality,Chelsea,262559.6,81346.67,181212.93,11325.81,14153.83,2828.02,4,On Time,Yes,Fraud,350000,0.7502,Underpaid
MA-011088,Pioneer Real Estate Enterprise,2023,Sales/Use,Auto Repair,Quincy,210844.41,43724.91,167119.5,10444.97,8869.58,0.0,13,Amended,No,N/A,300000,0.7028,Compliant
MA-011089,Patriot Professional Services Solutions,2025,Income,Retail,Lowell,227554.17,43641.09,183913.08,19107.4,22884.36,3776.96,4,On Time,No,N/A,600000,0.3793,Underpaid
MA-011090,Summit Healthcare Solutions,2025,Corporate,Retail,Cambridge,1027100.66,243873.07,783227.59,52704.87,49380.28,0.0,12,On Time,No,N/A,600000,1.7118,Compliant
MA-011091,Bay State Construction Corp,2024,Meals,Retail,Quincy,466310.31,134168.56,332141.75,23249.92,30752.44,7502.52,5,On Time,No,N/A,600000,0.7772,Underpaid
MA-011092,Valley Professional Services LLC,2025,Corporate,Restaurant,Boston,264948.69,79091.6,185857.09,21453.96,36121.39,14667.43,12,On Time,No,N/A,450000,0.5888,Underpaid
MA-011093,Harbor Healthcare Inc,2025,Income,Construction,Springfield,136118.99,36216.55,99902.44,5830.42,6480.02,649.6,9,Not Filed,No,N/A,800000,0.1701,Compliant
MA-011094,Coastal Construction Group,2024,Meals,Manufacturing,Boston,810391.04,346623.97,463767.06,32463.69,39311.13,6847.43,8,On Time,No,N/A,1500000,0.5403,Compliant
MA-011095,Coastal Retail Holdings,2024,Income,Hospitality,Chelsea,290750.22,62840.22,227910.0,21026.13,19266.84,0.0,6,Late,No,N/A,350000,0.8307,Compliant
MA-011096,Southern Construction Co,2024,Income,Retail,Boston,223609.21,47168.65,176440.55,16433.81,17212.11,778.3,5,On Time,Yes,Fraud,600000,0.3727,Underpaid
MA-011097,Pilgrim Hospitality LLC,2022,Corporate,Real Estate,Worcester,1201193.59,239869.67,961323.92,59744.38,60408.87,664.49,8,Late,Yes,Compliant,700000,1.716,Compliant
MA-011098,Valley Auto Repair Associates,2025,Sales/Use,Retail,Chelsea,611275.11,222337.57,388937.54,24308.6,30361.8,6053.2,4,On Time,No,N/A,600000,1.0188,Compliant
MA-011099,Beacon Retail Partners,2024,Corporate,Construction,Chelsea,954633.13,293244.79,661388.34,47980.81,50492.04,2511.23,11,Amended,No,N/A,800000,1.1933,Compliant
MA-011100,Harbor Construction Partners,2022,Corporate,Hospitality,Chelsea,163953.41,44464.48,119488.94,7797.25,13884.86,6087.61,5,Late,No,N/A,350000,0.4684,Underpaid
MA-011101,Patriot Professional Services Co,2025,Corporate,Professional Services,Quincy,836781.37,141757.87,695023.5,69443.19,69686.24,243.06,9,On Time,No,N/A,500000,1.6736,Compliant
MA-011102,Cape Retail Group,2025,Corporate,Retail,Boston,723757.53,188161.34,535596.19,64162.78,67225.02,3062.24,2,On Time,No,N/A,600000,1.2063,Compliant
MA-011103,Metro Hospitality Corp,2023,Sales/Use,Hospitality,Lowell,241360.26,42718.77,198641.49,12415.09,9803.55,0.0,5,Not Filed,Yes,Compliant,350000,0.6896,Compliant
MA-011104,Colonial Restaurant Ventures,2025,Rooms Occupancy,Restaurant,Boston,224354.25,95303.19,129051.06,7420.44,31102.15,23681.72,10,On Time,No,N/A,450000,0.4986,Suspicious
MA-011105,Pioneer Retail Holdings,2022,Income,Construction,Boston,590392.13,255316.63,335075.5,20880.59,32578.36,11697.77,8,On Time,No,N/A,800000,0.738,Underpaid
MA-011106,Metro Construction Inc,2023,Meals,Hospitality,Boston,191983.23,75869.26,116113.97,8127.98,11396.77,3268.79,5,Late,Yes,Compliant,350000,0.5485,Compliant
MA-011107,Bay State Construction Corp,2023,Income,Manufacturing,New Bedford,1877456.39,435008.96,1442447.42,154242.93,155640.84,1397.91,22,Late,No,N/A,1500000,1.2516,Compliant
MA-011108,Northern Hospitality Inc,2023,Corporate,Construction,Boston,475893.88,111255.95,364637.93,24505.57,36092.94,11587.37,9,Amended,Yes,Underpaid,800000,0.5949,Underpaid
MA-011109,Central Restaurant Enterprise,2025,Income,Professional Services,Fall River,433983.2,153307.87,280675.32,21794.77,24269.72,2474.94,4,On Time,No,N/A,500000,0.868,Compliant
MA-011110,Pioneer Construction Enterprise,2024,Rooms Occupancy,Construction,Somerville,960274.16,216473.59,743800.57,42768.53,54481.24,11712.71,16,On Time,No,N/A,800000,1.2003,Underpaid
MA-011111,Harbor Construction Partners,2022,Income,Hospitality,Boston,179490.41,75610.25,103880.15,7975.92,18623.69,10647.77,1,Not Filed,Yes,Underpaid,350000,0.5128,Underpaid
MA-011112,Metro Restaurant Co,2023,Meals,Manufacturing,Boston,1450439.3,499997.46,950441.84,66530.93,103475.22,36944.29,22,Amended,No,N/A,1500000,0.967,Underpaid
MA-011113,Patriot Hospitality Group,2025,Corporate,Restaurant,Boston,366076.66,105792.42,260284.24,20590.05,23422.03,2831.98,11,On Time,No,N/A,450000,0.8135,Compliant
MA-011114,Harbor Professional Services Corp,2022,Income,Hospitality,Lynn,528336.23,147941.91,380394.32,34949.32,37244.73,2295.41,3,On Time,No,N/A,350000,1.5095,Compliant
MA-011115,Summit Real Estate Associates,2025,Meals,Construction,Lynn,250167.27,49979.32,200187.94,14013.16,10948.28,0.0,8,On Time,Yes,Compliant,800000,0.3127,Compliant
MA-011116,Patriot Professional Services Co,2024,Income,Retail,Boston,468303.35,118985.45,349317.9,25450.65,26194.95,744.3,9,On Time,No,N/A,600000,0.7805,Compliant
MA-011117,Southern Construction Co,2025,Meals,Healthcare,Quincy,294301.87,110269.38,184032.49,12882.27,21593.52,8711.24,9,On Time,No,N/A,1200000,0.2453,Underpaid
MA-011118,Beacon Retail LLC,2025,Corporate,Restaurant,Brockton,258723.87,109827.88,148895.99,8416.09,11727.12,3311.03,7,Late,No,N/A,450000,0.5749,Compliant
MA-011119,Bay State Construction Services,2023,Special Fuels,Restaurant,Worcester,466877.23,91271.67,375605.57,90145.34,80364.13,0.0,1,On Time,No,N/A,450000,1.0375,Compliant
MA-011120,Liberty Restaurant Co,2022,Income,Auto Repair,Boston,159656.12,67780.44,91875.68,5658.83,11426.65,5767.81,6,Late,Yes,Fraud,300000,0.5322,Underpaid
MA-011121,Coastal Healthcare Solutions,2024,Sales/Use,Manufacturing,Worcester,1562042.62,650982.97,911059.65,56941.23,66691.7,9750.47,22,Not Filed,No,N/A,1500000,1.0414,Compliant
MA-011122,Eastern Auto Repair Services,2024,Sales/Use,Professional Services,Cambridge,882709.89,247301.78,635408.11,39713.01,42550.61,2837.61,2,Late,No,N/A,500000,1.7654,Compliant
MA-011123,Colonial Healthcare Co,2022,Special Fuels,Retail,Somerville,260363.73,50612.52,209751.21,50340.29,178470.03,128129.74,12,On Time,No,N/A,600000,0.4339,Suspicious
MA-011124,Colonial Construction Ventures,2022,Rooms Occupancy,Hospitality,Boston,248018.52,68400.4,179618.12,10328.04,10912.56,584.52,1,On Time,Yes,Compliant,350000,0.7086,Compliant
MA-011125,Metro Restaurant Corp,2024,Income,Construction,Lynn,443144.17,129376.93,313767.24,16360.35,25674.48,9314.13,13,On Time,Yes,Underpaid,800000,0.5539,Underpaid
MA-011126,Valley Manufacturing Inc,2023,Special Fuels,Hospitality,Cambridge,326100.36,127622.26,198478.1,47634.74,62877.86,15243.12,11,On Time,No,N/A,350000,0.9317,Compliant
MA-011127,Summit Professional Services LLC,2022,Income,Healthcare,Brockton,619074.28,110006.1,509068.17,60021.28,50282.85,0.0,7,On Time,No,N/A,1200000,0.5159,Compliant
MA-011128,Commonwealth Professional Services Partners,2023,Income,Real Estate,Boston,394084.92,156856.52,237228.4,17793.92,21347.52,3553.61,6,Not Filed,Yes,Underpaid,700000,0.563,Compliant
MA-011129,Coastal Real Estate Inc,2022,Sales/Use,Retail,Boston,378476.18,158625.74,219850.44,13740.65,33289.34,19548.68,7,On Time,No,N/A,600000,0.6308,Suspicious
MA-011130,Pilgrim Construction Group,2022,Meals,Retail,Worcester,79997.62,18239.03,61758.59,4323.1,3996.77,0.0,1,On Time,No,N/A,600000,0.1333,Compliant
MA-011131,Southern Retail Inc,2022,Sales/Use,Restaurant,Chelsea,391000.82,153695.09,237305.73,14831.61,25074.75,10243.15,8,Amended,No,N/A,450000,0.8689,Underpaid
MA-011132,Valley Real Estate Associates,2023,Corporate,Retail,New Bedford,843876.82,304614.54,539262.28,28352.17,37335.64,8983.47,5,On Time,No,N/A,600000,1.4065,Compliant
MA-011133,Coastal Construction Ventures,2022,Income,Restaurant,Somerville,399550.62,146072.57,253478.06,20398.25,36670.92,16272.66,12,Late,No,N/A,450000,0.8879,Underpaid
MA-011134,Valley Construction Solutions,2023,Sales/Use,Auto Repair,Chelsea,120807.39,30627.78,90179.61,5636.23,6414.08,777.85,3,On Time,No,N/A,300000,0.4027,Compliant
MA-011135,Commonwealth Healthcare Group,2025,Meals,Manufacturing,Springfield,1009275.13,287526.01,721749.13,50522.44,59998.35,9475.91,15,Not Filed,No,N/A,1500000,0.6729,Underpaid
MA-011136,Pioneer Healthcare Holdings,2023,Special Fuels,Professional Services,Lowell,548551.0,97622.82,450928.18,108222.76,91124.18,0.0,4,Amended,No,N/A,500000,1.0971,Compliant
MA-011137,Federal Retail Enterprise,2025,Corporate,Restaurant,Boston,235460.44,89771.17,145689.27,13725.04,23245.23,9520.19,4,Amended,No,N/A,450000,0.5232,Underpaid
MA-011138,Bay State Manufacturing Corp,2023,Corporate,Retail,Boston,308845.6,115266.04,193579.56,13384.33,20415.77,7031.45,1,On Time,No,N/A,600000,0.5147,Underpaid
MA-011139,Federal Healthcare Group,2022,Income,Healthcare,Lynn,1440871.02,647004.45,793866.57,65057.8,95656.66,30598.86,12,Not Filed,Yes,Compliant,1200000,1.2007,Compliant
MA-011140,Metro Hospitality Ventures,2025,Meals,Real Estate,Boston,843262.43,206223.09,637039.34,44592.75,44392.62,0.0,13,Amended,No,N/A,700000,1.2047,Compliant
MA-011141,Patriot Professional Services Solutions,2023,Income,Retail,Lowell,248859.27,76952.97,171906.3,9083.2,8881.61,0.0,1,Amended,No,N/A,600000,0.4148,Compliant
MA-011142,Pioneer Retail Group,2024,Special Fuels,Construction,Springfield,1148591.12,345180.98,803410.14,192818.43,183319.68,0.0,9,Late,No,N/A,800000,1.4357,Compliant
MA-011143,Atlantic Construction Inc,2022,Sales/Use,Professional Services,Worcester,423123.41,99970.16,323153.25,20197.08,21518.51,1321.43,7,Not Filed,No,N/A,500000,0.8462,Compliant
MA-011144,Patriot Healthcare LLC,2023,Corporate,Real Estate,Chelsea,909002.52,394483.07,514519.45,26471.18,37979.2,11508.02,9,On Time,No,N/A,700000,1.2986,Compliant
MA-011145,Harbor Restaurant Inc,2025,Sales/Use,Retail,Lowell,464348.78,83249.05,381099.73,23818.73,19930.21,0.0,13,Amended,No,N/A,600000,0.7739,Compliant
MA-011146,Valley Manufacturing Services,2023,Income,Healthcare,Cambridge,1846190.28,708197.6,1137992.68,120183.24,132350.93,12167.69,28,Amended,No,N/A,1200000,1.5385,Compliant
MA-011147,Colonial Auto Repair Partners,2025,Income,Restaurant,Springfield,293177.81,51300.38,241877.43,25452.76,37954.6,12501.84,1,On Time,No,N/A,450000,0.6515,Underpaid
MA-011148,Pioneer Manufacturing Services,2022,Sales/Use,Restaurant,Lynn,326152.11,116390.3,209761.82,13110.11,16498.78,3388.66,6,On Time,No,N/A,450000,0.7248,Compliant
MA-011149,Commonwealth Hospitality Ventures,2025,Corporate,Manufacturing,Worcester,1337890.39,362217.52,975672.87,60224.98,76572.54,16347.56,28,On Time,No,N/A,1500000,0.8919,Underpaid
MA-011150,Summit Manufacturing Inc,2023,Special Fuels,Healthcare,New Bedford,1047295.63,300946.64,746348.99,179123.76,275293.19,96169.43,10,Not Filed,No,N/A,1200000,0.8727,Underpaid
MA-011151,Bay State Professional Services Enterprise,2024,Income,Hospitality,Boston,211740.68,58156.72,153583.96,16683.26,33940.19,17256.92,1,Not Filed,No,N/A,350000,0.605,Suspicious
MA-011152,Patriot Retail Co,2022,Sales/Use,Restaurant,Brockton,411872.89,151474.95,260397.94,16274.87,19175.31,2900.44,6,On Time,No,N/A,450000,0.9153,Compliant
MA-011153,Pioneer Retail Group,2024,Corporate,Restaurant,Brockton,776226.08,129221.38,647004.7,45946.62,34971.82,0.0,24,Late,Yes,Compliant,450000,1.7249,Compliant
MA-011154,Liberty Restaurant Solutions,2025,Corporate,Retail,Boston,721221.05,267997.46,453223.59,35569.42,47823.99,12254.57,8,Not Filed,No,N/A,600000,1.202,Compliant
MA-011155,Cape Real Estate Inc,2022,Income,Restaurant,Boston,0.0,0.0,0.0,0.0,31625.47,31625.47,11,Not Filed,No,N/A,450000,0.0,Non-Filer
MA-011156,Federal Retail Inc,2024,Income,Healthcare,Boston,1110235.23,436847.73,673387.5,59544.66,69610.14,10065.48,22,On Time,No,N/A,1200000,0.9252,Compliant
MA-011157,Northern Healthcare Group,2025,Income,Retail,Chelsea,670431.18,119263.17,551168.01,40416.41,33244.32,0.0,10,Not Filed,Yes,Compliant,600000,1.1174,Compliant
MA-011158,Coastal Healthcare Solutions,2022,Rooms Occupancy,Auto Repair,Boston,352181.34,69605.85,282575.49,16248.09,13955.79,0.0,6,Late,No,N/A,300000,1.1739,Compliant
MA-011159,Valley Healthcare Enterprise,2022,Income,Retail,Worcester,785351.15,147644.78,637706.37,64823.05,53505.53,0.0,6,Late,No,N/A,600000,1.3089,Compliant
MA-011160,Harbor Restaurant Group,2024,Sales/Use,Retail,Springfield,296063.23,93043.53,203019.7,12688.73,25580.62,12891.89,1,Late,No,N/A,600000,0.4934,Underpaid
MA-011161,Central Restaurant Enterprise,2024,Corporate,Professional Services,Boston,602896.96,142463.84,460433.11,31047.99,26506.49,0.0,11,On Time,Yes,Compliant,500000,1.2058,Compliant
MA-011162,Colonial Healthcare Co,2025,Special Fuels,Professional Services,Cambridge,560744.99,115125.09,445619.91,106948.78,100895.18,0.0,15,On Time,Yes,Compliant,500000,1.1215,Compliant
MA-011163,Beacon Retail LLC,2022,Special Fuels,Restaurant,Boston,470056.44,109506.57,360549.87,86531.97,89200.85,2668.88,8,On Time,Yes,Compliant,450000,1.0446,Compliant
MA-011164,Beacon Retail Partners,2024,Corporate,Restaurant,New Bedford,290480.24,54312.03,236168.21,17904.62,14204.44,0.0,1,On Time,No,N/A,450000,0.6455,Compliant
MA-011165,Beacon Retail Partners,2023,Sales/Use,Construction,Worcester,1025390.68,445049.85,580340.83,36271.3,50524.24,14252.94,16,On Time,No,N/A,800000,1.2817,Compliant
MA-011166,Beacon Hospitality Holdings,2025,Income,Retail,Boston,144977.18,41698.96,103278.22,7253.76,29167.11,21913.35,6,On Time,No,N/A,600000,0.2416,Suspicious
MA-011167,Valley Construction Solutions,2022,Corporate,Restaurant,Worcester,224241.65,57036.51,167205.14,15900.79,16070.68,169.89,1,Late,No,N/A,450000,0.4983,Compliant
MA-011168,Atlantic Retail Group,2023,Corporate,Retail,Cambridge,198521.38,43739.48,154781.9,13003.72,52701.9,39698.18,12,On Time,No,N/A,600000,0.3309,Suspicious
MA-011169,Pilgrim Professional Services Holdings,2024,Income,Construction,Lynn,984597.17,300247.16,684350.02,49078.3,52420.07,3341.77,12,On Time,Yes,Underpaid,800000,1.2307,Compliant
MA-011170,Commonwealth Hospitality Ventures,2023,Income,Restaurant,Quincy,228576.66,73675.77,154900.9,17768.7,34440.66,16671.96,2,Not Filed,No,N/A,450000,0.5079,Suspicious
MA-011171,Southern Retail Corp,2024,Special Fuels,Real Estate,Boston,880650.83,132483.49,748167.35,179560.16,170319.36,0.0,13,On Time,Yes,Compliant,700000,1.2581,Compliant
MA-011172,Harbor Healthcare Inc,2023,Meals,Manufacturing,Worcester,1275410.47,407119.44,868291.03,60780.37,101538.73,40758.35,19,On Time,No,N/A,1500000,0.8503,Underpaid
MA-011173,Central Hospitality Inc,2024,Income,Restaurant,Boston,124883.14,27258.65,97624.48,11424.52,12583.88,1159.36,7,On Time,Yes,Compliant,450000,0.2775,Compliant
MA-011174,Coastal Professional Services Corp,2025,Income,Restaurant,Springfield,219637.84,98163.26,121474.58,10738.32,23612.44,12874.12,1,On Time,No,N/A,450000,0.4881,Underpaid
MA-011175,Patriot Auto Repair Corp,2022,Income,Retail,Springfield,0.0,0.0,0.0,0.0,55687.75,55687.75,7,Not Filed,Yes,Compliant,600000,0.0,Non-Filer
MA-011176,Liberty Healthcare Co,2023,Income,Healthcare,Boston,1569902.33,592163.89,977738.44,98757.96,109041.0,10283.04,23,On Time,No,N/A,1200000,1.3083,Compliant
MA-011177,Summit Restaurant Partners,2022,Rooms Occupancy,Real Estate,Fall River,877482.79,131646.88,745835.91,42885.57,35590.44,0.0,4,On Time,No,N/A,700000,1.2535,Compliant
MA-011178,Harbor Healthcare Inc,2022,Income,Manufacturing,Chelsea,1279932.67,507741.88,772190.8,51269.89,117588.62,66318.73,27,On Time,No,N/A,1500000,0.8533,Underpaid
MA-011179,Central Hospitality Enterprise,2022,Income,Manufacturing,Boston,1253735.55,461027.59,792707.96,79813.27,102859.49,23046.22,17,On Time,No,N/A,1500000,0.8358,Compliant
MA-011180,Beacon Hospitality Holdings,2022,Corporate,Manufacturing,Brockton,604205.44,187248.64,416956.8,40824.56,40224.69,0.0,9,On Time,Yes,Compliant,1500000,0.4028,Compliant
MA-011181,Northern Auto Repair Enterprise,2023,Income,Retail,Boston,394924.27,124993.22,269931.06,26291.26,25336.21,0.0,1,Late,No,N/A,600000,0.6582,Compliant
MA-011182,Northern Hospitality Associates,2025,Special Fuels,Hospitality,Lynn,170002.61,36495.53,133507.08,32041.7,30526.16,0.0,7,Late,No,N/A,350000,0.4857,Compliant
MA-011183,Atlantic Manufacturing Inc,2023,Corporate,Hospitality,Springfield,167130.74,39887.47,127243.27,13243.36,21627.1,8383.74,11,Late,Yes,Fraud,350000,0.4775,Underpaid
MA-011184,Coastal Manufacturing Holdings,2022,Income,Manufacturing,Boston,522654.91,194053.24,328601.67,19540.39,54687.24,35146.86,6,On Time,No,N/A,1500000,0.3484,Suspicious
MA-011185,Northern Hospitality Inc,2022,Rooms Occupancy,Retail,Boston,377639.71,67242.89,310396.82,17847.82,17279.72,0.0,10,On Time,No,N/A,600000,0.6294,Compliant
MA-011186,Central Retail Corp,2023,Corporate,Manufacturing,Boston,1441426.27,440192.15,1001234.12,93854.49,111401.67,17547.18,15,Late,No,N/A,1500000,0.961,Compliant
MA-011187,Southern Healthcare Ventures,2023,Corporate,Healthcare,New Bedford,706564.95,268243.03,438321.92,45849.93,91884.42,46034.48,18,On Time,No,N/A,1200000,0.5888,Underpaid
MA-011188,Commonwealth Hospitality Ventures,2023,Income,Hospitality,New Bedford,463807.64,165294.98,298512.66,24971.95,27898.84,2926.88,13,Late,No,N/A,350000,1.3252,Compliant
MA-011189,Liberty Hospitality Holdings,2022,Income,Hospitality,Lowell,303116.53,55939.33,247177.2,28177.74,25214.74,0.0,1,On Time,No,N/A,350000,0.866,Compliant
MA-011190,Atlantic Professional Services Enterprise,2025,Meals,Retail,Boston,141215.06,28626.76,112588.3,7881.18,25252.24,17371.05,7,On Time,No,N/A,600000,0.2354,Suspicious
MA-011191,Atlantic Healthcare Inc,2025,Corporate,Manufacturing,Worcester,967499.13,220962.86,746536.27,50161.94,53423.76,3261.82,7,On Time,No,N/A,1500000,0.645,Compliant
MA-011192,Summit Retail Enterprise,2025,Corporate,Retail,Cambridge,645302.45,148950.51,496351.94,32733.98,34651.26,1917.28,8,On Time,No,N/A,600000,1.0755,Compliant
MA-011193,Atlantic Auto Repair Holdings,2025,Meals,Retail,Brockton,447340.63,74218.74,373121.89,26118.53,34324.69,8206.16,3,On Time,No,N/A,600000,0.7456,Underpaid
MA-011194,Eastern Hospitality Associates,2022,Sales/Use,Hospitality,Chelsea,336490.17,143813.45,192676.73,12042.3,16380.45,4338.15,1,On Time,Yes,Compliant,350000,0.9614,Compliant
MA-011195,Harbor Professional Services Group,2022,Corporate,Restaurant,Boston,366738.15,135687.8,231050.36,27113.91,49389.09,22275.18,12,Amended,No,N/A,450000,0.815,Underpaid
MA-011196,Summit Retail Enterprise,2023,Income,Construction,Quincy,249780.23,67418.83,182361.4,12210.17,11790.34,0.0,1,Late,Yes,Compliant,800000,0.3122,Compliant
MA-011197,Colonial Real Estate Enterprise,2024,Corporate,Professional Services,New Bedford,239375.7,90231.19,149144.51,8819.77,9622.41,802.64,1,On Time,No,N/A,500000,0.4788,Compliant
MA-011198,Northern Auto Repair Co,2024,Special Fuels,Construction,Boston,766458.22,332363.77,434094.46,104182.67,134597.83,30415.16,2,On Time,No,N/A,800000,0.9581,Compliant
MA-011199,Harbor Healthcare Enterprise,2022,Income,Auto Repair,Springfield,211466.37,53285.13,158181.24,15473.74,16084.95,611.21,1,On Time,No,N/A,300000,0.7049,Compliant
MA-011200,Eastern Construction Services,2025,Income,Auto Repair,Boston,314010.74,101335.29,212675.45,22762.77,25709.85,2947.09,4,On Time,No,N/A,300000,1.0467,Compliant
MA-011201,Colonial Hospitality Co,2023,Corporate,Manufacturing,New Bedford,0.0,0.0,0.0,0.0,103270.83,103270.83,15,Not Filed,No,N/A,1500000,0.0,Non-Filer
MA-011202,Cape Real Estate Enterprise,2024,Income,Restaurant,Lowell,385284.03,153027.6,232256.43,14772.21,17431.63,2659.42,3,On Time,No,N/A,450000,0.8562,Compliant
MA-011203,Summit Construction Holdings,2023,Sales/Use,Hospitality,Boston,378091.67,109622.01,268469.66,16779.35,23212.71,6433.36,13,On Time,Yes,Underpaid,350000,1.0803,Underpaid
MA-011204,Beacon Professional Services Services,2023,Income,Real Estate,Boston,368466.09,80220.7,288245.39,32216.26,28468.13,0.0,8,On Time,No,N/A,700000,0.5264,Compliant
MA-011205,Pilgrim Retail Ventures,2025,Sales/Use,Real Estate,Lynn,0.0,0.0,0.0,0.0,37121.32,37121.32,5,Not Filed,No,N/A,700000,0.0,Non-Filer
MA-011206,Cape Retail Partners,2022,Corporate,Manufacturing,New Bedford,1818992.49,715239.04,1103753.44,100470.61,136103.34,35632.72,31,Amended,No,N/A,1500000,1.2127,Compliant
MA-011207,Bay State Construction Corp,2022,Corporate,Healthcare,Brockton,761258.02,227772.58,533485.44,53907.79,52011.26,0.0,4,On Time,No,N/A,1200000,0.6344,Compliant
MA-011208,Liberty Hospitality LLC,2023,Rooms Occupancy,Real Estate,Quincy,563274.85,94282.92,468991.92,26967.04,43231.08,16264.05,13,On Time,Yes,Underpaid,700000,0.8047,Underpaid
MA-011209,Patriot Professional Services LLC,2024,Income,Construction,Fall River,950280.63,150061.52,800219.11,47813.54,37531.12,0.0,13,On Time,No,N/A,800000,1.1879,Compliant
MA-011210,Northern Healthcare LLC,2023,Income,Manufacturing,Boston,1667831.56,288573.87,1379257.7,93596.86,96950.37,3353.51,14,On Time,No,N/A,1500000,1.1119,Compliant
MA-011211,Patriot Healthcare Group,2022,Corporate,Professional Services,Boston,448395.13,133492.91,314902.22,24463.1,40806.83,16343.73,14,On Time,No,N/A,500000,0.8968,Underpaid
MA-011212,Colonial Construction Holdings,2023,Income,Restaurant,New Bedford,396563.89,82438.32,314125.57,37480.86,36989.78,0.0,4,Late,No,N/A,450000,0.8813,Compliant
MA-011213,Patriot Construction Holdings,2022,Income,Construction,Quincy,334548.61,124970.1,209578.52,11945.18,15822.69,3877.51,6,On Time,No,N/A,800000,0.4182,Compliant
MA-011214,Harbor Construction Enterprise,2023,Meals,Hospitality,Worcester,433192.01,120142.37,313049.64,21913.48,21619.26,0.0,4,On Time,No,N/A,350000,1.2377,Compliant
MA-011215,Cape Professional Services Ventures,2024,Meals,Healthcare,Somerville,1617407.44,511681.75,1105725.69,77400.8,79825.44,2424.64,18,Not Filed,No,N/A,1200000,1.3478,Compliant
MA-011216,Colonial Real Estate Enterprise,2023,Income,Manufacturing,Worcester,1759899.88,646159.91,1113739.96,59850.18,68633.62,8783.43,17,On Time,No,N/A,1500000,1.1733,Compliant
MA-011217,Beacon Real Estate Ventures,2024,Income,Professional Services,Chelsea,485317.4,156382.0,328935.39,37974.71,40468.58,2493.87,5,On Time,No,N/A,500000,0.9706,Compliant
MA-011218,Harbor Professional Services Inc,2025,Corporate,Retail,Fall River,523063.67,181519.5,341544.17,36927.67,50330.69,13403.02,6,On Time,No,N/A,600000,0.8718,Underpaid
MA-011219,Summit Restaurant Partners,2025,Meals,Professional Services,Lowell,478014.71,124214.1,353800.6,24766.04,25780.49,1014.45,10,Amended,No,N/A,500000,0.956,Compliant
MA-011220,Eastern Hospitality Associates,2022,Income,Retail,Worcester,518736.56,229518.17,289218.39,18397.64,26576.58,8178.94,1,On Time,No,N/A,600000,0.8646,Compliant
MA-011221,Eastern Real Estate Group,2024,Meals,Restaurant,Fall River,0.0,0.0,0.0,0.0,36806.03,36806.03,15,Not Filed,No,N/A,450000,0.0,Non-Filer
MA-011222,Bay State Retail Services,2025,Special Fuels,Construction,New Bedford,423197.88,186927.67,236270.2,56704.85,83509.48,26804.63,8,On Time,No,N/A,800000,0.529,Compliant
MA-011223,Commonwealth Healthcare Services,2023,Rooms Occupancy,Professional Services,Worcester,416120.11,175751.66,240368.45,13821.19,16950.94,3129.75,6,On Time,No,N/A,500000,0.8322,Compliant
MA-011224,Central Construction LLC,2022,Sales/Use,Construction,Lowell,477893.25,198891.91,279001.33,17437.58,45881.16,28443.58,9,Late,Yes,Fraud,800000,0.5974,Suspicious
MA-011225,Valley Manufacturing Inc,2023,Corporate,Healthcare,Worcester,902145.15,252820.47,649324.68,44558.41,42174.7,0.0,7,On Time,No,N/A,1200000,0.7518,Compliant
MA-011226,Patriot Healthcare LLC,2023,Income,Retail,Springfield,241503.29,96404.31,145098.98,16216.27,32450.5,16234.22,1,On Time,No,N/A,600000,0.4025,Underpaid
MA-011227,Patriot Hospitality Ventures,2022,Rooms Occupancy,Retail,Worcester,392764.16,76465.53,316298.63,18187.17,24704.61,6517.44,3,Late,No,N/A,600000,0.6546,Underpaid
MA-011228,Central Professional Services Solutions,2022,Rooms Occupancy,Hospitality,Worcester,410535.21,166538.67,243996.54,14029.8,18949.91,4920.11,12,On Time,No,N/A,350000,1.173,Compliant
MA-011229,Commonwealth Manufacturing Enterprise,2025,Income,Hospitality,Boston,271794.86,90661.79,181133.08,19498.84,20686.26,1187.42,4,On Time,Yes,Underpaid,350000,0.7766,Compliant
MA-011230,Southern Manufacturing Co,2022,Sales/Use,Retail,Boston,716576.65,119164.59,597412.06,37338.25,33616.3,0.0,11,On Time,No,N/A,600000,1.1943,Compliant
MA-011231,Colonial Hospitality Inc,2025,Sales/Use,Healthcare,Boston,1258677.99,272067.31,986610.68,61663.17,61060.78,0.0,19,On Time,Yes,Compliant,1200000,1.0489,Compliant
MA-011232,Central Retail Corp,2025,Income,Construction,Worcester,636232.57,120253.45,515979.12,30754.17,47640.87,16886.7,5,Late,No,N/A,800000,0.7953,Underpaid
MA-011233,Central Restaurant Holdings,2025,Sales/Use,Professional Services,Cambridge,0.0,0.0,0.0,0.0,27222.2,27222.2,12,Not Filed,Yes,Fraud,500000,0.0,Non-Filer
MA-011234,Summit Real Estate Associates,2024,Sales/Use,Restaurant,Lynn,333959.27,59029.32,274929.95,17183.12,17267.44,84.31,4,Not Filed,No,N/A,450000,0.7421,Compliant
MA-011235,Coastal Construction Group,2025,Income,Retail,Lynn,286766.69,60644.02,226122.67,27073.16,58958.83,31885.67,8,On Time,No,N/A,600000,0.4779,Suspicious
MA-011236,Patriot Healthcare Ventures,2023,Corporate,Restaurant,Boston,515555.48,126479.57,389075.92,32192.51,37446.53,5254.02,19,On Time,No,N/A,450000,1.1457,Underpaid
MA-011237,Eastern Construction Services,2024,Corporate,Retail,Boston,463226.53,189629.84,273596.69,19866.29,26423.97,6557.68,1,On Time,No,N/A,600000,0.772,Compliant
MA-011238,Central Construction LLC,2024,Income,Construction,Somerville,864847.01,194623.25,670223.76,38278.54,38473.38,194.83,14,Not Filed,Yes,Compliant,800000,1.0811,Compliant
MA-011239,Harbor Healthcare Enterprise,2023,Sales/Use,Construction,Fall River,542003.62,224093.8,317909.81,19869.36,30652.11,10782.75,16,On Time,No,N/A,800000,0.6775,Underpaid
MA-011240,Federal Real Estate Corp,2025,Income,Manufacturing,Boston,858089.12,330637.5,527451.63,51729.58,62114.04,10384.46,13,On Time,No,N/A,1500000,0.5721,Compliant
MA-011241,Patriot Healthcare Services,2023,Meals,Hospitality,Boston,282330.52,69321.31,213009.2,14910.64,16385.96,1475.32,12,Late,No,N/A,350000,0.8067,Compliant
MA-011242,Northern Professional Services Solutions,2025,Income,Manufacturing,Somerville,0.0,0.0,0.0,0.0,190173.28,190173.28,27,Not Filed,No,N/A,1500000,0.0,Non-Filer
MA-011243,Patriot Healthcare LLC,2023,Meals,Retail,Springfield,492079.34,86264.34,405815.01,28407.05,23392.16,0.0,10,On Time,No,N/A,600000,0.8201,Compliant
MA-011244,Pilgrim Real Estate Ventures,2025,Income,Healthcare,Worcester,1074128.28,334829.8,739298.48,60112.18,70450.7,10338.51,12,Amended,No,N/A,1200000,0.8951,Compliant
MA-011245,Northern Healthcare LLC,2023,Corporate,Healthcare,New Bedford,1218368.33,536904.42,681463.92,70086.8,82022.74,11935.94,5,Not Filed,No,N/A,1200000,1.0153,Compliant
MA-011246,Southern Real Estate Associates,2024,Income,Healthcare,Lowell,0.0,0.0,0.0,0.0,92815.6,92815.6,11,Not Filed,No,N/A,1200000,0.0,Non-Filer
MA-011247,Liberty Hospitality Holdings,2025,Income,Real Estate,New Bedford,404977.12,96206.48,308770.64,18248.09,22955.39,4707.3,14,On Time,No,N/A,700000,0.5785,Underpaid
MA-011248,Central Construction LLC,2022,Sales/Use,Professional Services,Cambridge,274035.09,120227.14,153807.95,9613.0,11975.99,2362.99,7,On Time,Yes,Compliant,500000,0.5481,Compliant
MA-011249,Beacon Construction Enterprise,2025,Income,Restaurant,Lynn,419139.32,145448.9,273690.43,14186.81,15378.56,1191.75,3,On Time,No,N/A,450000,0.9314,Compliant
MA-011250,Eastern Professional Services Partners,2025,Income,Manufacturing,Somerville,1903141.33,774782.4,1128358.93,101802.23,130412.63,28610.39,25,On Time,No,N/A,1500000,1.2688,Compliant
MA-011251,Beacon Professional Services Services,2023,Income,Hospitality,Brockton,424470.52,104197.39,320273.13,27769.95,27949.36,179.42,10,Not Filed,No,N/A,350000,1.2128,Compliant
MA-011252,Coastal Hospitality Solutions,2024,Income,Healthcare,Boston,508834.25,135882.32,372951.93,37645.1,84434.9,46789.81,10,On Time,No,N/A,1200000,0.424,Suspicious
MA-011253,Coastal Hospitality Services,2023,Income,Restaurant,Lowell,94927.72,19438.05,75489.68,6541.25,18862.09,12320.84,1,Late,No,N/A,450000,0.211,Suspicious
MA-011254,Harbor Real Estate LLC,2023,Sales/Use,Restaurant,Brockton,0.0,0.0,0.0,0.0,39159.61,39159.61,17,Not Filed,No,N/A,450000,0.0,Non-Filer
MA-011255,Southern Real Estate Associates,2023,Income,Manufacturing,Brockton,437262.84,110214.64,327048.19,20116.57,42298.05,22181.47,3,Not Filed,No,N/A,1500000,0.2915,Suspicious
MA-011256,Coastal Healthcare Inc,2025,Corporate,Retail,Cambridge,673231.29,217206.7,456024.59,35686.48,39899.96,4213.48,11,Amended,No,N/A,600000,1.1221,Compliant
MA-011257,Summit Construction Holdings,2024,Meals,Retail,Cambridge,0.0,0.0,0.0,0.0,36667.73,36667.73,7,Not Filed,No,N/A,600000,0.0,Non-Filer
MA-011258,Patriot Construction Holdings,2024,Corporate,Retail,Somerville,547062.41,134649.8,412412.61,34701.96,34538.78,0.0,8,Not Filed,No,N/A,600000,0.9118,Compliant
MA-011259,Harbor Retail Solutions,2022,Sales/Use,Retail,Boston,353243.96,141198.37,212045.59,13252.85,25737.27,12484.42,1,Amended,No,N/A,600000,0.5887,Underpaid
MA-011260,Summit Healthcare Solutions,2024,Meals,Restaurant,Boston,239263.47,62033.15,177230.33,12406.12,22428.89,10022.76,1,On Time,Yes,Underpaid,450000,0.5317,Underpaid
MA-011261,Atlantic Auto Repair Holdings,2023,Income,Restaurant,Brockton,462682.33,127628.66,335053.67,33823.3,31726.89,0.0,20,On Time,Yes,Compliant,450000,1.0282,Compliant
MA-011262,Colonial Restaurant Ventures,2024,Income,Construction,Worcester,874663.47,380580.1,494083.37,52111.86,80928.63,28816.77,9,On Time,No,N/A,800000,1.0933,Compliant
MA-011263,Coastal Construction Services,2022,Rooms Occupancy,Construction,Chelsea,1029187.99,380542.81,648645.18,37297.1,50986.25,13689.15,15,On Time,No,N/A,800000,1.2865,Compliant
MA-011264,Patriot Restaurant LLC,2024,Meals,Retail,Boston,672451.67,264091.52,408360.16,28585.21,32948.17,4362.96,11,On Time,No,N/A,600000,1.1208,Compliant
MA-011265,Central Real Estate Partners,2025,Meals,Restaurant,Worcester,743209.52,148847.74,594361.78,41605.32,39897.67,0.0,3,On Time,No,N/A,450000,1.6516,Compliant
MA-011266,Atlantic Manufacturing Inc,2024,Sales/Use,Retail,New Bedford,0.0,0.0,0.0,0.0,34151.65,34151.65,4,Not Filed,No,N/A,600000,0.0,Non-Filer
MA-011267,Northern Auto Repair Co,2022,Income,Healthcare,Boston,1398353.94,266858.48,1131495.45,123979.0,104953.38,0.0,13,Late,Yes,Underpaid,1200000,1.1653,Compliant
MA-011268,Northern Healthcare LLC,2023,Sales/Use,Retail,Boston,536018.89,222407.76,313611.14,19600.7,22100.39,2499.7,4,Not Filed,No,N/A,600000,0.8934,Compliant
MA-011269,Northern Professional Services Holdings,2024,Income,Hospitality,Boston,473310.65,149880.36,323430.29,20295.39,24325.63,4030.24,10,On Time,No,N/A,350000,1.3523,Compliant
MA-011270,Colonial Hospitality Associates,2025,Corporate,Hospitality,Cambridge,109708.97,23765.78,85943.19,6998.38,11797.5,4799.12,2,On Time,No,N/A,350000,0.3135,Suspicious
MA-011271,Cape Healthcare Co,2022,Income,Auto Repair,Lowell,234510.36,46975.4,187534.96,14218.6,14034.35,0.0,1,On Time,No,N/A,300000,0.7817,Compliant
MA-011272,Summit Professional Services LLC,2022,Income,Construction,Fall River,432036.34,143424.73,288611.61,32182.07,59080.31,26898.25,7,On Time,No,N/A,800000,0.54,Underpaid
MA-011273,Commonwealth Healthcare Services,2022,Sales/Use,Healthcare,Boston,2096915.98,765926.61,1330989.38,83186.84,102749.83,19562.99,29,On Time,Yes,Compliant,1200000,1.7474,Compliant
MA-011274,Metro Healthcare Ventures,2025,Income,Construction,Cambridge,152374.84,37523.02,114851.83,11746.8,30746.52,18999.72,2,Late,No,N/A,800000,0.1905,Suspicious
MA-011275,Colonial Professional Services Holdings,2022,Meals,Construction,Springfield,1141451.61,463958.7,677492.91,47424.5,54339.78,6915.28,24,On Time,No,N/A,800000,1.4268,Compliant
MA-011276,Coastal Real Estate Solutions,2022,Income,Professional Services,Boston,179792.84,61781.51,118011.33,7350.74,10136.2,2785.46,1,Amended,No,N/A,500000,0.3596,Underpaid
MA-011277,Atlantic Construction Group,2023,Income,Construction,New Bedford,1371723.57,439037.12,932686.46,86774.02,88882.98,2108.96,18,On Time,No,N/A,800000,1.7147,Compliant
MA-011278,Cape Real Estate Holdings,2022,Meals,Real Estate,New Bedford,465728.49,195145.81,270582.68,18940.79,26536.14,7595.35,8,On Time,No,N/A,700000,0.6653,Compliant
MA-011279,Atlantic Hospitality Holdings,2023,Meals,Real Estate,Fall River,49589.38,14714.7,34874.67,2441.23,2523.78,82.55,1,On Time,No,N/A,700000,0.0708,Compliant
MA-011280,Pilgrim Hospitality LLC,2024,Meals,Hospitality,Boston,380034.83,85952.05,294082.78,20585.79,18746.38,0.0,9,Not Filed,No,N/A,350000,1.0858,Compliant
MA-011281,Summit Hospitality Ventures,2025,Income,Healthcare,New Bedford,303189.75,62468.74,240721.01,14973.6,41313.58,26339.97,10,Late,Yes,Underpaid,1200000,0.2527,Suspicious
MA-011282,Liberty Hospitality Holdings,2025,Corporate,Auto Repair,Springfield,215660.05,53497.29,162162.76,14687.16,13873.02,0.0,3,On Time,No,N/A,300000,0.7189,Compliant
MA-011283,Pilgrim Restaurant Ventures,2022,Meals,Retail,Boston,433162.38,177117.26,256045.12,17923.16,21816.12,3892.96,3,Late,No,N/A,600000,0.7219,Compliant
MA-011284,Eastern Restaurant Group,2025,Sales/Use,Hospitality,Worcester,87939.1,31225.35,56713.76,3544.61,10247.78,6703.17,6,On Time,No,N/A,350000,0.2513,Suspicious
MA-011285,Harbor Real Estate LLC,2023,Corporate,Hospitality,Lowell,221799.17,94655.95,127143.22,13391.17,32792.12,19400.95,4,On Time,Yes,Underpaid,350000,0.6337,Suspicious
MA-011286,Pioneer Retail Holdings,2022,Corporate,Real Estate,Boston,681849.84,115861.65,565988.19,61388.71,62907.74,1519.03,1,Amended,No,N/A,700000,0.9741,Compliant
MA-011287,Coastal Hospitality Services,2022,Meals,Professional Services,Quincy,458513.06,169159.25,289353.81,20254.77,22875.51,2620.74,5,On Time,No,N/A,500000,0.917,Compliant
MA-011288,Metro Restaurant Corp,2023,Corporate,Restaurant,Worcester,801377.2,220118.54,581258.66,48190.27,56473.58,8283.31,4,On Time,No,N/A,450000,1.7808,Compliant
MA-011289,Eastern Auto Repair Corp,2022,Income,Restaurant,Somerville,650022.97,120529.71,529493.27,51930.06,46623.0,0.0,13,On Time,No,N/A,450000,1.4445,Compliant
MA-011290,Northern Restaurant Holdings,2022,Income,Construction,Lowell,851431.87,173872.68,677559.18,39614.84,36480.08,0.0,19,On Time,No,N/A,800000,1.0643,Compliant
MA-011291,Commonwealth Real Estate Enterprise,2025,Rooms Occupancy,Professional Services,Lowell,580001.41,93442.23,486559.18,27977.15,23982.27,0.0,9,On Time,No,N/A,500000,1.16,Compliant
MA-011292,Eastern Construction Group,2025,Sales/Use,Retail,Cambridge,461478.14,83568.55,377909.58,23619.35,25679.4,2060.05,13,Amended,No,N/A,600000,0.7691,Underpaid
MA-011293,Valley Professional Services Solutions,2025,Meals,Restaurant,Worcester,312122.17,100793.26,211328.91,14793.02,33751.05,18958.02,4,On Time,Yes,Fraud,450000,0.6936,Suspicious
MA-011294,Northern Auto Repair Enterprise,2023,Meals,Retail,Boston,0.0,0.0,0.0,0.0,18210.3,18210.3,3,Not Filed,No,N/A,600000,0.0,Non-Filer
MA-011295,Patriot Restaurant Co,2023,Income,Manufacturing,New Bedford,1059083.8,379541.93,679541.87,57597.33,78929.69,21332.36,13,On Time,Yes,Underpaid,1500000,0.7061,Compliant
MA-011296,Coastal Real Estate Solutions,2024,Corporate,Restaurant,Worcester,623344.85,266296.67,357048.18,23151.32,34808.9,11657.58,5,On Time,No,N/A,450000,1.3852,Compliant
MA-011297,Pioneer Auto Repair Enterprise,2025,Income,Hospitality,Fall River,333203.29,73052.17,260151.13,22019.19,24458.62,2439.43,4,On Time,No,N/A,350000,0.952,Compliant
MA-011298,Colonial Construction Holdings,2025,Special Fuels,Restaurant,New Bedford,561574.65,105545.05,456029.6,109447.1,109964.79,517.69,1,Amended,No,N/A,450000,1.2479,Compliant
MA-011299,Commonwealth Healthcare Solutions,2023,Income,Auto Repair,Worcester,244145.31,100084.03,144061.29,7529.62,10485.94,2956.31,4,On Time,Yes,Compliant,300000,0.8138,Compliant
MA-011300,Metro Retail Solutions,2025,Sales/Use,Auto Repair,Somerville,309492.03,80859.87,228632.16,14289.51,19214.72,4925.21,2,On Time,No,N/A,300000,1.0316,Underpaid
MA-011301,Patriot Hospitality Ventures,2023,Meals,Retail,Worcester,232256.33,52334.29,179922.04,12594.54,12003.23,0.0,5,On Time,Yes,Compliant,600000,0.3871,Compliant
MA-011302,Harbor Auto Repair Co,2022,Corporate,Manufacturing,Fall River,576686.61,182321.2,394365.41,22489.24,51934.37,29445.13,8,On Time,No,N/A,1500000,0.3845,Suspicious
MA-011303,Federal Auto Repair Associates,2022,Corporate,Restaurant,Boston,235144.61,42848.2,192296.41,17593.64,22049.93,4456.29,3,On Time,Yes,Underpaid,450000,0.5225,Underpaid
MA-011304,Valley Hospitality Associates,2025,Corporate,Restaurant,Boston,366927.53,91600.45,275327.09,32437.46,29097.18,0.0,1,On Time,No,N/A,450000,0.8154,Compliant
MA-011305,Patriot Restaurant LLC,2023,Corporate,Real Estate,Somerville,515220.41,164633.2,350587.21,21989.11,43110.62,21121.51,17,On Time,No,N/A,700000,0.736,Underpaid
MA-011306,Atlantic Construction Inc,2024,Corporate,Retail,Springfield,694188.41,145563.98,548624.43,53202.06,47843.75,0.0,3,On Time,No,N/A,600000,1.157,Compliant
MA-011307,Northern Restaurant Partners,2025,Rooms Occupancy,Construction,Brockton,281801.06,54859.36,226941.7,13049.15,33141.43,20092.28,9,Late,Yes,Underpaid,800000,0.3523,Suspicious
MA-011308,Beacon Restaurant LLC,2022,Income,Restaurant,Brockton,529595.05,131921.88,397673.18,36288.47,34431.5,0.0,10,On Time,No,N/A,450000,1.1769,Compliant
MA-011309,Pioneer Real Estate Services,2022,Sales/Use,Restaurant,Chelsea,213715.53,47185.31,166530.22,10408.14,14791.85,4383.72,4,On Time,No,N/A,450000,0.4749,Underpaid
MA-011310,Pioneer Retail Holdings,2024,Sales/Use,Manufacturing,Chelsea,1814637.46,308005.03,1506632.43,94164.53,74883.45,0.0,28,On Time,Yes,Compliant,1500000,1.2098,Compliant
MA-011311,Atlantic Auto Repair Co,2025,Income,Construction,Fall River,1010626.26,219411.22,791215.04,43167.35,41788.82,0.0,16,Late,No,N/A,800000,1.2633,Compliant
MA-011312,Summit Construction Holdings,2024,Sales/Use,Restaurant,Springfield,444051.46,95420.03,348631.43,21789.46,22916.75,1127.29,12,On Time,Yes,Compliant,450000,0.9868,Compliant
MA-011313,Harbor Construction Enterprise,2024,Income,Retail,Boston,572916.71,201047.62,371869.09,34084.96,45844.15,11759.19,4,On Time,No,N/A,600000,0.9549,Underpaid
MA-011314,Central Professional Services Solutions,2024,Income,Real Estate,Springfield,879267.57,168705.05,710562.52,46189.38,57366.09,11176.72,16,Amended,No,N/A,700000,1.2561,Underpaid
MA-011315,Beacon Professional Services Co,2025,Income,Auto Repair,Brockton,191203.84,64865.4,126338.44,12157.65,19637.93,7480.28,1,Late,No,N/A,300000,0.6373,Underpaid
MA-011316,Central Healthcare Services,2022,Special Fuels,Auto Repair,Cambridge,242154.19,73587.41,168566.78,40456.03,59267.84,18811.81,6,On Time,No,N/A,300000,0.8072,Underpaid
MA-011317,Cape Manufacturing Group,2022,Rooms Occupancy,Healthcare,Quincy,909630.35,307262.4,602367.95,34636.16,48320.43,13684.27,17,Not Filed,No,N/A,1200000,0.758,Underpaid
MA-011318,Patriot Healthcare Associates,2025,Meals,Construction,Brockton,1343762.96,383493.02,960269.94,67218.9,61801.94,0.0,21,On Time,No,N/A,800000,1.6797,Compliant
MA-011319,Coastal Hospitality Ventures,2025,Sales/Use,Construction,Lynn,352931.05,59473.95,293457.11,18341.07,45262.96,26921.89,15,On Time,No,N/A,800000,0.4412,Suspicious
MA-011320,Pioneer Auto Repair Holdings,2023,Sales/Use,Construction,Worcester,494933.49,87826.5,407106.99,25444.19,22073.48,0.0,8,On Time,Yes,Compliant,800000,0.6187,Compliant
MA-011321,Harbor Construction Partners,2023,Sales/Use,Hospitality,Lowell,567382.55,163977.94,403404.62,25212.79,24796.07,0.0,5,On Time,No,N/A,350000,1.6211,Compliant
MA-011322,Beacon Restaurant LLC,2022,Corporate,Real Estate,Lynn,498506.51,113457.81,385048.71,40558.32,35575.99,0.0,2,On Time,No,N/A,700000,0.7122,Compliant
MA-011323,Metro Healthcare Ventures,2023,Rooms Occupancy,Retail,Boston,302809.97,95676.87,207133.1,11910.15,17689.04,5778.89,1,On Time,No,N/A,600000,0.5047,Underpaid
MA-011324,Federal Hospitality Holdings,2025,Corporate,Retail,Fall River,531407.0,146928.59,384478.41,36439.24,34041.52,0.0,1,On Time,No,N/A,600000,0.8857,Compliant
MA-011325,Federal Auto Repair LLC,2025,Rooms Occupancy,Healthcare,New Bedford,1164232.46,329691.92,834540.54,47986.08,56833.65,8847.57,19,On Time,No,N/A,1200000,0.9702,Compliant
MA-011326,Valley Healthcare Enterprise,2023,Rooms Occupancy,Construction,Boston,507888.45,152752.46,355135.99,20420.32,22307.64,1887.32,14,On Time,No,N/A,800000,0.6349,Compliant
MA-011327,Coastal Real Estate Inc,2023,Corporate,Retail,Cambridge,736213.97,197715.09,538498.88,32629.64,27761.32,0.0,13,On Time,No,N/A,600000,1.227,Compliant
MA-011328,Summit Restaurant Partners,2022,Income,Healthcare,Boston,967754.31,315438.92,652315.39,67167.74,68013.96,846.21,15,On Time,No,N/A,1200000,0.8065,Compliant
MA-011329,Bay State Retail Associates,2023,Meals,Manufacturing,Chelsea,951658.5,259126.85,692531.64,48477.22,56759.3,8282.08,16,On Time,No,N/A,1500000,0.6344,Compliant
MA-011330,Patriot Restaurant LLC,2022,Corporate,Retail,Lynn,353076.0,70499.39,282576.61,32058.33,57166.22,25107.9,10,On Time,No,N/A,600000,0.5885,Underpaid
MA-011331,Coastal Real Estate Ventures,2024,Income,Restaurant,Boston,267890.73,42454.38,225436.35,20222.85,18892.47,0.0,1,On Time,Yes,Compliant,450000,0.5953,Compliant
MA-011332,Northern Auto Repair Enterprise,2023,Sales/Use,Construction,Lynn,1003942.23,340483.07,663459.16,41466.2,45326.88,3860.68,7,On Time,No,N/A,800000,1.2549,Compliant
MA-011333,Colonial Retail Enterprise,2023,Corporate,Professional Services,Quincy,578342.56,233845.45,344497.11,19746.93,26909.17,7162.23,1,On Time,No,N/A,500000,1.1567,Compliant
MA-011334,Southern Real Estate Associates,2024,Corporate,Restaurant,Springfield,424389.35,180170.86,244218.49,24158.5,41891.31,17732.81,1,On Time,No,N/A,450000,0.9431,Underpaid
MA-011335,Northern Manufacturing Co,2024,Corporate,Healthcare,Worcester,1398225.75,319306.75,1078919.0,77627.03,73405.65,0.0,20,Amended,Yes,Compliant,1200000,1.1652,Compliant
MA-011336,Beacon Real Estate Services,2025,Income,Professional Services,Lowell,193563.33,31617.9,161945.43,9382.66,16387.4,7004.73,7,On Time,No,N/A,500000,0.3871,Suspicious
MA-011337,Harbor Auto Repair Co,2025,Sales/Use,Professional Services,Boston,572903.65,197242.45,375661.2,23478.83,28369.32,4890.5,4,On Time,No,N/A,500000,1.1458,Compliant
MA-011338,Northern Real Estate Associates,2022,Corporate,Retail,Chelsea,287453.16,112709.83,174743.33,12391.04,18519.98,6128.94,1,On Time,No,N/A,600000,0.4791,Underpaid
MA-011339,Coastal Retail Co,2024,Special Fuels,Restaurant,Lynn,498997.7,136295.28,362702.42,87048.58,94615.9,7567.32,1,Amended,No,N/A,450000,1.1089,Compliant
MA-011340,Federal Restaurant Services,2024,Rooms Occupancy,Restaurant,Brockton,461659.57,143694.03,317965.54,18283.02,22536.91,4253.9,4,Amended,No,N/A,450000,1.0259,Compliant
MA-011341,Coastal Hospitality Ventures,2023,Special Fuels,Real Estate,Fall River,837678.06,341028.12,496649.94,119195.99,162008.52,42812.54,9,Late,No,N/A,700000,1.1967,Compliant
MA-011342,Metro Retail Services,2023,Meals,Hospitality,Fall River,175803.92,47281.96,128521.96,8996.54,17020.99,8024.46,7,On Time,No,N/A,350000,0.5023,Underpaid
MA-011343,Harbor Restaurant Inc,2025,Sales/Use,Retail,Boston,643810.0,131538.87,512271.12,32016.95,29081.4,0.0,9,Amended,No,N/A,600000,1.073,Compliant
MA-011344,Patriot Restaurant LLC,2024,Sales/Use,Real Estate,Cambridge,781954.23,123802.65,658151.59,41134.47,42612.19,1477.72,2,On Time,No,N/A,700000,1.1171,Compliant
MA-011345,Valley Auto Repair Inc,2024,Rooms Occupancy,Real Estate,Boston,933067.8,141673.08,791394.72,45505.2,34210.95,0.0,14,Late,No,N/A,700000,1.333,Compliant
MA-011346,Commonwealth Hospitality LLC,2025,Special Fuels,Restaurant,Chelsea,288450.15,50115.23,238334.92,57200.38,52438.02,0.0,2,On Time,No,N/A,450000,0.641,Compliant
MA-011347,Valley Auto Repair Associates,2024,Rooms Occupancy,Retail,Lynn,466462.17,189300.86,277161.31,15936.78,24592.21,8655.43,6,On Time,No,N/A,600000,0.7774,Underpaid
MA-011348,Northern Professional Services Services,2023,Income,Restaurant,Boston,407739.1,103013.28,304725.82,24410.32,28470.64,4060.32,13,On Time,No,N/A,450000,0.9061,Underpaid
MA-011349,Commonwealth Healthcare Enterprise,2024,Corporate,Hospitality,Cambridge,0.0,0.0,0.0,0.0,24619.17,24619.17,1,Not Filed,No,N/A,350000,0.0,Non-Filer
MA-011350,Cape Real Estate Inc,2024,Corporate,Professional Services,Boston,0.0,0.0,0.0,0.0,21118.55,21118.55,14,Not Filed,No,N/A,500000,0.0,Non-Filer
MA-011351,Federal Retail Solutions,2023,Corporate,Professional Services,Worcester,549115.81,114251.63,434864.18,50194.56,42938.03,0.0,12,Late,No,N/A,500000,1.0982,Compliant
MA-011352,Liberty Restaurant Inc,2025,Sales/Use,Healthcare,Fall River,1694120.96,483205.71,1210915.25,75682.2,83926.2,8244.0,30,Not Filed,No,N/A,1200000,1.4118,Underpaid
MA-011353,Federal Auto Repair Group,2023,Sales/Use,Retail,Lowell,671476.38,209278.23,462198.15,28887.38,28958.79,71.4,13,On Time,No,N/A,600000,1.1191,Compliant
MA-011354,Summit Real Estate Associates,2022,Income,Hospitality,Worcester,358089.38,58193.38,299896.0,21900.38,19395.52,0.0,4,On Time,Yes,Compliant,350000,1.0231,Compliant
MA-011355,Beacon Restaurant LLC,2023,Sales/Use,Manufacturing,Boston,1370347.88,567774.83,802573.05,50160.82,70157.47,19996.66,24,On Time,No,N/A,1500000,0.9136,Compliant
MA-011356,Patriot Restaurant Co,2022,Sales/Use,Hospitality,Fall River,251918.39,76647.83,175270.57,10954.41,13165.52,2211.11,10,Amended,No,N/A,350000,0.7198,Compliant
MA-011357,Patriot Healthcare Associates,2024,Income,Real Estate,Worcester,827584.22,327586.61,499997.61,55765.02,65539.18,9774.16,3,On Time,No,N/A,700000,1.1823,Compliant
MA-011358,Patriot Healthcare LLC,2022,Meals,Healthcare,Springfield,1108770.9,407814.91,700955.99,49066.92,74105.82,25038.9,6,On Time,No,N/A,1200000,0.924,Underpaid
MA-011359,Colonial Retail Group,2024,Special Fuels,Restaurant,Cambridge,391755.84,108780.99,282974.85,67913.96,95635.3,27721.33,11,Late,No,N/A,450000,0.8706,Underpaid
MA-011360,Valley Manufacturing Holdings,2022,Sales/Use,Restaurant,Quincy,363991.55,69105.06,294886.49,18430.41,17022.01,0.0,5,Not Filed,No,N/A,450000,0.8089,Compliant
MA-011361,Summit Restaurant Partners,2022,Corporate,Construction,Boston,0.0,0.0,0.0,0.0,115253.01,115253.01,14,Not Filed,No,N/A,800000,0.0,Non-Filer
MA-011362,Patriot Retail Co,2023,Sales/Use,Restaurant,Boston,283543.15,109930.99,173612.16,10850.76,14918.7,4067.94,11,On Time,Yes,Compliant,450000,0.6301,Compliant
MA-011363,Northern Real Estate Partners,2023,Rooms Occupancy,Healthcare,Boston,2057872.57,879218.09,1178654.48,67772.63,80772.18,12999.54,24,On Time,No,N/A,1200000,1.7149,Compliant
MA-011364,Patriot Healthcare LLC,2022,Income,Retail,Boston,762347.47,128767.52,633579.95,54830.96,52610.98,0.0,16,On Time,No,N/A,600000,1.2706,Compliant
MA-011365,Patriot Restaurant Co,2025,Meals,Restaurant,Boston,324527.31,77445.69,247081.62,17295.71,18381.57,1085.86,1,On Time,No,N/A,450000,0.7212,Compliant
MA-011366,Atlantic Hospitality Holdings,2024,Income,Retail,Lynn,811063.08,245833.56,565229.51,30135.51,33992.8,3857.29,19,On Time,No,N/A,600000,1.3518,Compliant
MA-011367,Summit Construction Partners,2023,Sales/Use,Manufacturing,Brockton,759981.15,303701.58,456279.57,28517.47,77044.95,48527.48,17,On Time,Yes,Underpaid,1500000,0.5067,Suspicious
MA-011368,Federal Hospitality Holdings,2025,Meals,Manufacturing,Boston,1580111.19,393174.63,1186936.56,83085.56,122455.48,39369.92,28,On Time,No,N/A,1500000,1.0534,Underpaid
MA-011369,Harbor Construction Enterprise,2022,Rooms Occupancy,Hospitality,Worcester,113684.4,26215.82,87468.58,5029.44,14877.66,9848.22,5,On Time,No,N/A,350000,0.3248,Suspicious
MA-011370,Cape Manufacturing Services,2022,Meals,Construction,Springfield,0.0,0.0,0.0,0.0,70339.2,70339.2,20,Not Filed,No,N/A,800000,0.0,Non-Filer
MA-011371,Eastern Hospitality Associates,2024,Sales/Use,Healthcare,Boston,1381678.56,359492.42,1022186.14,63886.63,62975.28,0.0,19,On Time,No,N/A,1200000,1.1514,Compliant
MA-011372,Valley Auto Repair Inc,2025,Sales/Use,Construction,Boston,805351.23,214645.66,590705.57,36919.1,38527.46,1608.37,12,Late,Yes,Compliant,800000,1.0067,Compliant
MA-011373,Metro Retail Group,2022,Rooms Occupancy,Construction,Chelsea,37112.58,14268.93,22843.66,1313.51,2401.98,1088.47,1,On Time,Yes,Compliant,800000,0.0464,Underpaid
MA-011374,Summit Retail Enterprise,2025,Meals,Construction,Worcester,839812.93,363622.54,476190.39,33333.33,50286.85,16953.52,5,On Time,No,N/A,800000,1.0498,Compliant
MA-011375,Commonwealth Restaurant Enterprise,2023,Meals,Manufacturing,Worcester,0.0,0.0,0.0,0.0,100604.58,100604.58,20,Not Filed,No,N/A,1500000,0.0,Non-Filer
MA-011376,Eastern Hospitality Solutions,2022,Income,Hospitality,Worcester,587092.93,108808.03,478284.9,40207.52,37321.3,0.0,14,On Time,Yes,Compliant,350000,1.6774,Compliant
MA-011377,Colonial Retail Enterprise,2022,Income,Construction,Springfield,490898.31,94937.78,395960.53,22345.3,26359.76,4014.46,7,On Time,No,N/A,800000,0.6136,Underpaid
MA-011378,Commonwealth Real Estate LLC,2025,Income,Restaurant,Worcester,419306.0,151847.43,267458.57,32014.59,35369.13,3354.54,3,On Time,No,N/A,450000,0.9318,Compliant
MA-011379,Southern Healthcare Ventures,2024,Income,Retail,Lynn,660412.2,162255.44,498156.76,52089.84,55105.61,3015.76,4,On Time,No,N/A,600000,1.1007,Compliant
MA-011380,Summit Manufacturing Partners,2022,Corporate,Restaurant,Brockton,74289.62,25231.39,49058.23,3206.89,12999.15,9792.26,6,On Time,No,N/A,450000,0.1651,Suspicious
MA-011381,Federal Retail Enterprise,2023,Income,Retail,Boston,702504.55,139718.67,562785.88,50200.11,50788.86,588.76,5,Late,No,N/A,600000,1.1708,Compliant
MA-011382,Harbor Restaurant Inc,2023,Income,Manufacturing,Boston,1211672.01,231277.79,980394.22,77821.7,119369.18,41547.48,21,On Time,No,N/A,1500000,0.8078,Underpaid
MA-011383,Atlantic Real Estate Inc,2025,Corporate,Auto Repair,Fall River,327348.39,117650.48,209697.91,24412.07,31498.27,7086.2,8,On Time,No,N/A,300000,1.0912,Compliant
MA-011384,Summit Manufacturing Inc,2022,Meals,Real Estate,Chelsea,662610.02,274342.8,388267.22,27178.71,33947.62,6768.91,10,On Time,No,N/A,700000,0.9466,Compliant
MA-011385,Eastern Professional Services Holdings,2023,Income,Manufacturing,Fall River,1280238.54,420039.26,860199.28,83984.68,102942.74,18958.06,14,On Time,No,N/A,1500000,0.8535,Compliant
MA-011386,Beacon Hospitality Solutions,2024,Sales/Use,Auto Repair,Brockton,172706.11,59369.09,113337.02,7083.56,12058.64,4975.08,1,Late,No,N/A,300000,0.5757,Underpaid
MA-011387,Pilgrim Auto Repair Corp,2025,Income,Construction,Chelsea,781070.56,296648.51,484422.04,38239.97,41479.61,3239.63,1,On Time,No,N/A,800000,0.9763,Compliant
MA-011388,Harbor Real Estate Solutions,2025,Income,Manufacturing,Cambridge,721033.3,303200.96,417832.34,42106.93,105663.91,63556.99,14,Late,No,N/A,1500000,0.4807,Underpaid
MA-011389,Liberty Healthcare Corp,2025,Sales/Use,Restaurant,Worcester,427723.24,91533.08,336190.16,21011.88,17329.03,0.0,3,On Time,No,N/A,450000,0.9505,Compliant
MA-011390,Colonial Professional Services Co,2023,Meals,Retail,Worcester,589406.56,160135.56,429271.0,30048.97,32718.95,2669.98,9,Amended,No,N/A,600000,0.9823,Compliant
MA-011391,Atlantic Construction Associates,2023,Income,Restaurant,Springfield,307608.38,92594.41,215013.97,18986.03,33689.0,14702.97,4,Not Filed,No,N/A,450000,0.6836,Suspicious
MA-011392,Valley Manufacturing Inc,2024,Meals,Retail,Lynn,353281.2,58617.08,294664.11,20626.49,17275.05,0.0,1,Amended,No,N/A,600000,0.5888,Compliant
MA-011393,Patriot Manufacturing LLC,2024,Corporate,Professional Services,Springfield,0.0,0.0,0.0,0.0,25990.22,25990.22,3,Not Filed,Yes,Underpaid,500000,0.0,Non-Filer
MA-011394,Beacon Professional Services Services,2022,Corporate,Auto Repair,Quincy,212464.88,94978.99,117485.89,6710.81,10232.11,3521.3,1,On Time,No,N/A,300000,0.7082,Compliant
MA-011395,Northern Professional Services Associates,2025,Corporate,Real Estate,Springfield,347302.69,136014.98,211287.71,20979.0,44274.06,23295.06,8,On Time,No,N/A,700000,0.4961,Underpaid
MA-011396,Atlantic Construction Associates,2025,Sales/Use,Professional Services,Boston,209170.92,89101.61,120069.31,7504.33,30218.29,22713.96,4,On Time,No,N/A,500000,0.4183,Suspicious
MA-011397,Federal Hospitality Holdings,2023,Rooms Occupancy,Professional Services,Somerville,438169.97,140112.34,298057.63,17138.31,16536.01,0.0,1,On Time,Yes,Compliant,500000,0.8763,Compliant
MA-011398,Atlantic Hospitality Holdings,2022,Rooms Occupancy,Construction,Brockton,807919.19,165565.13,642354.06,36935.36,30652.04,0.0,5,On Time,No,N/A,800000,1.0099,Compliant
MA-011399,Metro Retail Ventures,2024,Income,Professional Services,Lowell,623354.1,112183.74,511170.36,41407.84,39661.81,0.0,1,On Time,Yes,Compliant,500000,1.2467,Compliant
MA-011400,Federal Retail LLC,2024,Sales/Use,Restaurant,Worcester,405996.39,68909.3,337087.09,21067.94,20992.32,0.0,6,On Time,No,N/A,450000,0.9022,Compliant
MA-011401,Summit Hospitality Holdings,2022,Special Fuels,Real Estate,Lowell,708884.8,180384.91,528499.89,126839.97,118600.7,0.0,22,On Time,No,N/A,700000,1.0127,Compliant
MA-011402,Pioneer Manufacturing Services,2024,Sales/Use,Construction,Cambridge,915204.83,163033.28,752171.54,47010.72,45570.73,0.0,6,On Time,No,N/A,800000,1.144,Compliant
MA-011403,Summit Auto Repair LLC,2024,Income,Hospitality,Chelsea,334271.86,107008.66,227263.19,13693.87,15865.07,2171.2,1,Late,Yes,Compliant,350000,0.9551,Compliant
MA-011404,Coastal Construction Solutions,2022,Sales/Use,Real Estate,Chelsea,355323.62,111660.24,243663.38,15228.96,35490.83,20261.87,4,On Time,No,N/A,700000,0.5076,Suspicious
MA-011405,Atlantic Retail Group,2023,Meals,Construction,Worcester,631436.31,263264.13,368172.18,25772.05,60662.93,34890.88,10,On Time,No,N/A,800000,0.7893,Underpaid
MA-011406,Patriot Professional Services LLC,2024,Sales/Use,Hospitality,Worcester,334592.94,126351.94,208241.0,13015.06,14294.15,1279.08,1,On Time,No,N/A,350000,0.956,Compliant
MA-011407,Northern Healthcare LLC,2022,Corporate,Restaurant,Boston,0.0,0.0,0.0,0.0,32422.19,32422.19,7,Not Filed,No,N/A,450000,0.0,Non-Filer
MA-011408,Central Hospitality Enterprise,2023,Sales/Use,Construction,Worcester,802889.38,310544.0,492345.38,30771.59,66514.58,35742.99,20,Not Filed,No,N/A,800000,1.0036,Underpaid
MA-011409,Federal Retail LLC,2022,Income,Restaurant,New Bedford,531542.72,136527.2,395015.52,19906.14,18349.34,0.0,8,Amended,No,N/A,450000,1.1812,Compliant
MA-011410,Northern Restaurant Holdings,2023,Income,Auto Repair,Cambridge,329875.2,62948.21,266926.99,30676.93,30956.5,279.57,1,On Time,No,N/A,300000,1.0996,Compliant
MA-011411,Pilgrim Healthcare Enterprise,2025,Corporate,Real Estate,Lynn,174157.51,57128.14,117029.36,10714.25,44160.26,33446.02,12,Amended,No,N/A,700000,0.2488,Suspicious
MA-011412,Liberty Real Estate Co,2023,Income,Restaurant,Somerville,436912.72,133781.9,303130.82,16806.07,18593.37,1787.3,1,Amended,No,N/A,450000,0.9709,Compliant
MA-011413,Patriot Healthcare Services,2025,Income,Restaurant,Chelsea,427199.56,155546.9,271652.66,24055.16,31862.38,7807.23,14,On Time,No,N/A,450000,0.9493,Compliant
MA-011414,Summit Real Estate Associates,2023,Meals,Real Estate,Boston,491396.76,150699.69,340697.08,23848.8,47310.14,23461.34,12,On Time,No,N/A,700000,0.702,Suspicious
MA-011415,Commonwealth Manufacturing Enterprise,2022,Corporate,Professional Services,Chelsea,660004.88,208020.56,451984.32,45706.06,45741.27,35.21,6,On Time,No,N/A,500000,1.32,Compliant
MA-011416,Federal Hospitality Co,2022,Income,Construction,Somerville,275850.72,123505.15,152345.57,11239.58,17105.93,5866.35,1,On Time,No,N/A,800000,0.3448,Compliant
MA-011417,Northern Construction Co,2025,Income,Manufacturing,Chelsea,2300125.87,965510.97,1334614.9,141815.39,192673.95,50858.56,27,Not Filed,No,N/A,1500000,1.5334,Compliant
MA-011418,Pilgrim Manufacturing Associates,2023,Income,Retail,Boston,523824.26,106488.07,417336.19,27111.24,28333.23,1221.98,5,Late,Yes,Underpaid,600000,0.873,Compliant
MA-011419,Pioneer Real Estate Services,2022,Rooms Occupancy,Real Estate,Boston,1233354.4,427295.76,806058.64,46348.37,47590.41,1242.04,22,On Time,No,N/A,700000,1.7619,Compliant
MA-011420,Harbor Restaurant Group,2024,Income,Hospitality,New Bedford,586070.01,110157.66,475912.35,44693.5,49041.15,4347.65,6,On Time,Yes,Compliant,350000,1.6745,Compliant
MA-011421,Cape Restaurant Group,2023,Sales/Use,Restaurant,Lynn,487382.09,209140.67,278241.42,17390.09,21964.6,4574.51,1,On Time,Yes,Compliant,450000,1.0831,Compliant
MA-011422,Summit Restaurant LLC,2022,Meals,Restaurant,Quincy,654984.39,136965.38,518019.01,36261.33,33543.06,0.0,2,On Time,No,N/A,450000,1.4555,Compliant
MA-011423,Northern Hospitality Partners,2025,Income,Retail,Fall River,648795.46,216264.01,432531.45,28416.08,29435.26,1019.18,2,On Time,No,N/A,600000,1.0813,Compliant
MA-011424,Coastal Healthcare Solutions,2022,Income,Professional Services,Somerville,103332.66,44791.31,58541.35,5312.21,23555.62,18243.42,1,On Time,No,N/A,500000,0.2067,Suspicious
MA-011425,Summit Real Estate Associates,2024,Income,Auto Repair,Boston,230860.03,40249.98,190610.05,21120.43,17552.74,0.0,1,On Time,No,N/A,300000,0.7695,Compliant
MA-011426,Summit Restaurant LLC,2024,Corporate,Restaurant,Boston,142746.42,53664.5,89081.92,10009.67,31958.02,21948.35,8,Late,No,N/A,450000,0.3172,Suspicious
MA-011427,Cape Real Estate Inc,2025,Corporate,Auto Repair,Boston,185475.94,70280.56,115195.37,7813.87,9240.1,1426.23,3,On Time,No,N/A,300000,0.6183,Compliant
MA-011428,Atlantic Construction Associates,2023,Sales/Use,Construction,Somerville,1108113.15,381375.94,726737.21,45421.08,56420.37,10999.3,12,On Time,No,N/A,800000,1.3851,Compliant
MA-011429,Summit Restaurant Partners,2022,Income,Restaurant,Boston,332605.64,90894.7,241710.94,14411.09,13964.9,0.0,3,On Time,No,N/A,450000,0.7391,Compliant
MA-011430,Harbor Real Estate Partners,2023,Income,Professional Services,New Bedford,314053.74,137080.67,176973.07,15461.44,46763.67,31302.23,9,On Time,No,N/A,500000,0.6281,Suspicious
MA-011431,Metro Healthcare Corp,2025,Sales/Use,Real Estate,Chelsea,466367.03,169461.33,296905.7,18556.61,25467.01,6910.41,9,On Time,No,N/A,700000,0.6662,Underpaid
MA-011432,Pilgrim Restaurant Ventures,2023,Sales/Use,Construction,Boston,0.0,0.0,0.0,0.0,22228.2,22228.2,9,Not Filed,No,N/A,800000,0.0,Non-Filer
MA-011433,Patriot Professional Services LLC,2023,Corporate,Hospitality,Lowell,213406.44,34234.73,179171.7,17606.61,32721.74,15115.13,3,On Time,No,N/A,350000,0.6097,Suspicious
MA-011434,Patriot Auto Repair Associates,2022,Corporate,Retail,Lowell,447999.22,171811.56,276187.67,21357.12,23801.66,2444.54,1,Not Filed,No,N/A,600000,0.7467,Compliant
MA-011435,Harbor Retail Group,2024,Corporate,Construction,Fall River,423285.82,183747.04,239538.79,18021.58,57952.42,39930.84,18,Late,No,N/A,800000,0.5291,Suspicious
MA-011436,Pioneer Manufacturing Services,2025,Corporate,Construction,Brockton,175301.27,35608.06,139693.21,9776.92,36029.58,26252.65,9,On Time,No,N/A,800000,0.2191,Suspicious
MA-011437,Central Manufacturing LLC,2024,Meals,Restaurant,Worcester,140512.26,46198.09,94314.17,6601.99,7528.83,926.84,1,On Time,No,N/A,450000,0.3122,Compliant
MA-011438,Pioneer Auto Repair Group,2023,Meals,Healthcare,Springfield,1182018.61,525113.21,656905.4,45983.38,68387.87,22404.49,10,Amended,No,N/A,1200000,0.985,Compliant
MA-011439,Valley Manufacturing Services,2025,Income,Professional Services,Somerville,347923.94,151728.62,196195.33,18745.79,23221.19,4475.41,1,Not Filed,No,N/A,500000,0.6958,Compliant
MA-011440,Federal Real Estate LLC,2024,Meals,Hospitality,Lynn,393472.69,65611.95,327860.74,22950.25,19856.94,0.0,3,On Time,No,N/A,350000,1.1242,Compliant
MA-011441,Coastal Hospitality Solutions,2022,Special Fuels,Manufacturing,Boston,223424.71,96529.31,126895.41,30454.9,62673.12,32218.23,1,On Time,No,N/A,1500000,0.1489,Underpaid
MA-011442,Pilgrim Manufacturing Enterprise,2025,Corporate,Restaurant,Boston,352449.01,74978.09,277470.92,29715.8,27618.61,0.0,6,Amended,No,N/A,450000,0.7832,Compliant
MA-011443,Liberty Restaurant Associates,2025,Corporate,Restaurant,Quincy,40854.4,12232.49,28621.92,1656.35,2347.21,690.86,1,On Time,No,N/A,450000,0.0908,Underpaid
MA-011444,Colonial Professional Services Services,2025,Sales/Use,Hospitality,Lynn,176920.44,50141.53,126778.91,7923.68,13614.75,5691.07,10,Amended,No,N/A,350000,0.5055,Underpaid
MA-011445,Valley Professional Services LLC,2025,Income,Construction,Worcester,303717.72,49807.4,253910.32,26260.28,50259.03,23998.75,10,On Time,No,N/A,800000,0.3796,Suspicious
MA-011446,Colonial Professional Services Holdings,2024,Income,Manufacturing,Lynn,885346.18,139526.28,745819.9,45225.63,64643.25,19417.61,8,On Time,No,N/A,1500000,0.5902,Underpaid
MA-011447,Eastern Construction Ventures,2023,Corporate,Restaurant,Worcester,549783.84,177084.98,372698.86,39291.12,41482.66,2191.53,8,On Time,No,N/A,450000,1.2217,Compliant
MA-011448,Central Professional Services Solutions,2025,Sales/Use,Construction,Fall River,923726.69,311046.78,612679.91,38292.49,46420.76,8128.26,31,Amended,No,N/A,800000,1.1547,Compliant
MA-011449,Eastern Healthcare Solutions,2023,Sales/Use,Manufacturing,Boston,222206.98,56260.77,165946.21,10371.64,20211.7,9840.06,14,Late,No,N/A,1500000,0.1481,Suspicious
MA-011450,Central Healthcare Services,2023,Sales/Use,Retail,Quincy,552993.16,218102.97,334890.18,20930.64,27282.59,6351.95,8,On Time,No,N/A,600000,0.9217,Compliant
MA-011451,Harbor Healthcare Associates,2024,Income,Hospitality,Chelsea,275111.14,105784.0,169327.14,11098.41,17596.1,6497.7,2,Amended,Yes,Underpaid,350000,0.786,Underpaid
MA-011452,Beacon Professional Services Holdings,2025,Income,Restaurant,Worcester,363034.69,110157.5,252877.19,19531.3,21128.12,1596.82,6,Amended,No,N/A,450000,0.8067,Compliant
MA-011453,Federal Hospitality Co,2023,Meals,Manufacturing,Fall River,713586.53,191903.2,521683.33,36517.83,40437.35,3919.51,13,On Time,No,N/A,1500000,0.4757,Compliant
MA-011454,Southern Healthcare Holdings,2023,Rooms Occupancy,Manufacturing,Chelsea,581183.39,233952.09,347231.3,19965.8,56682.84,36717.04,10,On Time,No,N/A,1500000,0.3875,Suspicious
MA-011455,Eastern Professional Services Holdings,2025,Meals,Retail,Brockton,300545.18,63999.91,236545.27,16558.17,23420.05,6861.88,12,On Time,No,N/A,600000,0.5009,Underpaid
MA-011456,Eastern Auto Repair Corp,2022,Special Fuels,Professional Services,Boston,393700.31,77240.3,316460.01,75950.4,71488.53,0.0,6,On Time,No,N/A,500000,0.7874,Compliant
MA-011457,Coastal Healthcare Inc,2023,Meals,Professional Services,Boston,352112.41,72152.11,279960.3,19597.22,17338.96,0.0,8,Late,No,N/A,500000,0.7042,Compliant
MA-011458,Valley Restaurant Associates,2025,Income,Retail,Springfield,753469.61,308431.26,445038.35,29873.18,33594.67,3721.49,18,Late,Yes,Compliant,600000,1.2558,Compliant
MA-011459,Pioneer Healthcare Holdings,2023,Income,Construction,Fall River,773993.48,336635.59,437357.89,45507.93,55938.28,10430.36,12,On Time,No,N/A,800000,0.9675,Compliant
MA-011460,Summit Auto Repair Inc,2025,Income,Restaurant,Lowell,477933.23,166890.01,311043.22,20543.38,21004.94,461.56,12,On Time,No,N/A,450000,1.0621,Compliant
MA-011461,Bay State Construction LLC,2025,Sales/Use,Retail,Boston,436739.64,88345.43,348394.21,21774.64,20666.19,0.0,9,On Time,Yes,Compliant,600000,0.7279,Compliant
MA-011462,Liberty Retail Inc,2024,Income,Real Estate,Worcester,679550.56,120550.36,559000.2,56158.7,47865.93,0.0,7,On Time,No,N/A,700000,0.9708,Compliant
MA-011463,Northern Construction Services,2023,Corporate,Retail,Cambridge,595909.81,134727.03,461182.77,37089.14,40695.15,3606.01,8,On Time,Yes,Compliant,600000,0.9932,Compliant
MA-011464,Colonial Restaurant Ventures,2022,Sales/Use,Professional Services,Boston,201918.33,75834.33,126084.0,7880.25,22876.03,14995.78,7,On Time,No,N/A,500000,0.4038,Suspicious
MA-011465,Metro Hospitality Corp,2025,Sales/Use,Construction,Cambridge,1237221.39,246815.9,990405.49,61900.34,59842.72,0.0,20,On Time,No,N/A,800000,1.5465,Compliant
MA-011466,Valley Real Estate Inc,2023,Meals,Restaurant,Chelsea,324135.82,141888.23,182247.59,12757.33,28881.49,16124.16,4,On Time,No,N/A,450000,0.7203,Underpaid
MA-011467,Eastern Retail Partners,2024,Corporate,Healthcare,Cambridge,449348.03,159734.84,289613.19,32728.5,67775.82,35047.32,15,Late,No,N/A,1200000,0.3745,Suspicious
MA-011468,Valley Real Estate Associates,2024,Meals,Restaurant,Boston,0.0,0.0,0.0,0.0,28198.86,28198.86,14,Not Filed,No,N/A,450000,0.0,Non-Filer
MA-011469,Patriot Auto Repair Corp,2022,Income,Restaurant,Boston,281189.19,83200.22,197988.97,15140.12,17901.63,2761.51,3,On Time,No,N/A,450000,0.6249,Underpaid
MA-011470,Cape Restaurant Services,2022,Corporate,Construction,Lynn,0.0,0.0,0.0,0.0,16312.03,16312.03,1,Not Filed,No,N/A,800000,0.0,Non-Filer
MA-011471,Valley Real Estate Associates,2025,Corporate,Construction,Worcester,1133722.35,301226.71,832495.64,61878.66,58149.88,0.0,11,Amended,Yes,Underpaid,800000,1.4172,Compliant
MA-011472,Coastal Healthcare Solutions,2023,Corporate,Restaurant,Springfield,539853.35,125094.76,414758.6,33124.17,35443.19,2319.02,5,On Time,No,N/A,450000,1.1997,Compliant
MA-011473,Patriot Real Estate Ventures,2024,Sales/Use,Restaurant,Quincy,489688.26,80731.77,408956.48,25559.78,24176.52,0.0,1,On Time,No,N/A,450000,1.0882,Compliant
MA-011474,Eastern Hospitality Solutions,2023,Income,Restaurant,Worcester,453512.35,202372.83,251139.52,27558.24,36928.05,9369.82,1,On Time,No,N/A,450000,1.0078,Compliant
MA-011475,Pilgrim Construction Group,2024,Sales/Use,Healthcare,Chelsea,421047.66,118056.44,302991.22,18936.95,55579.38,36642.43,5,On Time,No,N/A,1200000,0.3509,Suspicious
MA-011476,Eastern Construction Services,2023,Rooms Occupancy,Retail,Quincy,662454.35,160052.78,502401.56,28888.09,39940.05,11051.96,14,Late,No,N/A,600000,1.1041,Underpaid
MA-011477,Colonial Hospitality Co,2024,Sales/Use,Healthcare,Boston,1397057.3,322569.02,1074488.28,67155.52,66561.51,0.0,24,On Time,Yes,Compliant,1200000,1.1642,Compliant
MA-011478,Valley Auto Repair Ventures,2023,Income,Hospitality,New Bedford,227353.15,83412.46,143940.69,14487.37,19162.45,4675.08,11,On Time,No,N/A,350000,0.6496,Compliant
MA-011479,Harbor Real Estate Partners,2024,Rooms Occupancy,Manufacturing,Lowell,1869359.17,781887.26,1087471.91,62529.63,83182.41,20652.77,23,On Time,Yes,Compliant,1500000,1.2462,Compliant
MA-011480,Harbor Auto Repair Holdings,2024,Income,Restaurant,Cambridge,601280.9,203887.84,397393.05,41688.85,50493.14,8804.29,2,Amended,No,N/A,450000,1.3362,Compliant
MA-011481,Cape Retail Partners,2023,Income,Healthcare,Brockton,864349.88,208581.46,655768.42,75428.47,82108.15,6679.68,7,On Time,No,N/A,1200000,0.7203,Compliant
MA-011482,Bay State Professional Services Partners,2024,Income,Healthcare,Brockton,1011521.76,291764.63,719757.13,79240.23,73683.87,0.0,7,On Time,No,N/A,1200000,0.8429,Compliant
MA-011483,Valley Professional Services LLC,2025,Sales/Use,Healthcare,Boston,1740951.54,743054.42,997897.12,62368.57,76871.01,14502.44,19,On Time,No,N/A,1200000,1.4508,Compliant
MA-011484,Coastal Construction Services,2024,Income,Retail,Worcester,642651.2,139356.78,503294.42,44261.11,45745.77,1484.65,5,On Time,No,N/A,600000,1.0711,Compliant
MA-011485,Summit Real Estate LLC,2023,Meals,Retail,Boston,229950.77,55879.93,174070.85,12184.96,13068.05,883.09,4,Late,No,N/A,600000,0.3833,Compliant
MA-011486,Bay State Retail Associates,2025,Corporate,Retail,Boston,221750.89,86549.12,135201.76,10510.2,11596.13,1085.93,2,On Time,No,N/A,600000,0.3696,Compliant
MA-011487,Summit Manufacturing Partners,2024,Special Fuels,Restaurant,Fall River,253572.54,67051.87,186520.68,44764.96,43085.49,0.0,12,Late,Yes,Underpaid,450000,0.5635,Compliant
MA-011488,Metro Auto Repair Partners,2025,Special Fuels,Professional Services,Lowell,696819.05,167675.16,529143.88,126994.53,108644.0,0.0,8,On Time,Yes,Compliant,500000,1.3936,Compliant
MA-011489,Harbor Restaurant Inc,2023,Rooms Occupancy,Manufacturing,Brockton,2085023.11,557228.75,1527794.36,87848.18,99752.61,11904.44,22,Late,No,N/A,1500000,1.39,Compliant
MA-011490,Eastern Professional Services Holdings,2023,Meals,Professional Services,Fall River,0.0,0.0,0.0,0.0,33614.08,33614.08,8,Not Filed,Yes,Underpaid,500000,0.0,Non-Filer
MA-011491,Southern Professional Services LLC,2022,Income,Construction,Somerville,871142.96,245916.65,625226.3,63388.21,73576.91,10188.7,17,On Time,No,N/A,800000,1.0889,Compliant
MA-011492,Colonial Construction Holdings,2025,Meals,Manufacturing,Worcester,1886767.51,708049.37,1178718.14,82510.27,102806.56,20296.3,24,On Time,No,N/A,1500000,1.2578,Compliant
MA-011493,Eastern Manufacturing LLC,2022,Corporate,Restaurant,Worcester,196335.93,63714.22,132621.71,13775.52,14393.46,617.95,1,Not Filed,No,N/A,450000,0.4363,Compliant
MA-011494,Bay State Construction LLC,2023,Rooms Occupancy,Restaurant,Worcester,412953.19,182385.58,230567.61,13257.64,18207.83,4950.19,5,On Time,No,N/A,450000,0.9177,Compliant
MA-011495,Harbor Hospitality Enterprise,2023,Income,Real Estate,Fall River,398752.33,104469.11,294283.22,23764.62,22730.01,0.0,17,On Time,No,N/A,700000,0.5696,Compliant
MA-011496,Beacon Hospitality LLC,2022,Corporate,Hospitality,Lowell,343828.8,78439.39,265389.4,15236.26,21154.6,5918.34,9,On Time,No,N/A,350000,0.9824,Underpaid
MA-011497,Cape Real Estate Holdings,2024,Income,Hospitality,Lynn,373725.36,73334.58,300390.78,29268.48,25307.28,0.0,3,On Time,No,N/A,350000,1.0678,Compliant
MA-011498,Commonwealth Manufacturing Ventures,2022,Income,Hospitality,Boston,233275.41,72346.39,160929.02,16074.04,15708.08,0.0,3,Late,No,N/A,350000,0.6665,Compliant
MA-011499,Valley Hospitality Associates,2023,Income,Restaurant,Boston,238628.13,42933.71,195694.42,10942.75,17874.12,6931.37,1,On Time,Yes,Underpaid,450000,0.5303,Suspicious
MA-011500,Pioneer Construction Associates,2025,Corporate,Construction,Boston,735737.66,308746.62,426991.05,34931.72,61872.61,26940.89,10,On Time,No,N/A,800000,0.9197,Underpaid
MA-011501,Summit Auto Repair Solutions,2023,Sales/Use,Retail,Boston,228740.58,76668.16,152072.42,9504.53,9708.38,203.85,1,On Time,No,N/A,600000,0.3812,Compliant
MA-011502,Summit Construction Holdings,2025,Meals,Retail,Quincy,516876.97,137666.63,379210.34,26544.72,28934.83,2390.11,15,On Time,No,N/A,600000,0.8615,Compliant
MA-011503,Colonial Restaurant Ventures,2024,Corporate,Construction,Boston,955061.06,235089.06,719972.0,76866.82,75546.56,0.0,5,On Time,No,N/A,800000,1.1938,Compliant
MA-011504,Summit Auto Repair Enterprise,2022,Income,Hospitality,Boston,427767.21,101949.03,325818.18,26390.39,22126.99,0.0,1,On Time,Yes,Compliant,350000,1.2222,Compliant
MA-011505,Atlantic Retail Partners,2024,Sales/Use,Construction,Cambridge,1087262.38,443662.22,643600.16,40225.01,51124.61,10899.6,11,On Time,No,N/A,800000,1.3591,Compliant
MA-011506,Summit Auto Repair Services,2024,Sales/Use,Construction,Worcester,753180.98,271594.98,481586.0,30099.12,39254.87,9155.74,16,Late,No,N/A,800000,0.9415,Compliant
MA-011507,Pilgrim Healthcare Associates,2024,Rooms Occupancy,Professional Services,Boston,279614.0,81717.08,197896.92,11379.07,10661.3,0.0,1,On Time,No,N/A,500000,0.5592,Compliant
MA-011508,Pioneer Professional Services Associates,2025,Corporate,Retail,Boston,488334.59,77319.52,411015.07,31163.98,25832.56,0.0,11,On Time,No,N/A,600000,0.8139,Compliant
MA-011509,Beacon Construction LLC,2025,Corporate,Healthcare,Boston,581352.39,203154.85,378197.54,34306.15,43166.1,8859.95,1,On Time,No,N/A,1200000,0.4845,Compliant
MA-011510,Valley Construction LLC,2023,Sales/Use,Professional Services,Brockton,350187.76,57018.84,293168.92,18323.06,20274.83,1951.77,7,Late,No,N/A,500000,0.7004,Underpaid
MA-011511,Colonial Retail Enterprise,2024,Sales/Use,Retail,Cambridge,518237.19,161427.22,356809.97,22300.62,35688.22,13387.6,8,On Time,Yes,Fraud,600000,0.8637,Underpaid
MA-011512,Colonial Hospitality Inc,2022,Meals,Hospitality,Boston,83667.51,33354.11,50313.4,3521.94,14595.66,11073.72,9,On Time,No,N/A,350000,0.2391,Suspicious
MA-011513,Colonial Retail Group,2024,Rooms Occupancy,Retail,Lowell,224178.97,67220.3,156958.67,9025.12,10004.63,979.51,1,On Time,No,N/A,600000,0.3736,Compliant
MA-011514,Harbor Professional Services Group,2024,Corporate,Restaurant,Chelsea,501956.82,188245.34,313711.47,34069.7,37173.99,3104.29,8,On Time,Yes,Compliant,450000,1.1155,Compliant
MA-011515,Harbor Real Estate LLC,2025,Rooms Occupancy,Healthcare,Cambridge,977518.25,242607.98,734910.27,42257.34,40243.9,0.0,12,On Time,No,N/A,1200000,0.8146,Compliant
MA-011516,Federal Real Estate Holdings,2024,Corporate,Construction,Lynn,54701.41,11777.95,42923.46,4124.74,4255.13,130.39,1,Late,Yes,Underpaid,800000,0.0684,Compliant
MA-011517,Valley Manufacturing Holdings,2022,Income,Manufacturing,Boston,1668579.16,376899.82,1291679.35,84200.79,73782.62,0.0,16,On Time,No,N/A,1500000,1.1124,Compliant
MA-011518,Beacon Professional Services Holdings,2022,Rooms Occupancy,Construction,Cambridge,789355.93,298459.76,490896.17,28226.53,34434.4,6207.87,12,On Time,No,N/A,800000,0.9867,Compliant
MA-011519,Eastern Healthcare Inc,2023,Corporate,Healthcare,Chelsea,1068247.68,178508.37,889739.31,98994.92,90541.8,0.0,14,On Time,Yes,Compliant,1200000,0.8902,Compliant
MA-011520,Patriot Retail Partners,2023,Income,Restaurant,Boston,306933.85,63401.98,243531.87,13819.28,13623.74,0.0,2,On Time,Yes,Underpaid,450000,0.6821,Compliant
MA-011521,Cape Real Estate Ventures,2022,Rooms Occupancy,Retail,Quincy,716117.41,281502.19,434615.23,24990.38,33870.66,8880.29,9,On Time,No,N/A,600000,1.1935,Compliant
MA-011522,Harbor Hospitality Enterprise,2025,Corporate,Manufacturing,Boston,1001672.44,408019.62,593652.82,37050.9,55645.12,18594.23,16,Late,No,N/A,1500000,0.6678,Underpaid
MA-011523,Harbor Auto Repair LLC,2023,Rooms Occupancy,Hospitality,Cambridge,446515.57,134712.61,311802.96,17928.67,18115.35,186.68,1,Late,No,N/A,350000,1.2758,Compliant
MA-011524,Metro Healthcare Ventures,2025,Meals,Real Estate,Lynn,983241.33,237365.11,745876.22,52211.34,48124.92,0.0,10,On Time,Yes,Compliant,700000,1.4046,Compliant
MA-011525,Atlantic Construction Associates,2023,Income,Restaurant,Cambridge,515907.78,156026.27,359881.51,42450.6,47283.29,4832.69,12,On Time,No,N/A,450000,1.1465,Compliant
MA-011526,Colonial Professional Services Holdings,2025,Income,Professional Services,New Bedford,210652.14,32848.14,177804.01,20747.37,22254.62,1507.25,1,Late,No,N/A,500000,0.4213,Underpaid
MA-011527,Summit Healthcare Solutions,2024,Sales/Use,Professional Services,Springfield,467521.98,143432.94,324089.04,20255.57,19007.31,0.0,1,On Time,No,N/A,500000,0.935,Compliant
MA-011528,Pilgrim Healthcare Holdings,2025,Income,Retail,Boston,434135.04,111009.63,323125.41,29578.72,63635.75,34057.03,7,On Time,No,N/A,600000,0.7236,Suspicious
MA-011529,Coastal Healthcare Inc,2025,Corporate,Retail,New Bedford,499459.99,184583.08,314876.91,31205.77,37531.67,6325.9,7,Late,No,N/A,600000,0.8324,Compliant
MA-011530,Eastern Healthcare Solutions,2024,Meals,Manufacturing,Cambridge,894270.37,216783.99,677486.38,47424.05,47102.59,0.0,9,Late,No,N/A,1500000,0.5962,Compliant
MA-011531,Summit Real Estate LLC,2024,Income,Real Estate,Worcester,799938.22,297138.84,502799.38,56344.51,64116.82,7772.31,8,On Time,No,N/A,700000,1.1428,Compliant
MA-011532,Federal Restaurant Services,2025,Income,Construction,Lowell,0.0,0.0,0.0,0.0,45217.48,45217.48,7,Not Filed,No,N/A,800000,0.0,Non-Filer
MA-011533,Federal Hospitality Services,2024,Sales/Use,Healthcare,Chelsea,585414.17,196314.01,389100.17,24318.76,27326.48,3007.72,9,On Time,No,N/A,1200000,0.4878,Compliant
MA-011534,Pioneer Auto Repair Group,2024,Meals,Restaurant,Cambridge,737411.36,225423.9,511987.46,35839.12,36147.86,308.74,9,On Time,No,N/A,450000,1.6387,Compliant
MA-011535,Commonwealth Professional Services Partners,2025,Corporate,Professional Services,Cambridge,527856.63,129225.18,398631.45,42041.05,46556.56,4515.51,10,Late,No,N/A,500000,1.0557,Compliant
MA-011536,Federal Professional Services Co,2023,Corporate,Manufacturing,Quincy,0.0,0.0,0.0,0.0,39216.81,39216.81,19,Not Filed,No,N/A,1500000,0.0,Non-Filer
MA-011537,Commonwealth Manufacturing Services,2023,Income,Retail,Chelsea,641752.04,244540.73,397211.31,19875.71,21617.72,1742.01,16,On Time,No,N/A,600000,1.0696,Compliant
MA-011538,Valley Manufacturing Holdings,2025,Income,Restaurant,Lowell,331100.55,108766.97,222333.58,18489.46,19323.18,833.73,13,On Time,No,N/A,450000,0.7358,Compliant
MA-011539,Patriot Healthcare LLC,2023,Special Fuels,Restaurant,Worcester,0.0,0.0,0.0,0.0,90643.64,90643.64,9,Not Filed,Yes,Underpaid,450000,0.0,Non-Filer
MA-011540,Summit Construction Holdings,2025,Meals,Professional Services,New Bedford,232534.54,79879.05,152655.49,10685.88,32125.2,21439.31,5,On Time,No,N/A,500000,0.4651,Suspicious
MA-011541,Valley Real Estate Inc,2023,Sales/Use,Retail,Worcester,688182.17,163964.16,524218.01,32763.63,39917.38,7153.76,11,Not Filed,Yes,Fraud,600000,1.147,Underpaid
MA-011542,Harbor Restaurant Inc,2025,Sales/Use,Auto Repair,Lynn,98489.07,18112.1,80376.97,5023.56,4518.91,0.0,1,On Time,No,N/A,300000,0.3283,Compliant
MA-011543,Northern Professional Services LLC,2024,Income,Hospitality,Boston,331023.11,142817.52,188205.59,14593.01,20203.89,5610.88,5,Not Filed,No,N/A,350000,0.9458,Compliant
MA-011544,Central Professional Services Solutions,2024,Corporate,Construction,Quincy,754972.69,289483.43,465489.26,27081.25,30429.12,3347.86,15,On Time,No,N/A,800000,0.9437,Compliant
MA-011545,Southern Retail Corp,2025,Corporate,Construction,Cambridge,65311.03,21728.75,43582.28,3191.31,12683.93,9492.62,3,On Time,No,N/A,800000,0.0816,Suspicious
MA-011546,Eastern Construction Services,2025,Income,Professional Services,Springfield,173475.25,61656.62,111818.62,8140.13,9187.88,1047.75,5,On Time,No,N/A,500000,0.347,Compliant
MA-011547,Valley Auto Repair Inc,2023,Meals,Retail,Boston,600310.21,264637.6,335672.61,23497.08,32237.23,8740.14,9,On Time,No,N/A,600000,1.0005,Compliant
MA-011548,Valley Professional Services LLC,2022,Meals,Retail,Boston,433991.14,188331.09,245660.05,17196.2,19854.24,2658.04,11,Late,Yes,Compliant,600000,0.7233,Compliant
MA-011549,Eastern Professional Services Partners,2025,Sales/Use,Construction,Lynn,790801.3,248053.29,542748.01,33921.75,55676.2,21754.45,16,On Time,No,N/A,800000,0.9885,Underpaid
MA-011550,Coastal Restaurant Co,2023,Sales/Use,Retail,Lowell,584503.08,148395.16,436107.91,27256.74,25383.66,0.0,10,On Time,No,N/A,600000,0.9742,Compliant
MA-011551,Coastal Real Estate Inc,2024,Corporate,Construction,Somerville,578289.45,95803.84,482485.61,52888.9,54172.63,1283.73,11,On Time,No,N/A,800000,0.7229,Compliant
MA-011552,Southern Professional Services LLC,2025,Corporate,Restaurant,Springfield,687422.64,132221.5,555201.14,44796.53,41878.22,0.0,14,Late,No,N/A,450000,1.5276,Compliant
MA-011553,Federal Professional Services Co,2025,Meals,Professional Services,Boston,379944.71,122084.91,257859.8,18050.19,20906.57,2856.39,6,On Time,No,N/A,500000,0.7599,Compliant
MA-011554,Colonial Auto Repair Partners,2025,Corporate,Auto Repair,Boston,164281.91,35375.15,128906.77,7195.6,6597.92,0.0,4,On Time,No,N/A,300000,0.5476,Compliant
MA-011555,Colonial Construction Holdings,2023,Rooms Occupancy,Retail,Lowell,690536.66,287875.99,402660.67,23152.99,27284.63,4131.64,1,Not Filed,No,N/A,600000,1.1509,Compliant
MA-011556,Liberty Real Estate Co,2023,Corporate,Retail,Boston,356024.03,126488.7,229535.33,16513.29,21835.16,5321.87,3,On Time,No,N/A,600000,0.5934,Compliant
MA-011557,Atlantic Auto Repair Holdings,2024,Income,Construction,Brockton,557342.48,91961.93,465380.55,39944.49,41260.38,1315.89,2,On Time,No,N/A,800000,0.6967,Underpaid
MA-011558,Atlantic Construction Inc,2025,Income,Professional Services,Boston,583828.05,251077.94,332750.11,30438.08,40175.38,9737.3,8,On Time,No,N/A,500000,1.1677,Compliant
MA-011559,Patriot Auto Repair Corp,2023,Meals,Real Estate,Boston,643359.55,249726.46,393633.09,27554.32,36370.85,8816.54,4,On Time,No,N/A,700000,0.9191,Compliant
MA-011560,Eastern Healthcare Holdings,2022,Sales/Use,Restaurant,Chelsea,613110.54,154556.15,458554.39,28659.65,30533.26,1873.61,15,On Time,Yes,Underpaid,450000,1.3625,Compliant
MA-011561,Cape Manufacturing Services,2022,Corporate,Hospitality,Lowell,296748.45,70374.73,226373.72,15874.3,14739.29,0.0,1,On Time,No,N/A,350000,0.8479,Compliant
MA-011562,Valley Retail Services,2025,Corporate,Professional Services,Cambridge,612591.84,160058.35,452533.49,47180.74,46130.19,0.0,5,On Time,No,N/A,500000,1.2252,Compliant
MA-011563,Patriot Retail Co,2022,Income,Healthcare,Fall River,1137502.38,369849.91,767652.47,77670.28,84301.3,6631.02,18,On Time,No,N/A,1200000,0.9479,Compliant
MA-011564,Northern Professional Services Services,2024,Meals,Hospitality,Brockton,125800.65,35923.13,89877.52,6291.43,7053.52,762.09,8,On Time,Yes,Compliant,350000,0.3594,Compliant
MA-011565,Liberty Hospitality Inc,2024,Special Fuels,Healthcare,Worcester,751987.19,224770.42,527216.77,126532.03,199177.62,72645.6,13,Late,No,N/A,1200000,0.6267,Underpaid
MA-011566,Harbor Real Estate LLC,2023,Income,Construction,Cambridge,760991.0,213324.97,547666.02,47946.15,47042.05,0.0,9,On Time,No,N/A,800000,0.9512,Compliant
MA-011567,Eastern Real Estate Associates,2022,Meals,Healthcare,Somerville,482719.87,191311.47,291408.4,20398.59,24954.51,4555.92,13,Not Filed,No,N/A,1200000,0.4023,Compliant
MA-011568,Pioneer Hospitality Associates,2023,Sales/Use,Auto Repair,Somerville,300191.2,58339.79,241851.42,15115.71,12882.13,0.0,6,On Time,No,N/A,300000,1.0006,Compliant
MA-011569,Harbor Healthcare Inc,2022,Meals,Healthcare,Boston,1581345.82,593411.71,987934.11,69155.39,77349.82,8194.43,14,Late,No,N/A,1200000,1.3178,Compliant
MA-011570,Coastal Manufacturing Group,2023,Sales/Use,Professional Services,Fall River,599528.61,111846.96,487681.66,30480.1,29326.13,0.0,5,On Time,No,N/A,500000,1.1991,Compliant
MA-011571,Eastern Construction Services,2025,Corporate,Restaurant,Somerville,204764.68,45663.5,159101.17,12706.05,33879.26,21173.22,1,On Time,No,N/A,450000,0.455,Suspicious
MA-011572,Colonial Construction Solutions,2022,Income,Retail,Cambridge,559041.02,119440.92,439600.11,36167.09,36750.06,582.98,4,On Time,No,N/A,600000,0.9317,Compliant
MA-011573,Commonwealth Restaurant Enterprise,2023,Corporate,Auto Repair,Fall River,341162.5,73387.43,267775.08,19924.48,18027.08,0.0,6,Late,No,N/A,300000,1.1372,Compliant
MA-011574,Cape Manufacturing Services,2022,Meals,Retail,Worcester,450302.83,185589.85,264712.98,18529.91,22457.08,3927.17,2,On Time,No,N/A,600000,0.7505,Compliant
MA-011575,Summit Restaurant Inc,2023,Income,Restaurant,Lowell,215019.98,47696.3,167323.68,14074.27,29631.11,15556.84,1,On Time,No,N/A,450000,0.4778,Suspicious
MA-011576,Pilgrim Real Estate Ventures,2025,Income,Hospitality,Boston,361505.07,153026.57,208478.51,17305.3,30463.0,13157.71,3,On Time,Yes,Underpaid,350000,1.0329,Underpaid
MA-011577,Atlantic Real Estate Partners,2025,Sales/Use,Healthcare,Somerville,48385.45,8451.1,39934.35,2495.9,2151.73,0.0,1,On Time,No,N/A,1200000,0.0403,Compliant
MA-011578,Coastal Retail Holdings,2022,Income,Manufacturing,Lowell,1024742.15,348803.58,675938.58,43484.24,46872.03,3387.79,4,Not Filed,No,N/A,1500000,0.6832,Compliant
MA-011579,Valley Construction Corp,2024,Income,Auto Repair,Springfield,125858.12,23989.9,101868.22,12082.49,17735.27,5652.78,2,On Time,Yes,Underpaid,300000,0.4195,Underpaid
MA-011580,Atlantic Real Estate Corp,2022,Corporate,Construction,Lynn,822217.85,253786.23,568431.63,51460.58,79386.06,27925.48,16,On Time,No,N/A,800000,1.0278,Underpaid
MA-011581,Bay State Construction Services,2022,Sales/Use,Auto Repair,Chelsea,245481.12,104386.63,141094.49,8818.41,10141.64,1323.24,5,On Time,No,N/A,300000,0.8183,Compliant
MA-011582,Coastal Real Estate Inc,2024,Income,Professional Services,Boston,338628.34,127432.49,211195.84,15743.03,21120.33,5377.3,1,On Time,No,N/A,500000,0.6773,Underpaid
MA-011583,Central Restaurant Enterprise,2025,Sales/Use,Hospitality,Worcester,206525.44,43156.34,163369.1,10210.57,9538.11,0.0,1,Late,No,N/A,350000,0.5901,Compliant
MA-011584,Commonwealth Hospitality Ventures,2022,Income,Healthcare,Chelsea,659093.06,241394.8,417698.25,45123.94,91287.34,46163.4,13,On Time,No,N/A,1200000,0.5492,Underpaid
MA-011585,Beacon Retail Partners,2025,Rooms Occupancy,Healthcare,Fall River,1190083.84,521899.57,668184.27,38420.6,53790.14,15369.54,12,On Time,No,N/A,1200000,0.9917,Compliant
MA-011586,Northern Professional Services Associates,2024,Corporate,Construction,Fall River,491105.47,208200.87,282904.6,32801.53,46701.45,13899.91,9,On Time,No,N/A,800000,0.6139,Compliant
MA-011587,Atlantic Auto Repair Co,2023,Income,Professional Services,Springfield,254157.43,41136.85,213020.58,14557.32,12917.57,0.0,7,On Time,No,N/A,500000,0.5083,Compliant
MA-011588,Metro Restaurant Co,2024,Sales/Use,Hospitality,Quincy,235660.22,40035.24,195624.98,12226.56,12042.09,0.0,1,On Time,No,N/A,350000,0.6733,Compliant
MA-011589,Beacon Hospitality Holdings,2023,Income,Professional Services,Brockton,0.0,0.0,0.0,0.0,17448.61,17448.61,1,Not Filed,No,N/A,500000,0.0,Non-Filer
MA-011590,Colonial Hospitality Associates,2023,Special Fuels,Professional Services,Worcester,673233.42,219618.51,453614.9,108867.58,113967.57,5099.99,11,Late,No,N/A,500000,1.3465,Compliant
MA-011591,Summit Hospitality Holdings,2025,Meals,Professional Services,Somerville,709371.14,285588.97,423782.17,29664.75,32718.39,3053.64,11,On Time,No,N/A,500000,1.4187,Compliant
MA-011592,Southern Retail Solutions,2023,Sales/Use,Restaurant,Brockton,293791.91,48618.24,245173.66,15323.35,14427.21,0.0,1,On Time,No,N/A,450000,0.6529,Compliant
MA-011593,Atlantic Retail Partners,2025,Income,Construction,Lowell,576945.45,115937.52,461007.94,53199.17,53533.75,334.58,13,On Time,Yes,Compliant,800000,0.7212,Compliant
MA-011594,Harbor Retail Group,2025,Rooms Occupancy,Manufacturing,Boston,874250.41,382511.53,491738.88,28274.99,38017.09,9742.11,15,On Time,Yes,Compliant,1500000,0.5828,Compliant
MA-011595,Central Restaurant Enterprise,2023,Income,Healthcare,Boston,1307579.45,206334.81,1101244.64,90629.84,93158.16,2528.33,28,On Time,Yes,Fraud,1200000,1.0896,Underpaid
MA-011596,Summit Hospitality Holdings,2022,Income,Restaurant,Springfield,370722.67,112252.91,258469.76,28928.44,31266.37,2337.92,8,On Time,No,N/A,450000,0.8238,Compliant
MA-011597,Summit Manufacturing Partners,2024,Meals,Restaurant,Boston,624056.86,280599.73,343457.13,24042.0,45908.04,21866.04,6,Late,No,N/A,450000,1.3868,Underpaid
MA-011598,Federal Healthcare Group,2022,Corporate,Manufacturing,Somerville,699796.15,310367.45,389428.7,41962.38,55098.02,13135.64,1,On Time,No,N/A,1500000,0.4665,Compliant
MA-011599,Pilgrim Manufacturing Enterprise,2023,Income,Manufacturing,Quincy,1827085.22,391731.0,1435354.22,130818.07,118251.38,0.0,13,On Time,Yes,Compliant,1500000,1.2181,Compliant
MA-011600,Coastal Retail Co,2024,Sales/Use,Auto Repair,New Bedford,181924.36,37128.64,144795.72,9049.73,11932.88,2883.14,5,Late,No,N/A,300000,0.6064,Underpaid
MA-011601,Patriot Professional Services LLC,2022,Corporate,Restaurant,Lowell,457657.3,132576.73,325080.57,34875.91,36185.88,1309.98,8,Amended,Yes,Underpaid,450000,1.017,Compliant
MA-011602,Commonwealth Manufacturing Ventures,2024,Meals,Restaurant,Lynn,460967.35,83771.88,377195.47,26403.68,24868.21,0.0,12,On Time,Yes,Underpaid,450000,1.0244,Compliant
MA-011603,Harbor Construction Holdings,2025,Income,Healthcare,Lynn,0.0,0.0,0.0,0.0,57198.2,57198.2,6,Not Filed,No,N/A,1200000,0.0,Non-Filer
MA-011604,Coastal Manufacturing Group,2025,Meals,Retail,Chelsea,425813.5,65107.52,360705.98,25249.42,23227.93,0.0,9,On Time,No,N/A,600000,0.7097,Compliant
MA-011605,Beacon Real Estate Ventures,2022,Income,Retail,Cambridge,763820.98,308515.87,455305.11,26928.59,35182.45,8253.86,12,On Time,Yes,Compliant,600000,1.273,Compliant
MA-011606,Southern Retail Inc,2023,Rooms Occupancy,Professional Services,Fall River,419515.71,87768.62,331747.09,19075.46,32175.85,13100.39,3,On Time,No,N/A,500000,0.839,Underpaid
MA-011607,Valley Healthcare Ventures,2022,Income,Healthcare,Cambridge,1953786.67,533511.79,1420274.88,98286.54,104969.84,6683.3,30,On Time,No,N/A,1200000,1.6282,Compliant
MA-011608,Federal Hospitality Services,2025,Income,Restaurant,Boston,533141.14,224345.11,308796.04,15472.01,22695.55,7223.54,15,Not Filed,No,N/A,450000,1.1848,Compliant
MA-011609,Commonwealth Professional Services Partners,2023,Corporate,Restaurant,Boston,0.0,0.0,0.0,0.0,13423.79,13423.79,1,Not Filed,Yes,Fraud,450000,0.0,Non-Filer
MA-011610,Federal Professional Services Co,2024,Income,Manufacturing,Chelsea,1141366.86,464264.88,677101.98,38232.0,47086.9,8854.9,17,On Time,No,N/A,1500000,0.7609,Compliant
MA-011611,Northern Hospitality Partners,2023,Sales/Use,Restaurant,Boston,293412.85,112083.8,181329.05,11333.07,12880.93,1547.87,7,Late,No,N/A,450000,0.652,Compliant
MA-011612,Colonial Professional Services Corp,2024,Corporate,Healthcare,Springfield,1004629.18,408252.11,596377.07,67797.26,152026.09,84228.83,25,On Time,No,N/A,1200000,0.8372,Underpaid
MA-011613,Commonwealth Healthcare Solutions,2024,Income,Construction,Boston,919673.4,337431.62,582241.77,39069.76,45190.84,6121.08,6,On Time,No,N/A,800000,1.1496,Compliant
MA-011614,Pilgrim Professional Services Corp,2024,Income,Construction,Boston,560097.21,245801.92,314295.29,22513.98,25632.97,3118.99,13,On Time,No,N/A,800000,0.7001,Compliant
MA-011615,Summit Hospitality Holdings,2024,Income,Retail,Brockton,749284.13,119129.73,630154.4,45696.03,36247.97,0.0,9,On Time,No,N/A,600000,1.2488,Compliant
MA-011616,Liberty Healthcare Ventures,2025,Sales/Use,Retail,Chelsea,298823.86,94177.61,204646.25,12790.39,25711.19,12920.8,1,On Time,No,N/A,600000,0.498,Underpaid
MA-011617,Northern Manufacturing Co,2022,Meals,Restaurant,Boston,128997.9,39215.58,89782.32,6284.76,14801.24,8516.48,13,On Time,No,N/A,450000,0.2867,Suspicious
MA-011618,Summit Healthcare Group,2023,Rooms Occupancy,Real Estate,Boston,363552.06,83116.72,280435.34,16125.03,17148.15,1023.12,5,On Time,Yes,Compliant,700000,0.5194,Compliant
MA-011619,Beacon Hospitality Holdings,2024,Income,Auto Repair,Lowell,420611.13,65286.86,355324.27,25095.18,23154.88,0.0,1,Not Filed,Yes,Compliant,300000,1.402,Compliant
MA-011620,Federal Hospitality Services,2022,Corporate,Real Estate,Chelsea,722052.9,245110.97,476941.94,34776.45,40104.49,5328.04,14,On Time,No,N/A,700000,1.0315,Compliant
MA-011621,Metro Hospitality Ventures,2022,Rooms Occupancy,Hospitality,Springfield,343222.17,93534.75,249687.42,14357.03,16962.16,2605.13,18,On Time,Yes,Compliant,350000,0.9806,Compliant
MA-011622,Eastern Professional Services Holdings,2023,Income,Restaurant,Boston,204403.46,87396.6,117006.86,9349.44,12444.42,3094.98,7,Not Filed,Yes,Compliant,450000,0.4542,Compliant
MA-011623,Valley Auto Repair Solutions,2025,Corporate,Retail,Cambridge,349055.23,137691.47,211363.76,23753.99,42405.32,18651.33,10,On Time,No,N/A,600000,0.5818,Underpaid
MA-011624,Atlantic Restaurant Group,2024,Special Fuels,Retail,New Bedford,684118.51,305303.43,378815.08,90915.62,112253.89,21338.27,4,On Time,No,N/A,600000,1.1402,Compliant
MA-011625,Eastern Retail Partners,2024,Sales/Use,Manufacturing,Boston,1653814.73,558619.68,1095195.05,68449.69,81633.92,13184.23,10,On Time,No,N/A,1500000,1.1025,Compliant
MA-011626,Northern Auto Repair Co,2025,Income,Construction,Boston,948511.55,409814.26,538697.29,55475.24,70725.8,15250.56,13,On Time,Yes,Compliant,800000,1.1856,Compliant
MA-011627,Bay State Construction Services,2025,Special Fuels,Real Estate,Springfield,846863.12,304563.3,542299.81,130151.95,158858.29,28706.33,16,Late,No,N/A,700000,1.2098,Compliant
MA-011628,Pilgrim Healthcare Holdings,2025,Special Fuels,Restaurant,Somerville,523139.16,120776.48,402362.68,96567.04,87930.15,0.0,7,Amended,No,N/A,450000,1.1625,Compliant
MA-011629,Cape Real Estate Inc,2023,Sales/Use,Manufacturing,Lowell,1105303.55,433149.58,672153.98,42009.62,52267.32,10257.69,9,On Time,No,N/A,1500000,0.7369,Compliant
MA-011630,Colonial Professional Services Inc,2024,Income,Real Estate,Somerville,977471.44,269569.85,707901.59,72010.9,78505.98,6495.08,19,Late,No,N/A,700000,1.3964,Compliant
MA-011631,Pioneer Real Estate Services,2025,Meals,Restaurant,Boston,248192.27,56347.93,191844.34,13429.1,20093.09,6663.99,5,On Time,Yes,Underpaid,450000,0.5515,Underpaid
MA-011632,Harbor Professional Services Inc,2022,Sales/Use,Professional Services,Fall River,247393.92,94562.13,152831.8,9551.99,15607.99,6056.0,10,On Time,Yes,Underpaid,500000,0.4948,Underpaid
MA-011633,Patriot Professional Services LLC,2024,Corporate,Retail,Brockton,717505.36,295848.59,421656.76,35920.23,50849.77,14929.54,18,On Time,Yes,Compliant,600000,1.1958,Compliant
MA-011634,Valley Manufacturing Inc,2025,Income,Healthcare,Springfield,555196.18,99658.76,455537.43,25989.76,40732.7,14742.95,8,On Time,Yes,Compliant,1200000,0.4627,Underpaid
MA-011635,Metro Restaurant Group,2022,Sales/Use,Retail,Boston,184540.87,49906.23,134634.64,8414.66,31822.02,23407.36,11,On Time,No,N/A,600000,0.3076,Suspicious
MA-011636,Liberty Construction Co,2025,Rooms Occupancy,Construction,Boston,596834.33,158468.57,438365.76,25206.03,27587.91,2381.88,4,On Time,No,N/A,800000,0.746,Underpaid
MA-011637,Coastal Real Estate Solutions,2025,Income,Restaurant,New Bedford,606222.63,99935.55,506287.08,28485.02,26034.88,0.0,10,Late,No,N/A,450000,1.3472,Compliant
MA-011638,Northern Hospitality Inc,2022,Corporate,Retail,Lynn,322669.77,105483.4,217186.38,17953.59,24788.63,6835.04,11,On Time,No,N/A,600000,0.5378,Underpaid
MA-011639,Bay State Retail Services,2025,Sales/Use,Manufacturing,Boston,948976.41,317956.16,631020.25,39438.77,91190.36,51751.6,26,Late,Yes,Fraud,1500000,0.6327,Suspicious
MA-011640,Coastal Retail Partners,2025,Meals,Restaurant,Lowell,439278.1,81769.03,357509.07,25025.64,26152.96,1127.33,8,On Time,No,N/A,450000,0.9762,Compliant
MA-011641,Metro Retail Group,2022,Sales/Use,Retail,Cambridge,435186.01,174568.9,260617.11,16288.57,19925.79,3637.22,5,Amended,Yes,Compliant,600000,0.7253,Compliant
MA-011642,Pioneer Auto Repair Group,2025,Sales/Use,Construction,Fall River,146994.82,52488.59,94506.23,5906.64,7982.19,2075.55,6,Not Filed,No,N/A,800000,0.1837,Compliant
MA-011643,Patriot Hospitality Ventures,2025,Rooms Occupancy,Real Estate,Boston,220033.78,65030.85,155002.93,8912.67,12150.91,3238.24,11,On Time,Yes,Compliant,700000,0.3143,Underpaid
MA-011644,Metro Auto Repair Partners,2023,Rooms Occupancy,Healthcare,Boston,816871.55,212305.67,604565.88,34762.54,47874.34,13111.8,12,On Time,No,N/A,1200000,0.6807,Underpaid
MA-011645,Commonwealth Professional Services Solutions,2024,Sales/Use,Construction,Boston,634699.72,278761.79,355937.94,22246.12,31254.78,9008.66,6,Late,No,N/A,800000,0.7934,Compliant
MA-011646,Bay State Real Estate Services,2025,Special Fuels,Construction,Boston,1213109.04,353800.75,859308.29,206233.99,227134.38,20900.39,2,On Time,No,N/A,800000,1.5164,Compliant
MA-011647,Bay State Construction Corp,2022,Sales/Use,Professional Services,Boston,0.0,0.0,0.0,0.0,32414.8,32414.8,10,Not Filed,No,N/A,500000,0.0,Non-Filer
MA-011648,Colonial Real Estate Enterprise,2022,Income,Auto Repair,Boston,119505.33,18083.97,101421.36,11657.58,16620.69,4963.11,1,Amended,No,N/A,300000,0.3984,Underpaid
MA-011649,Northern Hospitality Associates,2024,Sales/Use,Real Estate,Somerville,1146858.34,210737.36,936120.98,58507.56,51923.45,0.0,9,On Time,No,N/A,700000,1.6384,Compliant
MA-011650,Valley Retail Ventures,2022,Income,Restaurant,Cambridge,266115.22,73853.87,192261.35,20505.79,24671.13,4165.33,9,On Time,Yes,Underpaid,450000,0.5914,Compliant
MA-011651,Beacon Hospitality LLC,2025,Rooms Occupancy,Restaurant,Boston,382744.43,170990.51,211753.92,12175.85,20454.33,8278.48,1,Late,No,N/A,450000,0.8505,Underpaid
MA-011652,Coastal Auto Repair Group,2024,Meals,Manufacturing,Boston,1528401.92,237089.98,1291311.94,90391.84,93026.59,2634.76,14,On Time,No,N/A,1500000,1.0189,Compliant
MA-011653,Cape Professional Services Enterprise,2023,Meals,Auto Repair,Springfield,322394.85,131104.06,191290.79,13390.36,23697.86,10307.51,10,On Time,No,N/A,300000,1.0746,Underpaid
MA-011654,Patriot Real Estate Ventures,2022,Meals,Healthcare,Worcester,1405602.85,418593.85,987009.0,69090.63,68096.34,0.0,19,On Time,Yes,Compliant,1200000,1.1713,Compliant
MA-011655,Liberty Restaurant Associates,2024,Income,Manufacturing,Cambridge,1051859.64,398368.88,653490.76,69823.44,192709.53,122886.09,29,On Time,No,N/A,1500000,0.7012,Suspicious
MA-011656,Pilgrim Retail Ventures,2025,Meals,Construction,Boston,0.0,0.0,0.0,0.0,23866.59,23866.59,7,Not Filed,No,N/A,800000,0.0,Non-Filer
MA-011657,Metro Retail LLC,2022,Corporate,Restaurant,Worcester,525760.13,135906.96,389853.17,41474.77,56737.37,15262.6,4,On Time,No,N/A,450000,1.1684,Underpaid
MA-011658,Patriot Manufacturing Associates,2022,Corporate,Real Estate,Fall River,638817.51,197409.23,441408.28,46057.5,42763.26,0.0,9,On Time,No,N/A,700000,0.9126,Compliant
MA-011659,Summit Real Estate LLC,2025,Meals,Restaurant,Worcester,444681.65,111036.67,333644.98,23355.15,21526.49,0.0,1,On Time,No,N/A,450000,0.9882,Compliant
MA-011660,Harbor Professional Services Group,2023,Rooms Occupancy,Construction,Somerville,1084922.79,298338.4,786584.39,45228.6,52272.86,7044.26,25,On Time,Yes,Compliant,800000,1.3562,Compliant
MA-011661,Southern Healthcare Holdings,2022,Corporate,Retail,Boston,653713.02,287678.54,366034.49,28573.41,38247.15,9673.74,3,On Time,Yes,Compliant,600000,1.0895,Compliant
MA-011662,Pioneer Construction Enterprise,2025,Sales/Use,Retail,Cambridge,132980.45,51755.9,81224.55,5076.53,13541.78,8465.25,4,On Time,No,N/A,600000,0.2216,Suspicious
MA-011663,Pilgrim Professional Services Corp,2022,Income,Real Estate,Chelsea,950137.09,144238.35,805898.75,84759.98,73140.05,0.0,14,On Time,No,N/A,700000,1.3573,Compliant
MA-011664,Pioneer Construction Associates,2025,Income,Healthcare,Boston,514212.87,146453.8,367759.07,42883.7,97130.98,54247.29,12,On Time,No,N/A,1200000,0.4285,Suspicious
MA-011665,Summit Professional Services LLC,2022,Corporate,Professional Services,New Bedford,302299.26,109796.29,192502.96,14264.15,18395.91,4131.77,7,On Time,No,N/A,500000,0.6046,Compliant
MA-011666,Metro Healthcare Corp,2024,Income,Healthcare,Quincy,1621916.02,608013.75,1013902.28,59938.51,65178.66,5240.15,11,Late,No,N/A,1200000,1.3516,Compliant
MA-011667,Summit Construction Holdings,2025,Sales/Use,Professional Services,Boston,783402.79,204701.21,578701.59,36168.85,33048.59,0.0,12,On Time,No,N/A,500000,1.5668,Compliant
MA-011668,Eastern Real Estate Group,2022,Corporate,Restaurant,Cambridge,662789.83,122089.87,540699.95,37186.28,33563.72,0.0,1,On Time,No,N/A,450000,1.4729,Compliant
MA-011669,Valley Manufacturing Group,2025,Rooms Occupancy,Retail,Springfield,336851.74,69443.38,267408.36,15375.98,12597.01,0.0,3,On Time,No,N/A,600000,0.5614,Compliant
MA-011670,Northern Professional Services Associates,2022,Meals,Real Estate,Somerville,252097.75,67878.88,184218.87,12895.32,43401.58,30506.26,19,Not Filed,Yes,Underpaid,700000,0.3601,Suspicious
MA-011671,Patriot Manufacturing Associates,2022,Corporate,Restaurant,Boston,579474.21,164393.63,415080.58,43374.79,39058.57,0.0,5,Late,No,N/A,450000,1.2877,Compliant
MA-011672,Coastal Professional Services Corp,2023,Income,Auto Repair,Worcester,205589.57,54074.28,151515.29,9950.22,10723.67,773.46,8,Late,No,N/A,300000,0.6853,Compliant
MA-011673,Harbor Professional Services Group,2023,Corporate,Restaurant,Worcester,307212.09,114414.96,192797.13,19845.81,24668.68,4822.86,11,On Time,Yes,Underpaid,450000,0.6827,Compliant
MA-011674,Coastal Construction Group,2024,Special Fuels,Healthcare,Chelsea,1097620.36,206535.02,891085.34,213860.48,185059.1,0.0,21,On Time,No,N/A,1200000,0.9147,Compliant
MA-011675,Northern Healthcare Inc,2022,Income,Construction,Cambridge,641892.66,245024.05,396868.6,42543.24,90172.62,47629.38,11,On Time,No,N/A,800000,0.8024,Underpaid
MA-011676,Federal Healthcare Group,2023,Sales/Use,Professional Services,Springfield,398529.8,176616.11,221913.69,13869.61,18607.36,4737.76,3,Amended,No,N/A,500000,0.7971,Compliant
MA-011677,Valley Healthcare Ventures,2022,Income,Professional Services,Chelsea,595336.99,164080.09,431256.91,36510.78,37978.26,1467.48,7,Amended,No,N/A,500000,1.1907,Compliant
MA-011678,Beacon Real Estate Ventures,2022,Corporate,Hospitality,Boston,203065.83,40566.7,162499.13,16902.4,19401.76,2499.37,2,Not Filed,No,N/A,350000,0.5802,Underpaid
MA-011679,Liberty Healthcare Inc,2022,Income,Auto Repair,Quincy,293529.84,63857.76,229672.08,25932.89,27124.06,1191.18,1,On Time,No,N/A,300000,0.9784,Compliant
MA-011680,Summit Real Estate Associates,2024,Income,Retail,Boston,568357.16,222573.32,345783.84,25616.94,33577.52,7960.59,3,On Time,Yes,Compliant,600000,0.9473,Underpaid
MA-011681,Patriot Professional Services LLC,2022,Corporate,Retail,Worcester,380899.54,149526.24,231373.31,16181.92,17909.08,1727.16,1,Amended,No,N/A,600000,0.6348,Compliant
MA-011682,Pilgrim Hospitality LLC,2024,Rooms Occupancy,Manufacturing,Boston,598636.67,91096.18,507540.49,29183.58,25747.29,0.0,1,On Time,No,N/A,1500000,0.3991,Compliant
MA-011683,Coastal Manufacturing Group,2022,Sales/Use,Professional Services,Cambridge,288888.57,51173.65,237714.92,14857.18,15687.73,830.54,14,Late,Yes,Fraud,500000,0.5778,Underpaid
MA-011684,Beacon Professional Services Co,2023,Rooms Occupancy,Manufacturing,Springfield,1236616.43,258980.1,977636.33,56214.09,53616.78,0.0,16,On Time,No,N/A,1500000,0.8244,Compliant
MA-011685,Federal Hospitality Holdings,2025,Rooms Occupancy,Retail,Boston,300789.7,96224.78,204564.92,11762.48,26187.51,14425.03,9,On Time,No,N/A,600000,0.5013,Suspicious
MA-011686,Valley Auto Repair Associates,2025,Income,Real Estate,Boston,679387.96,149217.88,530170.08,41382.3,35126.02,0.0,2,On Time,No,N/A,700000,0.9706,Compliant
MA-011687,Patriot Hospitality Ventures,2025,Sales/Use,Retail,Worcester,260432.77,41049.79,219382.98,13711.44,40383.15,26671.71,20,On Time,Yes,Compliant,600000,0.4341,Suspicious
MA-011688,Summit Construction Partners,2024,Sales/Use,Retail,Boston,255328.46,92312.77,163015.69,10188.48,13789.95,3601.47,1,Amended,No,N/A,600000,0.4255,Compliant
MA-011689,Liberty Healthcare Holdings,2024,Corporate,Hospitality,Worcester,319013.84,57907.47,261106.37,17401.02,14376.11,0.0,1,Late,No,N/A,350000,0.9115,Compliant
MA-011690,Patriot Healthcare Associates,2023,Corporate,Construction,Lynn,0.0,0.0,0.0,0.0,65749.91,65749.91,8,Not Filed,No,N/A,800000,0.0,Non-Filer
MA-011691,Harbor Healthcare Inc,2024,Sales/Use,Restaurant,Cambridge,808210.22,313072.42,495137.81,30946.11,35438.41,4492.3,15,Late,No,N/A,450000,1.796,Compliant
MA-011692,Colonial Construction Solutions,2025,Corporate,Real Estate,Worcester,777960.7,162968.98,614991.72,39745.61,39090.35,0.0,14,On Time,No,N/A,700000,1.1114,Compliant
MA-011693,Pioneer Restaurant Services,2024,Corporate,Healthcare,Chelsea,1636984.72,512164.25,1124820.47,79061.98,88119.48,9057.5,17,Not Filed,Yes,Compliant,1200000,1.3642,Compliant
MA-011694,Colonial Retail Associates,2023,Corporate,Professional Services,Fall River,0.0,0.0,0.0,0.0,19673.61,19673.61,4,Not Filed,Yes,Fraud,500000,0.0,Non-Filer
MA-011695,Commonwealth Healthcare Group,2023,Corporate,Restaurant,Cambridge,567958.45,122117.85,445840.6,46639.28,40902.7,0.0,7,On Time,No,N/A,450000,1.2621,Compliant
MA-011696,Southern Retail Solutions,2023,Income,Restaurant,Chelsea,218893.13,67853.61,151039.52,11280.66,11013.28,0.0,1,On Time,No,N/A,450000,0.4864,Compliant
MA-011697,Southern Retail Solutions,2025,Special Fuels,Construction,Fall River,798068.41,330594.71,467473.71,112193.69,134550.14,22356.45,9,On Time,Yes,Underpaid,800000,0.9976,Compliant
MA-011698,Coastal Retail Ventures,2024,Income,Manufacturing,Boston,2557890.86,848312.64,1709578.23,163877.94,183780.67,19902.73,24,On Time,No,N/A,1500000,1.7053,Compliant
MA-011699,Colonial Professional Services Enterprise,2024,Corporate,Construction,Boston,959357.99,267749.69,691608.3,43542.14,45209.66,1667.52,19,Late,No,N/A,800000,1.1992,Compliant
MA-011700,Summit Professional Services LLC,2022,Sales/Use,Restaurant,New Bedford,770602.43,291984.85,478617.58,29913.6,36681.94,6768.34,7,Late,No,N/A,450000,1.7124,Compliant
MA-011701,Federal Hospitality Co,2023,Income,Restaurant,Brockton,354010.84,55360.32,298650.52,25988.97,34532.56,8543.58,9,Amended,No,N/A,450000,0.7867,Underpaid
MA-011702,Beacon Professional Services Co,2025,Income,Retail,Worcester,615436.94,144267.07,471169.87,46933.14,45030.37,0.0,7,On Time,No,N/A,600000,1.0257,Compliant
MA-011703,Commonwealth Manufacturing Services,2023,Corporate,Restaurant,Worcester,511562.31,99234.87,412327.44,27050.82,27987.94,937.12,1,On Time,No,N/A,450000,1.1368,Compliant
MA-011704,Coastal Construction Ventures,2024,Income,Hospitality,Fall River,0.0,0.0,0.0,0.0,35323.55,35323.55,6,Not Filed,No,N/A,350000,0.0,Non-Filer
MA-011705,Metro Retail LLC,2023,Income,Retail,Brockton,577434.12,177276.7,400157.42,33358.17,35470.13,2111.96,17,On Time,No,N/A,600000,0.9624,Compliant
MA-011706,Summit Hospitality Ventures,2024,Income,Restaurant,Brockton,332891.42,77641.25,255250.17,20419.93,23327.97,2908.04,2,On Time,No,N/A,450000,0.7398,Compliant
MA-011707,Eastern Professional Services Partners,2022,Corporate,Retail,Cambridge,965609.55,346846.92,618762.63,32721.62,43092.82,10371.2,8,On Time,No,N/A,600000,1.6093,Compliant
MA-011708,Pilgrim Manufacturing Associates,2025,Income,Construction,Worcester,652801.9,253834.95,398966.95,33939.65,41713.98,7774.33,7,On Time,No,N/A,800000,0.816,Compliant
MA-011709,Eastern Hospitality Associates,2024,Income,Healthcare,Somerville,1019407.9,385661.93,633745.97,50231.66,89675.05,39443.39,20,On Time,No,N/A,1200000,0.8495,Underpaid
MA-011710,Pioneer Manufacturing Services,2024,Corporate,Construction,Boston,0.0,0.0,0.0,0.0,22787.0,22787.0,2,Not Filed,No,N/A,800000,0.0,Non-Filer
MA-011711,Beacon Professional Services Holdings,2023,Rooms Occupancy,Hospitality,Cambridge,272165.02,88995.22,183169.8,10532.26,13493.12,2960.85,3,On Time,No,N/A,350000,0.7776,Compliant
MA-011712,Pilgrim Manufacturing Services,2024,Corporate,Healthcare,Boston,1417810.06,482803.04,935007.02,94989.93,110159.11,15169.18,19,On Time,No,N/A,1200000,1.1815,Compliant
MA-011713,Pilgrim Real Estate Group,2025,Income,Real Estate,Cambridge,257078.19,73373.12,183705.07,17567.31,16616.63,0.0,8,On Time,No,N/A,700000,0.3673,Compliant
MA-011714,Central Real Estate Partners,2025,Corporate,Retail,Springfield,670623.44,294673.75,375949.69,20564.47,25554.94,4990.48,15,On Time,No,N/A,600000,1.1177,Compliant
MA-011715,Northern Construction Services,2022,Corporate,Restaurant,Springfield,526744.22,170169.67,356574.55,20574.27,20705.19,130.93,11,On Time,No,N/A,450000,1.1705,Compliant
MA-011716,Beacon Construction Associates,2025,Meals,Restaurant,Springfield,515400.62,213731.86,301668.76,21116.81,30696.75,9579.93,13,On Time,No,N/A,450000,1.1453,Compliant
MA-011717,Patriot Retail Co,2025,Income,Retail,Boston,697149.07,239389.58,457759.49,44224.62,57546.11,13321.49,8,On Time,No,N/A,600000,1.1619,Compliant
MA-011718,Federal Hospitality Holdings,2023,Income,Professional Services,Quincy,944295.53,276312.65,667982.89,60268.44,65102.09,4833.66,15,Late,Yes,Compliant,500000,1.8886,Compliant
MA-011719,Beacon Construction LLC,2024,Corporate,Construction,Cambridge,981630.18,390625.48,591004.7,45569.27,52447.3,6878.02,5,On Time,No,N/A,800000,1.227,Compliant
MA-011720,Patriot Hospitality Group,2025,Income,Retail,Lowell,270326.21,92263.45,178062.75,19474.94,25506.66,6031.71,5,On Time,No,N/A,600000,0.4505,Underpaid
MA-011721,Northern Construction Services,2025,Income,Healthcare,Boston,474063.05,170685.28,303377.77,16820.01,47235.79,30415.78,12,On Time,No,N/A,1200000,0.3951,Suspicious
MA-011722,Southern Construction Co,2022,Income,Construction,Springfield,609285.85,267261.53,342024.32,38560.49,80436.01,41875.52,18,On Time,No,N/A,800000,0.7616,Underpaid
MA-011723,Pilgrim Manufacturing Services,2022,Meals,Manufacturing,Chelsea,1532015.23,455255.82,1076759.41,75373.16,95404.33,20031.17,17,Not Filed,No,N/A,1500000,1.0213,Underpaid
MA-011724,Metro Hospitality Ventures,2023,Income,Retail,Quincy,477534.89,148116.06,329418.83,35433.97,48991.79,13557.82,3,On Time,No,N/A,600000,0.7959,Underpaid
MA-011725,Summit Restaurant Inc,2023,Income,Construction,Worcester,671850.9,239263.82,432587.08,41001.19,46108.18,5106.99,6,On Time,Yes,Compliant,800000,0.8398,Compliant
MA-011726,Summit Auto Repair Solutions,2025,Corporate,Healthcare,Somerville,1041180.08,293359.53,747820.55,37495.29,40384.58,2889.28,6,On Time,No,N/A,1200000,0.8677,Compliant
MA-011727,Commonwealth Healthcare Group,2024,Income,Restaurant,Somerville,327108.04,125885.24,201222.8,19832.85,29114.1,9281.25,2,Late,Yes,Fraud,450000,0.7269,Underpaid
MA-011728,Patriot Construction Holdings,2022,Meals,Restaurant,Cambridge,0.0,0.0,0.0,0.0,2819.74,2819.74,10,Not Filed,Yes,Compliant,450000,0.0,Non-Filer
MA-011729,Summit Construction Holdings,2022,Meals,Construction,Quincy,579927.96,188056.5,391871.46,27431.0,55635.31,28204.3,12,On Time,Yes,Compliant,800000,0.7249,Suspicious
MA-011730,Federal Real Estate Holdings,2025,Income,Construction,Worcester,840845.65,372661.08,468184.57,36920.4,50211.42,13291.02,4,On Time,No,N/A,800000,1.0511,Compliant
MA-011731,Eastern Restaurant Group,2022,Sales/Use,Restaurant,Boston,357603.38,102374.15,255229.23,15951.83,33878.66,17926.83,18,On Time,No,N/A,450000,0.7947,Suspicious
MA-011732,Colonial Professional Services Corp,2024,Income,Healthcare,Springfield,1319059.37,459235.81,859823.56,44149.22,53199.23,9050.01,20,Late,No,N/A,1200000,1.0992,Compliant
MA-011733,Atlantic Hospitality Solutions,2025,Sales/Use,Healthcare,Worcester,1275174.45,353089.05,922085.4,57630.34,58070.66,440.32,9,On Time,Yes,Compliant,1200000,1.0626,Compliant
MA-011734,Valley Manufacturing Inc,2025,Income,Hospitality,Brockton,286546.87,54455.56,232091.31,11876.58,11151.78,0.0,4,On Time,No,N/A,350000,0.8187,Compliant
MA-011735,Commonwealth Professional Services Solutions,2025,Special Fuels,Professional Services,Fall River,139749.25,30116.33,109632.92,26311.9,69189.25,42877.35,4,On Time,No,N/A,500000,0.2795,Suspicious
MA-011736,Pioneer Healthcare Holdings,2025,Corporate,Professional Services,Lowell,495461.67,194791.72,300669.96,34616.51,45732.97,11116.46,5,On Time,No,N/A,500000,0.9909,Compliant
MA-011737,Bay State Retail Services,2022,Sales/Use,Hospitality,Boston,347315.93,71127.48,276188.45,17261.78,14876.66,0.0,1,Not Filed,No,N/A,350000,0.9923,Compliant
MA-011738,Federal Hospitality Corp,2023,Sales/Use,Construction,Brockton,321827.3,136933.41,184893.89,11555.87,28925.67,17369.8,1,On Time,No,N/A,800000,0.4023,Underpaid
MA-011739,Patriot Manufacturing LLC,2022,Sales/Use,Restaurant,Fall River,404230.16,121418.47,282811.69,17675.73,31107.82,13432.09,1,On Time,No,N/A,450000,0.8983,Underpaid
MA-011740,Valley Restaurant Associates,2022,Rooms Occupancy,Construction,Worcester,723854.48,299063.61,424790.87,24425.47,49292.5,24867.03,21,Amended,Yes,Underpaid,800000,0.9048,Underpaid
MA-011741,Colonial Hospitality Co,2024,Corporate,Professional Services,Springfield,430112.39,90012.05,340100.34,20032.63,20063.97,31.34,1,Not Filed,No,N/A,500000,0.8602,Compliant
MA-011742,Central Construction LLC,2025,Sales/Use,Manufacturing,Chelsea,1330094.32,425742.29,904352.03,56522.0,62098.23,5576.22,16,On Time,No,N/A,1500000,0.8867,Compliant
MA-011743,Atlantic Construction Ventures,2022,Income,Hospitality,Quincy,221512.27,97105.18,124407.09,11129.12,16865.06,5735.94,1,On Time,No,N/A,350000,0.6329,Compliant
MA-011744,Metro Healthcare Ventures,2025,Rooms Occupancy,Construction,Somerville,1272942.55,416255.48,856687.08,49259.51,48654.55,0.0,19,On Time,No,N/A,800000,1.5912,Compliant
MA-011745,Patriot Manufacturing Associates,2023,Sales/Use,Manufacturing,Chelsea,1035378.85,457390.26,577988.59,36124.29,47916.91,11792.63,4,On Time,No,N/A,1500000,0.6903,Compliant
MA-011746,Atlantic Retail Partners,2025,Corporate,Construction,Chelsea,703663.01,115862.84,587800.17,68376.97,56215.84,0.0,7,On Time,No,N/A,800000,0.8796,Compliant
MA-011747,Atlantic Retail Solutions,2023,Income,Manufacturing,Boston,1682730.24,257378.74,1425351.5,71708.48,73584.21,1875.73,19,On Time,No,N/A,1500000,1.1218,Compliant
MA-011748,Metro Healthcare Corp,2025,Corporate,Professional Services,Lowell,493294.02,215557.26,277736.76,19815.73,30397.18,10581.45,17,Late,No,N/A,500000,0.9866,Underpaid
MA-011749,Beacon Construction LLC,2022,Rooms Occupancy,Restaurant,Worcester,573274.42,184865.83,388408.59,22333.49,25857.04,3523.55,6,On Time,No,N/A,450000,1.2739,Compliant
MA-011750,Federal Retail LLC,2025,Income,Hospitality,Cambridge,209650.9,78133.71,131517.18,12717.59,22537.94,9820.36,2,On Time,No,N/A,350000,0.599,Underpaid
MA-011751,Beacon Professional Services Co,2023,Sales/Use,Restaurant,Lowell,647893.83,103205.65,544688.19,34043.01,26004.99,0.0,4,On Time,No,N/A,450000,1.4398,Compliant
MA-011752,Coastal Manufacturing Holdings,2024,Income,Construction,Lynn,847360.24,271592.1,575768.14,68155.72,66897.39,0.0,10,Amended,No,N/A,800000,1.0592,Compliant
MA-011753,Patriot Restaurant LLC,2024,Special Fuels,Real Estate,Boston,158319.79,55042.17,103277.61,24786.63,110424.54,85637.91,1,On Time,No,N/A,700000,0.2262,Suspicious
MA-011754,Northern Hospitality Holdings,2025,Income,Construction,Springfield,920004.88,317853.6,602151.27,60984.54,59704.49,0.0,10,On Time,No,N/A,800000,1.15,Compliant
MA-011755,Cape Professional Services Enterprise,2024,Meals,Hospitality,Worcester,264631.11,116254.97,148376.14,10386.33,20627.29,10240.96,2,On Time,No,N/A,350000,0.7561,Underpaid
MA-011756,Atlantic Construction Inc,2022,Income,Healthcare,Brockton,1632539.1,487963.84,1144575.26,135000.03,166790.67,31790.64,16,On Time,No,N/A,1200000,1.3604,Compliant
MA-011757,Metro Healthcare Corp,2022,Income,Manufacturing,Fall River,1821823.8,592363.45,1229460.35,123630.04,173382.89,49752.85,20,On Time,No,N/A,1500000,1.2145,Underpaid
MA-011758,Southern Manufacturing Co,2023,Income,Restaurant,Springfield,533074.36,125796.67,407277.68,37724.24,33121.65,0.0,8,Amended,No,N/A,450000,1.1846,Compliant
MA-011759,Federal Real Estate Holdings,2023,Corporate,Restaurant,New Bedford,0.0,0.0,0.0,0.0,26340.97,26340.97,6,Not Filed,No,N/A,450000,0.0,Non-Filer
MA-011760,Valley Healthcare Enterprise,2025,Sales/Use,Retail,Fall River,357090.69,137256.6,219834.09,13739.63,41647.42,27907.79,1,On Time,No,N/A,600000,0.5952,Suspicious
MA-011761,Eastern Manufacturing LLC,2024,Meals,Retail,Lowell,733586.89,118189.52,615397.37,43077.82,33699.77,0.0,1,On Time,No,N/A,600000,1.2226,Compliant
MA-011762,Atlantic Auto Repair Holdings,2022,Corporate,Retail,Boston,422946.32,120779.73,302166.59,20845.69,19363.1,0.0,13,Late,No,N/A,600000,0.7049,Compliant
MA-011763,Valley Auto Repair Ventures,2025,Income,Retail,Chelsea,266394.69,62740.46,203654.23,18562.73,29604.02,11041.3,1,On Time,No,N/A,600000,0.444,Underpaid
MA-011764,Liberty Professional Services Co,2024,Corporate,Professional Services,Worcester,484019.66,175966.79,308052.87,18628.82,23412.18,4783.36,16,Not Filed,No,N/A,500000,0.968,Compliant
MA-011765,Harbor Professional Services Inc,2023,Corporate,Professional Services,Chelsea,105850.64,27682.49,78168.16,8399.46,13524.17,5124.71,1,Not Filed,No,N/A,500000,0.2117,Underpaid
MA-011766,Valley Auto Repair Inc,2025,Sales/Use,Retail,Somerville,883448.13,293679.49,589768.64,36860.54,43985.49,7124.95,20,On Time,No,N/A,600000,1.4724,Compliant
MA-011767,Summit Hospitality Holdings,2023,Sales/Use,Construction,New Bedford,762628.45,160172.0,602456.44,37653.53,31887.86,0.0,3,Late,No,N/A,800000,0.9533,Compliant
MA-011768,Southern Construction Co,2022,Income,Construction,Worcester,1363397.81,498935.81,864462.01,79840.27,99417.44,19577.17,25,Late,No,N/A,800000,1.7042,Compliant
MA-011769,Summit Auto Repair Solutions,2022,Sales/Use,Healthcare,Boston,1521479.4,603566.95,917912.44,57369.53,66603.63,9234.1,14,On Time,No,N/A,1200000,1.2679,Compliant
MA-011770,Harbor Auto Repair Ventures,2023,Income,Hospitality,Boston,345393.63,109166.3,236227.33,21085.98,24002.28,2916.3,3,On Time,No,N/A,350000,0.9868,Compliant
MA-011771,Metro Retail Ventures,2025,Income,Retail,Lowell,678410.75,302799.52,375611.23,22638.77,31610.79,8972.02,15,On Time,No,N/A,600000,1.1307,Compliant
MA-011772,Harbor Healthcare Associates,2024,Corporate,Construction,Boston,1087911.12,476041.61,611869.51,33022.21,42695.06,9672.85,7,Late,No,N/A,800000,1.3599,Compliant
MA-011773,Cape Manufacturing Group,2022,Rooms Occupancy,Manufacturing,Lynn,2242056.78,889787.77,1352269.01,77755.47,92548.91,14793.44,28,Late,No,N/A,1500000,1.4947,Compliant
MA-011774,Colonial Real Estate Enterprise,2025,Meals,Healthcare,Springfield,1437689.78,518915.29,918774.48,64314.21,75854.66,11540.45,25,On Time,No,N/A,1200000,1.1981,Compliant
MA-011775,Northern Healthcare LLC,2025,Income,Retail,Somerville,363699.82,107600.06,256099.76,22763.86,25524.59,2760.74,4,Late,No,N/A,600000,0.6062,Compliant
MA-011776,Southern Retail Inc,2022,Corporate,Construction,Springfield,623826.09,248763.45,375062.64,28492.58,40104.66,11612.08,1,On Time,No,N/A,800000,0.7798,Compliant
MA-011777,Coastal Retail Holdings,2022,Corporate,Professional Services,Lowell,582630.92,189933.31,392697.61,35918.31,33555.58,0.0,19,On Time,Yes,Compliant,500000,1.1653,Compliant
MA-011778,Pioneer Professional Services Services,2024,Income,Professional Services,Boston,176259.14,66466.06,109793.08,9858.28,10772.0,913.72,1,On Time,No,N/A,500000,0.3525,Compliant
MA-011779,Colonial Construction Solutions,2025,Meals,Hospitality,Chelsea,289890.48,55054.37,234836.11,16438.53,19619.53,3181.0,5,On Time,No,N/A,350000,0.8283,Underpaid
MA-011780,Atlantic Construction Ventures,2024,Income,Manufacturing,Cambridge,0.0,0.0,0.0,0.0,67629.03,67629.03,11,Not Filed,No,N/A,1500000,0.0,Non-Filer
MA-011781,Patriot Professional Services LLC,2024,Income,Real Estate,Worcester,721521.95,229673.38,491848.57,49325.35,55578.8,6253.45,5,On Time,No,N/A,700000,1.0307,Compliant
MA-011782,Southern Construction Co,2024,Rooms Occupancy,Retail,Boston,0.0,0.0,0.0,0.0,7605.74,7605.74,7,Not Filed,No,N/A,600000,0.0,Non-Filer
MA-011783,Summit Construction Partners,2022,Sales/Use,Retail,Boston,770676.64,303249.92,467426.72,29214.17,41043.03,11828.86,10,On Time,No,N/A,600000,1.2845,Compliant
MA-011784,Liberty Manufacturing Partners,2022,Income,Restaurant,Cambridge,496846.55,208943.5,287903.06,22579.47,31293.21,8713.73,11,On Time,No,N/A,450000,1.1041,Compliant
MA-011785,Patriot Auto Repair Associates,2022,Corporate,Real Estate,Worcester,431237.16,94492.62,336744.54,33946.71,50287.87,16341.16,13,Not Filed,No,N/A,700000,0.6161,Underpaid
MA-011786,Northern Hospitality Holdings,2025,Income,Manufacturing,Worcester,1318242.25,227417.87,1090824.38,73271.38,71225.11,0.0,23,On Time,No,N/A,1500000,0.8788,Compliant
MA-011787,Harbor Auto Repair LLC,2024,Special Fuels,Retail,New Bedford,503642.97,224752.79,278890.18,66933.64,120583.15,53649.51,9,On Time,Yes,Fraud,600000,0.8394,Underpaid
MA-011788,Southern Real Estate LLC,2025,Income,Restaurant,Lynn,130857.0,35512.59,95344.41,6200.87,13230.76,7029.89,4,Not Filed,No,N/A,450000,0.2908,Suspicious
MA-011789,Liberty Restaurant Co,2025,Corporate,Healthcare,Boston,858197.93,374563.64,483634.29,36851.9,49973.69,13121.79,7,On Time,No,N/A,1200000,0.7152,Compliant
MA-011790,Beacon Retail LLC,2025,Sales/Use,Real Estate,Somerville,513796.36,201260.82,312535.54,19533.47,25736.47,6203.0,1,On Time,No,N/A,700000,0.734,Compliant
MA-011791,Summit Auto Repair Services,2023,Corporate,Restaurant,Worcester,784587.24,282122.58,502464.67,32604.48,35589.17,2984.69,16,Amended,No,N/A,450000,1.7435,Compliant
MA-011792,Beacon Hospitality Solutions,2023,Income,Real Estate,Springfield,1211138.51,477967.51,733171.0,84632.86,91384.48,6751.62,8,Amended,No,N/A,700000,1.7302,Compliant
MA-011793,Valley Real Estate Inc,2023,Income,Healthcare,Chelsea,1281702.01,253566.92,1028135.09,103291.7,83495.5,0.0,8,On Time,No,N/A,1200000,1.0681,Compliant
MA-011794,Patriot Hospitality Ventures,2022,Income,Restaurant,Boston,342993.97,70886.45,272107.52,28103.31,29092.82,989.51,1,On Time,No,N/A,450000,0.7622,Compliant
MA-011795,Summit Hospitality Ventures,2022,Corporate,Restaurant,Somerville,642812.59,250638.17,392174.42,32875.59,36571.97,3696.38,5,On Time,No,N/A,450000,1.4285,Compliant
MA-011796,Metro Restaurant Corp,2025,Corporate,Retail,Worcester,808502.31,288568.91,519933.4,48646.79,61639.11,12992.32,13,Amended,No,N/A,600000,1.3475,Compliant
MA-011797,Bay State Construction Corp,2024,Meals,Restaurant,Boston,817300.56,228638.84,588661.71,41206.32,40369.31,0.0,2,On Time,No,N/A,450000,1.8162,Compliant
MA-011798,Summit Hospitality Holdings,2023,Corporate,Auto Repair,Cambridge,435548.19,156776.89,278771.3,14597.55,17180.33,2582.78,11,Not Filed,No,N/A,300000,1.4518,Compliant
MA-011799,Harbor Auto Repair Co,2022,Meals,Professional Services,Boston,320844.03,51452.46,269391.57,18857.41,16531.55,0.0,9,On Time,No,N/A,500000,0.6417,Compliant
MA-011800,Pilgrim Retail Services,2022,Sales/Use,Construction,Worcester,927065.73,221803.58,705262.15,44078.88,47253.23,3174.35,10,Late,No,N/A,800000,1.1588,Compliant
MA-011801,Pilgrim Retail Ventures,2025,Meals,Retail,Lowell,433186.69,82875.56,350311.13,24521.78,22427.2,0.0,1,On Time,Yes,Underpaid,600000,0.722,Compliant
MA-011802,Summit Auto Repair Services,2025,Income,Hospitality,Boston,391586.42,158234.14,233352.28,24891.71,48906.17,24014.47,7,Late,No,N/A,350000,1.1188,Underpaid
MA-011803,Beacon Restaurant LLC,2025,Income,Retail,Springfield,762946.24,138357.37,624588.87,71685.19,56761.59,0.0,5,On Time,No,N/A,600000,1.2716,Compliant
MA-011804,Summit Auto Repair Solutions,2024,Sales/Use,Healthcare,Cambridge,924815.12,279133.09,645682.03,40355.13,46796.46,6441.34,16,Late,No,N/A,1200000,0.7707,Compliant
MA-011805,Harbor Hospitality Solutions,2024,Income,Hospitality,Brockton,111490.98,30669.36,80821.62,8976.66,16514.42,7537.76,1,Late,Yes,Fraud,350000,0.3185,Underpaid
MA-011806,Harbor Real Estate Partners,2023,Corporate,Real Estate,Worcester,722952.51,299415.14,423537.37,45060.44,62946.67,17886.23,9,On Time,No,N/A,700000,1.0328,Compliant
MA-011807,Summit Professional Services Services,2024,Sales/Use,Restaurant,Chelsea,405078.01,144012.04,261065.97,16316.62,20168.05,3851.43,7,On Time,No,N/A,450000,0.9002,Compliant
MA-011808,Atlantic Construction Inc,2024,Rooms Occupancy,Auto Repair,Boston,306042.9,60744.81,245298.09,14104.64,16359.92,2255.28,8,On Time,No,N/A,300000,1.0201,Underpaid
MA-011809,Liberty Healthcare Associates,2023,Meals,Construction,Cambridge,506580.27,149402.51,357177.77,25002.44,27674.94,2672.5,4,On Time,No,N/A,800000,0.6332,Compliant
MA-011810,Colonial Construction Ventures,2025,Corporate,Hospitality,Boston,374652.71,84905.8,289746.91,27517.37,36071.24,8553.87,10,On Time,No,N/A,350000,1.0704,Underpaid
MA-011811,Liberty Hospitality LLC,2024,Special Fuels,Real Estate,Chelsea,251388.73,89496.79,161891.94,38854.06,62105.75,23251.69,6,On Time,No,N/A,700000,0.3591,Underpaid
MA-011812,Valley Professional Services LLC,2023,Sales/Use,Manufacturing,Boston,195890.67,41215.24,154675.44,9667.21,22006.57,12339.36,6,Amended,Yes,Fraud,1500000,0.1306,Suspicious
MA-011813,Cape Restaurant Group,2025,Income,Healthcare,Boston,1930960.05,474237.55,1456722.5,118683.99,119501.52,817.53,19,On Time,No,N/A,1200000,1.6091,Compliant
MA-011814,Pilgrim Healthcare Enterprise,2025,Corporate,Retail,Lowell,353672.48,90405.59,263266.89,31429.82,42172.64,10742.82,9,On Time,No,N/A,600000,0.5895,Underpaid
MA-011815,Colonial Professional Services Co,2025,Corporate,Retail,Boston,230968.0,93946.42,137021.57,9643.84,17199.42,7555.58,1,On Time,Yes,Underpaid,600000,0.3849,Underpaid
MA-011816,Harbor Auto Repair Holdings,2024,Income,Retail,Boston,522648.15,152452.72,370195.43,26182.97,41780.09,15597.12,5,On Time,No,N/A,600000,0.8711,Underpaid
MA-011817,Bay State Professional Services Enterprise,2025,Rooms Occupancy,Retail,Cambridge,542760.27,157935.42,384824.85,22127.43,26752.05,4624.62,10,On Time,Yes,Compliant,600000,0.9046,Compliant
MA-011818,Harbor Healthcare Corp,2024,Rooms Occupancy,Retail,Boston,694094.0,116766.7,577327.3,33196.32,33089.73,0.0,9,On Time,No,N/A,600000,1.1568,Compliant
MA-011819,Coastal Hospitality Solutions,2023,Sales/Use,Professional Services,Cambridge,278032.96,47473.83,230559.13,14409.95,21843.02,7433.07,7,Not Filed,No,N/A,500000,0.5561,Underpaid
MA-011820,Harbor Hospitality Solutions,2025,Income,Healthcare,Springfield,916241.55,295723.3,620518.25,52178.45,65966.15,13787.7,16,On Time,No,N/A,1200000,0.7635,Underpaid
MA-011821,Federal Hospitality Corp,2025,Income,Restaurant,Worcester,368618.3,59963.58,308654.72,19854.24,16889.1,0.0,3,On Time,No,N/A,450000,0.8192,Compliant
MA-011822,Pioneer Retail Holdings,2022,Corporate,Professional Services,Worcester,336396.45,108289.77,228106.68,22212.6,21069.32,0.0,3,On Time,No,N/A,500000,0.6728,Compliant
MA-011823,Cape Restaurant Services,2025,Income,Healthcare,Cambridge,855484.05,295314.88,560169.18,59720.73,78520.0,18799.27,5,On Time,No,N/A,1200000,0.7129,Compliant
MA-011824,Northern Real Estate Co,2023,Sales/Use,Restaurant,Lynn,506933.83,147311.5,359622.34,22476.4,20808.28,0.0,7,On Time,No,N/A,450000,1.1265,Compliant
MA-011825,Metro Retail Group,2025,Corporate,Retail,Chelsea,746177.46,193700.13,552477.33,64310.2,63297.76,0.0,7,On Time,Yes,Underpaid,600000,1.2436,Compliant
MA-011826,Harbor Real Estate Solutions,2023,Sales/Use,Professional Services,Somerville,586289.55,235529.94,350759.61,21922.48,28170.71,6248.23,9,On Time,No,N/A,500000,1.1726,Compliant
MA-011827,Bay State Professional Services Partners,2024,Meals,Hospitality,New Bedford,409290.45,88380.1,320910.35,22463.72,18516.82,0.0,1,On Time,No,N/A,350000,1.1694,Compliant
MA-011828,Central Professional Services Solutions,2024,Corporate,Professional Services,Worcester,336026.8,102456.63,233570.17,13291.54,19595.71,6304.17,8,On Time,No,N/A,500000,0.6721,Underpaid
MA-011829,Summit Manufacturing Inc,2023,Meals,Restaurant,Springfield,124468.11,22115.72,102352.39,7164.67,21711.46,14546.79,1,Not Filed,No,N/A,450000,0.2766,Suspicious
MA-011830,Southern Manufacturing Co,2023,Corporate,Manufacturing,Boston,785379.47,311411.36,473968.12,42381.68,108399.15,66017.47,30,Late,No,N/A,1500000,0.5236,Suspicious
MA-011831,Pilgrim Restaurant Ventures,2023,Rooms Occupancy,Hospitality,Lynn,311512.68,57852.31,253660.37,14585.47,12790.68,0.0,1,On Time,No,N/A,350000,0.89,Compliant
MA-011832,Pilgrim Real Estate Ventures,2025,Income,Restaurant,Boston,516548.86,200923.46,315625.4,37399.89,47171.07,9771.17,7,Late,No,N/A,450000,1.1479,Compliant
MA-011833,Summit Real Estate LLC,2022,Sales/Use,Manufacturing,Cambridge,2089243.17,593320.92,1495922.25,93495.14,102906.47,9411.33,19,Amended,No,N/A,1500000,1.3928,Compliant
MA-011834,Harbor Real Estate Solutions,2024,Corporate,Healthcare,Springfield,1540096.32,630620.85,909475.48,79902.04,93481.6,13579.56,21,On Time,No,N/A,1200000,1.2834,Compliant
MA-011835,Northern Manufacturing Solutions,2022,Income,Professional Services,Springfield,478257.84,124767.03,353490.81,42111.23,39424.87,0.0,7,On Time,No,N/A,500000,0.9565,Compliant
MA-011836,Coastal Real Estate Solutions,2024,Income,Restaurant,Brockton,605937.14,247448.59,358488.55,42001.93,50488.34,8486.41,11,On Time,No,N/A,450000,1.3465,Compliant
MA-011837,Patriot Healthcare Services,2023,Sales/Use,Restaurant,Chelsea,203558.93,69130.74,134428.19,8401.76,13635.79,5234.03,7,Not Filed,Yes,Compliant,450000,0.4524,Underpaid
MA-011838,Atlantic Restaurant Group,2025,Sales/Use,Healthcare,Boston,1205475.57,475733.46,729742.11,45608.88,61985.66,16376.78,15,Late,No,N/A,1200000,1.0046,Compliant
MA-011839,Federal Professional Services Co,2022,Sales/Use,Restaurant,Springfield,448046.59,171960.61,276085.98,17255.37,21092.81,3837.44,5,On Time,Yes,Compliant,450000,0.9957,Compliant
MA-011840,Central Hospitality Enterprise,2025,Rooms Occupancy,Hospitality,Boston,259515.84,57815.75,201700.09,11597.76,22303.0,10705.24,5,On Time,No,N/A,350000,0.7415,Suspicious
MA-011841,Summit Auto Repair Services,2023,Corporate,Retail,Cambridge,208347.11,61681.48,146665.63,9757.49,20759.51,11002.02,2,On Time,No,N/A,600000,0.3472,Underpaid
MA-011842,Liberty Retail Inc,2024,Income,Manufacturing,Quincy,1644045.97,403592.77,1240453.2,120731.25,130472.53,9741.28,26,On Time,Yes,Compliant,1500000,1.096,Compliant
MA-011843,Federal Auto Repair Associates,2023,Rooms Occupancy,Construction,Chelsea,617025.8,150155.63,466870.17,26845.03,36866.88,10021.85,8,On Time,No,N/A,800000,0.7713,Underpaid
MA-011844,Pilgrim Real Estate Group,2025,Income,Restaurant,Boston,638280.96,275011.46,363269.5,43027.23,67373.91,24346.68,11,On Time,No,N/A,450000,1.4184,Underpaid
MA-011845,Harbor Healthcare Inc,2024,Corporate,Restaurant,Cambridge,502101.87,165955.79,336146.08,34305.66,48003.39,13697.72,7,Late,No,N/A,450000,1.1158,Underpaid
MA-011846,Central Real Estate Solutions,2023,Corporate,Hospitality,Chelsea,425511.47,97911.42,327600.06,26157.1,26167.58,10.48,9,On Time,No,N/A,350000,1.2157,Compliant
MA-011847,Eastern Hospitality Associates,2023,Income,Construction,Brockton,624841.48,246388.15,378453.32,20681.55,51360.08,30678.53,19,On Time,Yes,Underpaid,800000,0.7811,Suspicious
MA-011848,Cape Real Estate Ventures,2022,Sales/Use,Retail,Cambridge,770800.0,327666.27,443133.73,27695.86,35320.05,7624.19,8,On Time,No,N/A,600000,1.2847,Compliant
MA-011849,Coastal Manufacturing Holdings,2025,Income,Restaurant,Springfield,347401.04,110987.84,236413.19,13289.02,15113.18,1824.16,6,Late,No,N/A,450000,0.772,Compliant
MA-011850,Summit Professional Services Services,2023,Special Fuels,Professional Services,Lowell,691644.78,256542.39,435102.38,104424.57,134053.05,29628.48,7,On Time,No,N/A,500000,1.3833,Compliant
MA-011851,Patriot Professional Services Co,2025,Sales/Use,Professional Services,Cambridge,235165.93,91341.44,143824.48,8989.03,29428.32,20439.29,15,Not Filed,No,N/A,500000,0.4703,Suspicious
MA-011852,Bay State Real Estate LLC,2024,Corporate,Construction,New Bedford,531778.4,122479.43,409298.97,47164.5,40188.99,0.0,2,On Time,Yes,Compliant,800000,0.6647,Compliant
MA-011853,Atlantic Restaurant Inc,2023,Income,Restaurant,Boston,431712.32,74056.62,357655.7,38765.96,36853.18,0.0,6,On Time,No,N/A,450000,0.9594,Compliant
MA-011854,Patriot Construction Holdings,2025,Meals,Retail,Fall River,499581.92,197429.54,302152.38,21150.67,28047.87,6897.21,12,On Time,No,N/A,600000,0.8326,Compliant
MA-011855,Pioneer Retail Group,2023,Special Fuels,Construction,Boston,787280.49,347448.95,439831.55,105559.57,154853.89,49294.31,11,On Time,Yes,Underpaid,800000,0.9841,Underpaid
MA-011856,Eastern Healthcare Solutions,2022,Special Fuels,Real Estate,Lowell,348084.52,71757.41,276327.11,66318.51,60437.44,0.0,1,Late,No,N/A,700000,0.4973,Compliant
MA-011857,Pilgrim Healthcare Associates,2025,Sales/Use,Retail,Springfield,0.0,0.0,0.0,0.0,26679.68,26679.68,1,Not Filed,No,N/A,600000,0.0,Non-Filer
MA-011858,Pilgrim Restaurant Ventures,2022,Meals,Auto Repair,Worcester,236782.46,85166.99,151615.48,10613.08,22638.29,12025.2,4,Late,No,N/A,300000,0.7893,Underpaid
MA-011859,Federal Restaurant Services,2025,Special Fuels,Healthcare,Boston,990071.25,331831.38,658239.87,157977.57,507501.08,349523.51,42,On Time,No,N/A,1200000,0.8251,Suspicious
MA-011860,Colonial Hospitality Co,2024,Income,Construction,Boston,730189.16,244638.5,485550.66,31458.93,33554.2,2095.27,8,Late,No,N/A,800000,0.9127,Compliant
MA-011861,Eastern Construction Services,2025,Rooms Occupancy,Construction,Brockton,872420.95,159664.46,712756.48,40983.5,48849.38,7865.88,22,On Time,No,N/A,800000,1.0905,Underpaid
MA-011862,Valley Auto Repair Solutions,2024,Sales/Use,Restaurant,Boston,206590.71,51741.99,154848.72,9678.04,9365.3,0.0,1,Amended,No,N/A,450000,0.4591,Compliant
MA-011863,Pilgrim Manufacturing Enterprise,2024,Corporate,Restaurant,Lowell,346576.49,141228.01,205348.47,21663.63,25856.81,4193.18,7,On Time,No,N/A,450000,0.7702,Compliant
MA-011864,Atlantic Auto Repair Holdings,2022,Corporate,Real Estate,New Bedford,860219.53,378981.03,481238.5,50320.28,57305.95,6985.66,15,Late,No,N/A,700000,1.2289,Compliant
MA-011865,Pioneer Retail Holdings,2023,Income,Healthcare,Cambridge,701484.28,154345.86,547138.42,37034.91,37911.02,876.11,1,On Time,No,N/A,1200000,0.5846,Compliant
MA-011866,Summit Healthcare Solutions,2024,Sales/Use,Professional Services,Boston,627793.33,143271.42,484521.91,30282.62,28372.8,0.0,4,Late,No,N/A,500000,1.2556,Compliant
MA-011867,Pilgrim Restaurant Ventures,2022,Corporate,Construction,Chelsea,185002.49,45634.42,139368.08,9347.45,9793.15,445.7,3,Amended,No,N/A,800000,0.2313,Compliant
MA-011868,Commonwealth Manufacturing Enterprise,2024,Sales/Use,Restaurant,Boston,580168.7,170643.27,409525.43,25595.34,28497.12,2901.78,6,On Time,No,N/A,450000,1.2893,Compliant
MA-011869,Southern Professional Services LLC,2024,Rooms Occupancy,Healthcare,Worcester,983388.67,178156.01,805232.66,46300.88,40341.75,0.0,11,On Time,No,N/A,1200000,0.8195,Compliant
MA-011870,Atlantic Hospitality Solutions,2025,Income,Healthcare,Cambridge,1012733.08,383112.7,629620.38,68456.4,87903.56,19447.16,6,On Time,No,N/A,1200000,0.8439,Compliant
MA-011871,Bay State Construction Corp,2023,Corporate,Hospitality,Boston,174842.88,40036.11,134806.77,13409.37,21310.19,7900.82,5,Amended,No,N/A,350000,0.4996,Underpaid
MA-011872,Commonwealth Real Estate LLC,2025,Income,Restaurant,Boston,324133.29,116238.21,207895.08,20221.87,32321.02,12099.15,7,Not Filed,Yes,Underpaid,450000,0.7203,Underpaid
MA-011873,Pilgrim Healthcare Holdings,2025,Income,Restaurant,Worcester,287958.46,70816.92,217141.54,19807.14,22539.69,2732.55,2,On Time,Yes,Underpaid,450000,0.6399,Compliant
MA-011874,Liberty Healthcare Associates,2023,Meals,Construction,Boston,140085.18,62669.09,77416.09,5419.13,8262.1,2842.97,2,On Time,No,N/A,800000,0.1751,Compliant
MA-011875,Central Retail Corp,2025,Income,Restaurant,Lowell,675174.15,225632.91,449541.23,23935.82,29532.05,5596.23,1,On Time,No,N/A,450000,1.5004,Compliant
MA-011876,Eastern Healthcare Enterprise,2022,Income,Retail,Worcester,467438.54,123240.04,344198.49,40649.85,39382.77,0.0,7,On Time,No,N/A,600000,0.7791,Compliant
MA-011877,Pilgrim Real Estate Ventures,2025,Meals,Professional Services,Worcester,711311.91,213521.03,497790.87,34845.36,40137.04,5291.68,6,On Time,No,N/A,500000,1.4226,Compliant
MA-011878,Valley Retail Services,2024,Income,Healthcare,Springfield,901649.12,336880.4,564768.73,57085.57,68423.39,11337.83,1,On Time,No,N/A,1200000,0.7514,Compliant
MA-011879,Colonial Hospitality Co,2023,Sales/Use,Construction,Springfield,841426.52,170981.3,670445.22,41902.83,39246.52,0.0,20,On Time,No,N/A,800000,1.0518,Compliant
MA-011880,Central Restaurant Holdings,2023,Corporate,Construction,Fall River,910946.8,290424.57,620522.24,33907.51,36312.71,2405.21,10,Not Filed,No,N/A,800000,1.1387,Compliant
MA-011881,Central Auto Repair LLC,2022,Income,Real Estate,Worcester,749707.68,218779.52,530928.17,63437.07,75182.3,11745.23,9,Amended,No,N/A,700000,1.071,Compliant
MA-011882,Coastal Hospitality Services,2025,Income,Healthcare,Springfield,897948.65,251686.63,646262.02,46688.97,50770.13,4081.16,15,Not Filed,No,N/A,1200000,0.7483,Compliant
MA-011883,Southern Construction Co,2023,Rooms Occupancy,Healthcare,Lowell,923126.86,232374.26,690752.6,39718.27,59356.36,19638.09,16,On Time,No,N/A,1200000,0.7693,Underpaid
MA-011884,Patriot Retail Co,2025,Special Fuels,Hospitality,New Bedford,232369.52,45775.93,186593.59,44782.46,42405.46,0.0,9,On Time,No,N/A,350000,0.6639,Compliant
MA-011885,Pilgrim Healthcare Enterprise,2023,Sales/Use,Auto Repair,Somerville,123128.79,38731.22,84397.57,5274.85,17177.33,11902.48,1,On Time,No,N/A,300000,0.4104,Suspicious
MA-011886,Beacon Retail LLC,2025,Meals,Professional Services,Boston,678313.95,231762.68,446551.27,31258.59,34613.24,3354.65,6,On Time,No,N/A,500000,1.3566,Compliant
MA-011887,Cape Real Estate Ventures,2022,Income,Manufacturing,Fall River,776329.74,140090.12,636239.62,71758.67,93427.31,21668.64,10,Amended,No,N/A,1500000,0.5176,Underpaid
MA-011888,Valley Construction Solutions,2023,Income,Construction,Boston,273814.79,104735.44,169079.36,17606.01,18504.23,898.22,5,On Time,No,N/A,800000,0.3423,Compliant
MA-011889,Harbor Professional Services Group,2022,Special Fuels,Healthcare,Brockton,457026.96,97073.41,359953.55,86388.85,92420.39,6031.53,1,Amended,Yes,Compliant,1200000,0.3809,Compliant
MA-011890,Coastal Construction Solutions,2025,Income,Manufacturing,Chelsea,477843.75,179000.07,298843.68,35683.33,39925.94,4242.62,5,On Time,No,N/A,1500000,0.3186,Compliant
MA-011891,Summit Auto Repair Solutions,2023,Corporate,Professional Services,Worcester,493314.2,201357.23,291956.97,26627.7,28906.22,2278.52,4,On Time,Yes,Compliant,500000,0.9866,Compliant
MA-011892,Coastal Restaurant Co,2022,Sales/Use,Healthcare,Cambridge,520658.92,123729.12,396929.8,24808.11,37091.54,12283.43,3,On Time,No,N/A,1200000,0.4339,Underpaid
MA-011893,Beacon Construction LLC,2023,Corporate,Construction,Lowell,895432.13,391106.64,504325.49,29009.07,42144.17,13135.1,8,On Time,No,N/A,800000,1.1193,Compliant
MA-011894,Beacon Retail LLC,2024,Sales/Use,Restaurant,Springfield,285733.03,62268.78,223464.25,13966.52,24734.8,10768.28,1,On Time,No,N/A,450000,0.635,Underpaid
MA-011895,Federal Hospitality Services,2023,Meals,Construction,Lowell,542008.95,215533.86,326475.1,22853.26,44307.59,21454.34,17,On Time,No,N/A,800000,0.6775,Underpaid
MA-011896,Beacon Professional Services Services,2025,Income,Restaurant,Boston,564497.04,238563.74,325933.3,18376.07,23349.89,4973.82,4,On Time,No,N/A,450000,1.2544,Compliant
MA-011897,Eastern Hospitality Associates,2022,Sales/Use,Healthcare,New Bedford,973051.92,415308.54,557743.37,34858.96,54661.79,19802.83,15,On Time,Yes,Fraud,1200000,0.8109,Underpaid
MA-011898,Northern Professional Services Solutions,2022,Corporate,Hospitality,Springfield,0.0,0.0,0.0,0.0,14026.5,14026.5,2,Not Filed,Yes,Underpaid,350000,0.0,Non-Filer
MA-011899,Harbor Auto Repair Holdings,2024,Income,Restaurant,Brockton,233484.65,49699.3,183785.35,11729.87,20765.23,9035.36,6,On Time,No,N/A,450000,0.5189,Suspicious
MA-011900,Beacon Retail Partners,2022,Corporate,Healthcare,Lowell,768931.9,296931.77,472000.13,26867.07,32421.64,5554.57,4,Amended,Yes,Compliant,1200000,0.6408,Compliant
MA-011901,Bay State Professional Services Enterprise,2024,Sales/Use,Retail,Boston,321129.0,131736.59,189392.41,11837.03,16470.82,4633.79,1,Not Filed,No,N/A,600000,0.5352,Compliant
MA-011902,Cape Restaurant Group,2022,Income,Healthcare,Lowell,722499.74,177109.35,545390.39,61958.93,53727.7,0.0,9,Late,Yes,Underpaid,1200000,0.6021,Compliant
MA-011903,Cape Professional Services Enterprise,2024,Meals,Retail,Springfield,129069.58,22138.57,106931.02,7485.17,21806.48,14321.31,7,On Time,No,N/A,600000,0.2151,Suspicious
MA-011904,Summit Manufacturing Inc,2022,Corporate,Restaurant,Lowell,458739.26,108207.61,350531.65,23648.71,25171.98,1523.27,1,Not Filed,No,N/A,450000,1.0194,Compliant
MA-011905,Beacon Construction LLC,2024,Income,Hospitality,Boston,435602.89,191553.55,244049.34,15372.24,22588.41,7216.18,9,On Time,No,N/A,350000,1.2446,Compliant
MA-011906,Commonwealth Hospitality Ventures,2023,Special Fuels,Manufacturing,Worcester,820536.6,123576.9,696959.71,167270.33,174148.93,6878.6,14,On Time,No,N/A,1500000,0.547,Underpaid
MA-011907,Commonwealth Healthcare Services,2024,Sales/Use,Professional Services,Boston,130646.27,43290.0,87356.28,5459.77,16181.9,10722.14,4,On Time,No,N/A,500000,0.2613,Suspicious
MA-011908,Colonial Healthcare Co,2022,Income,Healthcare,Somerville,452771.5,129232.44,323539.05,37444.99,53556.9,16111.91,1,Not Filed,No,N/A,1200000,0.3773,Underpaid
MA-011909,Beacon Construction Enterprise,2023,Rooms Occupancy,Retail,Cambridge,505433.61,137105.03,368328.57,21178.89,21005.59,0.0,5,On Time,No,N/A,600000,0.8424,Compliant
MA-011910,Central Real Estate Holdings,2025,Rooms Occupancy,Retail,Worcester,539149.84,186639.04,352510.8,20269.37,23794.98,3525.61,1,On Time,No,N/A,600000,0.8986,Compliant
MA-011911,Coastal Restaurant Co,2025,Corporate,Restaurant,Brockton,274408.96,105210.81,169198.15,9675.18,18933.78,9258.6,6,On Time,No,N/A,450000,0.6098,Underpaid
MA-011912,Pilgrim Manufacturing Services,2022,Corporate,Real Estate,Springfield,0.0,0.0,0.0,0.0,42978.18,42978.18,9,Not Filed,Yes,Underpaid,700000,0.0,Non-Filer
MA-011913,Central Retail Corp,2023,Income,Restaurant,New Bedford,338333.57,107190.81,231142.75,16150.78,18138.64,1987.87,10,On Time,No,N/A,450000,0.7519,Compliant
MA-011914,Metro Retail Ventures,2024,Corporate,Hospitality,Cambridge,213585.47,67551.41,146034.06,11926.01,11760.47,0.0,5,On Time,No,N/A,350000,0.6102,Compliant
MA-011915,Summit Auto Repair LLC,2023,Income,Hospitality,Boston,410039.96,100183.24,309856.71,22405.09,24682.35,2277.26,8,On Time,No,N/A,350000,1.1715,Underpaid
MA-011916,Pioneer Healthcare Holdings,2023,Corporate,Restaurant,Fall River,403577.57,145313.21,258264.36,24933.7,26685.0,1751.3,2,Late,No,N/A,450000,0.8968,Compliant
MA-011917,Liberty Healthcare Associates,2022,Corporate,Restaurant,Fall River,579549.17,242533.5,337015.67,19264.78,27424.79,8160.01,1,Amended,No,N/A,450000,1.2879,Compliant
MA-011918,Pilgrim Retail Ventures,2024,Income,Auto Repair,Boston,157982.21,28228.59,129753.62,12444.03,15426.42,2982.39,1,On Time,No,N/A,300000,0.5266,Underpaid
MA-011919,Coastal Real Estate Solutions,2023,Rooms Occupancy,Manufacturing,Worcester,2120932.86,671571.46,1449361.4,83338.28,88688.17,5349.89,28,On Time,Yes,Compliant,1500000,1.414,Compliant
MA-011920,Pilgrim Manufacturing Services,2022,Sales/Use,Retail,Somerville,409852.6,75668.06,334184.54,20886.53,20848.31,0.0,3,Not Filed,No,N/A,600000,0.6831,Compliant
MA-011921,Cape Real Estate Enterprise,2024,Sales/Use,Professional Services,New Bedford,392370.11,96397.86,295972.25,18498.27,19072.26,573.99,1,Late,No,N/A,500000,0.7847,Compliant
MA-011922,Colonial Construction Ventures,2024,Corporate,Retail,Cambridge,778132.12,251160.64,526971.48,53519.2,55213.79,1694.59,3,Late,No,N/A,600000,1.2969,Compliant
MA-011923,Patriot Auto Repair Ventures,2024,Sales/Use,Construction,Lowell,870581.9,229118.57,641463.33,40091.46,56469.77,16378.32,20,On Time,No,N/A,800000,1.0882,Underpaid
MA-011924,Patriot Real Estate Partners,2024,Corporate,Construction,Boston,1115881.44,215555.36,900326.08,71131.36,59199.47,0.0,11,On Time,No,N/A,800000,1.3949,Compliant
MA-011925,Central Retail Corp,2022,Rooms Occupancy,Healthcare,Worcester,1141394.96,237792.96,903602.01,51957.12,46241.43,0.0,7,On Time,No,N/A,1200000,0.9512,Compliant
MA-011926,Harbor Auto Repair Holdings,2024,Corporate,Restaurant,Chelsea,299975.41,61226.49,238748.93,25352.63,27114.07,1761.44,7,On Time,No,N/A,450000,0.6666,Underpaid
MA-011927,Summit Auto Repair Inc,2024,Income,Professional Services,Boston,752855.0,174791.85,578063.15,47288.94,49477.48,2188.53,3,On Time,Yes,Compliant,500000,1.5057,Compliant
MA-011928,Valley Auto Repair Inc,2024,Sales/Use,Retail,Quincy,545121.32,177430.3,367691.02,22980.69,27801.85,4821.16,5,On Time,No,N/A,600000,0.9085,Compliant
MA-011929,Central Professional Services Solutions,2024,Income,Construction,Fall River,400202.47,85590.69,314611.78,30203.09,26568.57,0.0,7,On Time,No,N/A,800000,0.5003,Compliant
MA-011930,Northern Manufacturing Solutions,2022,Rooms Occupancy,Healthcare,Worcester,265646.61,70678.59,194968.02,11210.66,44013.44,32802.78,10,On Time,Yes,Compliant,1200000,0.2214,Suspicious
MA-011931,Atlantic Real Estate LLC,2022,Rooms Occupancy,Healthcare,Springfield,1065215.47,351597.41,713618.06,41033.04,40095.07,0.0,8,On Time,Yes,Compliant,1200000,0.8877,Compliant
MA-011932,Bay State Auto Repair Associates,2022,Income,Construction,Lynn,829789.77,219674.33,610115.44,39470.88,35013.52,0.0,8,On Time,No,N/A,800000,1.0372,Compliant
MA-011933,Patriot Manufacturing Associates,2022,Meals,Construction,Somerville,664821.58,108729.78,556091.8,38926.43,35838.3,0.0,4,On Time,No,N/A,800000,0.831,Compliant
MA-011934,Summit Real Estate LLC,2022,Income,Retail,Boston,646600.88,144227.94,502372.94,38259.23,40694.62,2435.39,16,On Time,No,N/A,600000,1.0777,Compliant
MA-011935,Liberty Auto Repair Ventures,2022,Income,Restaurant,Boston,467699.72,123021.33,344678.39,21678.34,23161.53,1483.19,10,Late,No,N/A,450000,1.0393,Compliant
MA-011936,Cape Real Estate Ventures,2024,Income,Professional Services,New Bedford,255431.96,82711.46,172720.5,16152.03,15655.72,0.0,3,Not Filed,No,N/A,500000,0.5109,Compliant
MA-011937,Central Restaurant Enterprise,2023,Sales/Use,Retail,Fall River,376152.98,127236.52,248916.45,15557.28,18001.4,2444.12,1,Late,No,N/A,600000,0.6269,Compliant
MA-011938,Atlantic Manufacturing Inc,2025,Corporate,Manufacturing,Worcester,1075250.87,400022.37,675228.5,62827.12,69518.37,6691.25,20,On Time,No,N/A,1500000,0.7168,Compliant
MA-011939,Summit Real Estate LLC,2022,Income,Professional Services,New Bedford,702486.07,255318.23,447167.84,33000.4,38678.4,5677.99,9,On Time,No,N/A,500000,1.405,Compliant
MA-011940,Eastern Healthcare Solutions,2022,Income,Professional Services,Fall River,228602.75,56315.29,172287.45,15216.57,15214.48,0.0,1,On Time,Yes,Compliant,500000,0.4572,Compliant
MA-011941,Liberty Hospitality LLC,2022,Income,Restaurant,Boston,516420.26,81187.53,435232.74,40931.01,35138.39,0.0,7,On Time,No,N/A,450000,1.1476,Compliant
MA-011942,Valley Construction Corp,2025,Income,Retail,Boston,221335.19,42367.51,178967.69,19205.29,18527.67,0.0,1,On Time,No,N/A,600000,0.3689,Compliant
MA-011943,Northern Auto Repair Co,2022,Rooms Occupancy,Construction,Springfield,766064.42,119867.66,646196.76,37156.31,37900.81,744.49,12,On Time,No,N/A,800000,0.9576,Compliant
MA-011944,Valley Restaurant Associates,2023,Rooms Occupancy,Construction,Worcester,136125.02,38279.19,97845.83,5626.14,5926.17,300.04,1,Late,No,N/A,800000,0.1702,Compliant
MA-011945,Central Real Estate Partners,2025,Income,Hospitality,Springfield,213317.65,74177.64,139140.01,8921.57,16795.13,7873.56,8,Not Filed,No,N/A,350000,0.6095,Underpaid
MA-011946,Coastal Retail Partners,2023,Corporate,Healthcare,Quincy,1518346.94,531709.43,986637.51,51426.87,59472.45,8045.58,21,On Time,No,N/A,1200000,1.2653,Compliant
MA-011947,Valley Retail Ventures,2025,Income,Professional Services,Springfield,366886.2,108728.75,258157.45,30860.04,33484.81,2624.77,1,Amended,No,N/A,500000,0.7338,Compliant
MA-011948,Pilgrim Manufacturing Services,2024,Corporate,Real Estate,Quincy,220097.79,63999.71,156098.08,12292.93,35266.43,22973.51,12,On Time,No,N/A,700000,0.3144,Suspicious
MA-011949,Pioneer Real Estate Partners,2024,Income,Healthcare,Boston,1723433.95,581904.18,1141529.77,82239.34,83343.67,1104.33,25,On Time,No,N/A,1200000,1.4362,Compliant
MA-011950,Colonial Retail Inc,2024,Corporate,Real Estate,Springfield,653869.18,248322.97,405546.21,41588.18,55870.46,14282.28,11,On Time,No,N/A,700000,0.9341,Underpaid
MA-011951,Coastal Real Estate Inc,2022,Sales/Use,Restaurant,Lynn,229927.75,95006.31,134921.44,8432.59,15504.26,7071.67,3,On Time,Yes,Fraud,450000,0.511,Underpaid
MA-011952,Harbor Healthcare Enterprise,2022,Sales/Use,Retail,Quincy,970510.88,279934.86,690576.02,43161.0,38123.35,0.0,6,On Time,No,N/A,600000,1.6175,Compliant
MA-011953,Pilgrim Auto Repair Corp,2024,Sales/Use,Hospitality,Lowell,374710.11,154817.55,219892.56,13743.29,26348.68,12605.39,5,Not Filed,No,N/A,350000,1.0706,Underpaid
MA-011954,Southern Professional Services LLC,2023,Corporate,Retail,Lowell,829929.94,237223.08,592706.86,57874.51,55804.24,0.0,3,On Time,No,N/A,600000,1.3832,Compliant
MA-011955,Pilgrim Professional Services Corp,2023,Corporate,Restaurant,Boston,548813.33,134457.53,414355.79,41536.58,41575.22,38.64,3,On Time,No,N/A,450000,1.2196,Compliant
MA-011956,Summit Real Estate LLC,2023,Income,Professional Services,Boston,133382.63,40823.89,92558.74,5926.75,12994.08,7067.33,4,On Time,No,N/A,500000,0.2668,Suspicious
MA-011957,Liberty Hospitality Holdings,2022,Income,Hospitality,Brockton,490835.11,92252.49,398582.63,42727.05,35118.57,0.0,1,On Time,No,N/A,350000,1.4024,Compliant
MA-011958,Harbor Retail Solutions,2025,Income,Retail,Somerville,308902.02,61754.36,247147.66,29265.23,26373.96,0.0,3,On Time,No,N/A,600000,0.5148,Compliant
MA-011959,Liberty Real Estate Co,2025,Sales/Use,Professional Services,Lowell,472309.8,200829.13,271480.67,16967.54,20335.04,3367.5,8,Amended,No,N/A,500000,0.9446,Compliant
MA-011960,Liberty Healthcare Inc,2025,Special Fuels,Healthcare,Boston,922810.75,190412.0,732398.75,175775.7,302452.93,126677.23,19,On Time,No,N/A,1200000,0.769,Underpaid
MA-011961,Northern Real Estate Associates,2024,Rooms Occupancy,Hospitality,Quincy,0.0,0.0,0.0,0.0,27478.75,27478.75,8,Not Filed,No,N/A,350000,0.0,Non-Filer
MA-011962,Harbor Construction Holdings,2022,Corporate,Retail,Boston,531984.31,161122.79,370861.52,35129.7,35408.85,279.16,1,Amended,Yes,Compliant,600000,0.8866,Compliant
MA-011963,Pioneer Professional Services Associates,2022,Income,Restaurant,Worcester,144523.01,51469.14,93053.88,10082.82,36118.02,26035.2,3,On Time,No,N/A,450000,0.3212,Suspicious
MA-011964,Metro Restaurant LLC,2024,Income,Restaurant,Cambridge,576051.18,194324.89,381726.3,19407.56,20101.54,693.98,9,On Time,No,N/A,450000,1.2801,Compliant
MA-011965,Coastal Real Estate Solutions,2025,Income,Retail,Worcester,379679.51,61189.35,318490.16,35734.73,28269.2,0.0,5,On Time,No,N/A,600000,0.6328,Compliant
MA-011966,Southern Restaurant Partners,2023,Sales/Use,Construction,Chelsea,962072.26,293227.18,668845.08,41802.82,48329.65,6526.83,20,Late,No,N/A,800000,1.2026,Compliant
MA-011967,Patriot Construction Holdings,2025,Income,Construction,Springfield,1088941.74,229319.58,859622.16,54968.05,52310.74,0.0,17,On Time,No,N/A,800000,1.3612,Compliant
MA-011968,Patriot Auto Repair Associates,2023,Income,Restaurant,Worcester,460808.49,150416.52,310391.97,24688.19,27822.05,3133.87,7,On Time,Yes,Compliant,450000,1.024,Compliant
MA-011969,Coastal Construction Ventures,2023,Income,Retail,Boston,819476.76,238006.68,581470.08,60690.58,66850.65,6160.08,3,On Time,No,N/A,600000,1.3658,Compliant
MA-011970,Colonial Retail Services,2025,Meals,Restaurant,Worcester,385975.34,152242.64,233732.7,16361.29,19334.85,2973.56,1,On Time,Yes,Compliant,450000,0.8577,Compliant
MA-011971,Atlantic Retail Group,2023,Meals,Retail,Boston,679897.48,234023.91,445873.57,31211.15,37798.77,6587.62,14,Late,Yes,Compliant,600000,1.1332,Compliant
MA-011972,Colonial Professional Services Corp,2024,Corporate,Professional Services,Boston,0.0,0.0,0.0,0.0,23738.18,23738.18,1,Not Filed,No,N/A,500000,0.0,Non-Filer
MA-011973,Harbor Retail Group,2023,Rooms Occupancy,Restaurant,Lynn,398473.72,86519.84,311953.88,17937.35,15110.24,0.0,9,Late,No,N/A,450000,0.8855,Compliant
MA-011974,Eastern Construction Ventures,2022,Corporate,Real Estate,Fall River,804386.21,151611.92,652774.29,66109.16,60801.01,0.0,12,Amended,No,N/A,700000,1.1491,Compliant
MA-011975,Northern Auto Repair Co,2025,Income,Restaurant,Fall River,393376.45,160208.4,233168.05,13956.71,19316.54,5359.83,1,On Time,No,N/A,450000,0.8742,Compliant
MA-011976,Summit Auto Repair Enterprise,2025,Income,Retail,Lowell,0.0,0.0,0.0,0.0,43598.07,43598.07,4,Not Filed,No,N/A,600000,0.0,Non-Filer
MA-011977,Coastal Construction Group,2025,Sales/Use,Construction,Boston,990066.15,377773.82,612292.33,38268.27,69984.95,31716.68,21,On Time,No,N/A,800000,1.2376,Underpaid
MA-011978,Coastal Retail Partners,2025,Sales/Use,Retail,Chelsea,497369.29,77004.37,420364.92,26272.81,21985.9,0.0,2,Amended,No,N/A,600000,0.8289,Compliant
MA-011979,Harbor Retail Solutions,2023,Income,Restaurant,Brockton,265508.53,76378.28,189130.24,12108.18,19851.18,7743.0,4,On Time,Yes,Underpaid,450000,0.59,Underpaid
MA-011980,Metro Restaurant LLC,2022,Special Fuels,Restaurant,Worcester,428236.48,95485.6,332750.88,79860.21,124491.01,44630.8,8,On Time,Yes,Underpaid,450000,0.9516,Underpaid
MA-011981,Metro Professional Services LLC,2024,Rooms Occupancy,Professional Services,Boston,352441.23,127813.43,224627.8,12916.1,14148.63,1232.53,14,Late,No,N/A,500000,0.7049,Compliant
MA-011982,Patriot Professional Services Solutions,2023,Corporate,Restaurant,Boston,449907.03,128994.78,320912.26,28542.38,27631.74,0.0,9,On Time,No,N/A,450000,0.9998,Compliant
MA-011983,Summit Restaurant Partners,2025,Income,Retail,Cambridge,481724.95,140470.08,341254.87,19243.46,21568.05,2324.59,7,On Time,No,N/A,600000,0.8029,Compliant
MA-011984,Central Construction LLC,2025,Corporate,Hospitality,Cambridge,373999.89,154454.07,219545.82,12385.31,14225.22,1839.91,1,On Time,No,N/A,350000,1.0686,Compliant
MA-011985,Coastal Hospitality Services,2023,Corporate,Restaurant,Lowell,755204.59,173063.36,582141.24,65332.55,56539.14,0.0,15,On Time,No,N/A,450000,1.6782,Compliant
MA-011986,Northern Manufacturing Co,2022,Income,Construction,Boston,403313.48,126572.4,276741.08,26701.35,54702.69,28001.34,2,Amended,No,N/A,800000,0.5041,Underpaid
MA-011987,Coastal Manufacturing Holdings,2022,Income,Retail,Boston,691197.93,206427.77,484770.16,28125.35,25602.99,0.0,8,Late,No,N/A,600000,1.152,Compliant
MA-011988,Atlantic Hospitality Holdings,2023,Sales/Use,Restaurant,Lowell,414193.34,109519.69,304673.65,19042.1,22255.83,3213.73,7,Amended,No,N/A,450000,0.9204,Underpaid
MA-011989,Harbor Retail Group,2022,Rooms Occupancy,Retail,Boston,723741.11,236368.99,487372.13,28023.9,33741.53,5717.63,16,On Time,No,N/A,600000,1.2062,Compliant
MA-011990,Southern Retail Solutions,2022,Rooms Occupancy,Restaurant,Boston,0.0,0.0,0.0,0.0,21856.2,21856.2,1,Not Filed,No,N/A,450000,0.0,Non-Filer
MA-011991,Coastal Retail Holdings,2023,Sales/Use,Retail,Quincy,848964.78,362540.84,486423.94,30401.5,38649.28,8247.79,19,On Time,No,N/A,600000,1.4149,Compliant
MA-011992,Federal Real Estate Corp,2025,Meals,Construction,Boston,1747684.69,687246.16,1060438.54,74230.7,100434.73,26204.03,16,On Time,Yes,Compliant,800000,2.1846,Compliant
MA-011993,Eastern Real Estate Group,2024,Special Fuels,Construction,Worcester,547225.34,157272.32,389953.02,93588.72,177907.44,84318.71,1,On Time,No,N/A,800000,0.684,Underpaid
MA-011994,Metro Hospitality Corp,2022,Meals,Professional Services,Boston,500076.7,176178.5,323898.2,22672.87,29448.6,6775.72,4,Not Filed,Yes,Fraud,500000,1.0002,Underpaid
MA-011995,Central Retail Corp,2024,Corporate,Construction,Boston,1325366.33,321437.68,1003928.65,97088.55,97044.28,0.0,13,On Time,No,N/A,800000,1.6567,Compliant
MA-011996,Valley Manufacturing Inc,2022,Sales/Use,Construction,Quincy,298819.07,53634.46,245184.6,15324.04,13763.31,0.0,1,Late,No,N/A,800000,0.3735,Compliant
MA-011997,Pilgrim Healthcare Holdings,2023,Corporate,Hospitality,Lowell,113234.72,39568.78,73665.93,5526.97,7053.89,1526.92,5,Amended,No,N/A,350000,0.3235,Compliant
MA-011998,Southern Retail Solutions,2025,Income,Hospitality,Fall River,101497.75,28739.69,72758.06,7869.23,8256.47,387.24,1,On Time,No,N/A,350000,0.29,Compliant
MA-011999,Colonial Professional Services Holdings,2025,Corporate,Professional Services,Springfield,127768.17,45075.78,82692.39,8268.31,8270.68,2.37,1,On Time,Yes,Compliant,500000,0.2555,Compliant
MA-012000,Central Restaurant Enterprise,2022,Sales/Use,Healthcare,Fall River,1853687.13,362744.65,1490942.47,93183.9,91179.32,0.0,25,On Time,No,N/A,1200000,1.5447,Compliant
MA-012001,Harbor Professional Services Partners,2023,Corporate,Construction,Worcester,301521.74,47881.01,253640.73,13968.2,21088.31,7120.11,6,On Time,No,N/A,800000,0.3769,Underpaid
MA-012002,Liberty Retail Inc,2025,Rooms Occupancy,Restaurant,Springfield,455946.47,198801.42,257145.05,14785.84,21401.8,6615.96,8,On Time,No,N/A,450000,1.0132,Compliant
MA-012003,Valley Auto Repair Inc,2022,Corporate,Hospitality,Quincy,178801.09,79226.53,99574.56,8642.15,13592.8,4950.65,5,On Time,No,N/A,350000,0.5109,Compliant
MA-012004,Atlantic Real Estate Corp,2023,Sales/Use,Retail,Boston,35726.29,15518.37,20207.92,1263.0,2726.12,1463.12,1,On Time,No,N/A,600000,0.0595,Underpaid
MA-012005,Colonial Hospitality Inc,2023,Income,Retail,Springfield,487082.83,91107.56,395975.27,40063.21,41677.51,1614.29,9,On Time,No,N/A,600000,0.8118,Compliant
MA-012006,Beacon Professional Services Services,2022,Meals,Restaurant,Cambridge,474660.61,128371.99,346288.63,24240.2,22894.71,0.0,1,On Time,No,N/A,450000,1.0548,Compliant
MA-012007,Summit Hospitality Ventures,2025,Meals,Real Estate,Boston,456510.23,121127.02,335383.22,23476.83,21367.12,0.0,6,On Time,Yes,Underpaid,700000,0.6522,Compliant
MA-012008,Southern Retail Solutions,2024,Income,Professional Services,Boston,328885.43,74942.7,253942.73,27005.57,39248.14,12242.57,3,Amended,No,N/A,500000,0.6578,Underpaid
MA-012009,Colonial Construction Ventures,2022,Income,Auto Repair,New Bedford,259018.01,46003.29,213014.73,20223.63,19004.01,0.0,6,Late,No,N/A,300000,0.8634,Compliant
MA-012010,Northern Restaurant Partners,2025,Rooms Occupancy,Professional Services,Chelsea,423218.87,163656.94,259561.93,14924.81,18190.06,3265.24,4,On Time,No,N/A,500000,0.8464,Compliant
MA-012011,Liberty Healthcare Inc,2022,Corporate,Auto Repair,Boston,519525.54,161540.1,357985.43,38515.83,43342.62,4826.8,1,On Time,No,N/A,300000,1.7318,Compliant
MA-012012,Liberty Manufacturing Partners,2023,Income,Restaurant,New Bedford,77225.94,33056.47,44169.48,4233.38,10911.85,6678.47,6,On Time,No,N/A,450000,0.1716,Suspicious
MA-012013,Colonial Professional Services Corp,2025,Income,Hospitality,Brockton,255921.54,89290.67,166630.87,13705.49,17163.87,3458.38,1,On Time,No,N/A,350000,0.7312,Compliant
MA-012014,Eastern Hospitality Associates,2023,Income,Auto Repair,Quincy,228633.68,72764.0,155869.69,14960.7,15338.78,378.08,1,Amended,No,N/A,300000,0.7621,Compliant
MA-012015,Pioneer Retail Group,2024,Special Fuels,Hospitality,New Bedford,553964.68,133882.45,420082.23,100819.74,89733.7,0.0,10,On Time,No,N/A,350000,1.5828,Compliant
MA-012016,Metro Hospitality Ventures,2025,Corporate,Professional Services,Chelsea,370411.55,77461.25,292950.3,18179.05,26543.4,8364.35,1,On Time,No,N/A,500000,0.7408,Underpaid
MA-012017,Colonial Retail Associates,2023,Corporate,Restaurant,Boston,290419.81,70984.32,219435.49,20724.7,17433.14,0.0,1,On Time,No,N/A,450000,0.6454,Compliant
MA-012018,Pioneer Manufacturing Services,2022,Sales/Use,Real Estate,Boston,522179.56,95549.25,426630.31,26664.39,26198.72,0.0,11,On Time,Yes,Compliant,700000,0.746,Compliant
MA-012019,Beacon Hospitality Solutions,2023,Income,Restaurant,Somerville,513138.81,86935.49,426203.32,48425.18,43796.12,0.0,5,On Time,No,N/A,450000,1.1403,Compliant
MA-012020,Central Auto Repair LLC,2025,Meals,Professional Services,Lowell,300779.38,117077.22,183702.16,12859.15,24477.72,11618.57,2,Amended,Yes,Underpaid,500000,0.6016,Underpaid
MA-012021,Patriot Restaurant LLC,2023,Income,Professional Services,Chelsea,265816.23,51753.39,214062.84,17208.34,30852.03,13643.69,10,On Time,No,N/A,500000,0.5316,Suspicious
MA-012022,Eastern Professional Services Partners,2024,Sales/Use,Manufacturing,Worcester,706929.76,180287.73,526642.03,32915.13,34234.69,1319.57,10,On Time,No,N/A,1500000,0.4713,Compliant
MA-012023,Commonwealth Manufacturing Ventures,2022,Special Fuels,Retail,Fall River,784649.46,329994.63,454654.83,109117.16,148950.45,39833.29,7,On Time,No,N/A,600000,1.3077,Compliant
MA-012024,Atlantic Retail Solutions,2022,Sales/Use,Retail,Lowell,743383.14,135515.82,607867.32,37991.71,35104.59,0.0,23,On Time,No,N/A,600000,1.239,Compliant
MA-012025,Bay State Manufacturing Solutions,2022,Meals,Retail,Boston,605963.92,221626.78,384337.14,26903.6,28276.12,1372.52,9,On Time,No,N/A,600000,1.0099,Compliant
MA-012026,Atlantic Construction Group,2025,Income,Manufacturing,Worcester,1132234.07,435979.0,696255.08,56358.56,74889.24,18530.68,15,On Time,No,N/A,1500000,0.7548,Compliant
MA-012027,Northern Hospitality Inc,2025,Income,Auto Repair,Springfield,286124.38,94224.72,191899.65,22353.9,30748.2,8394.3,5,On Time,No,N/A,300000,0.9537,Underpaid
MA-012028,Coastal Manufacturing Group,2023,Sales/Use,Restaurant,Worcester,200693.55,43805.22,156888.33,9805.52,12795.88,2990.36,4,Amended,No,N/A,450000,0.446,Underpaid
MA-012029,Eastern Construction Services,2022,Meals,Real Estate,Boston,295301.4,70141.67,225159.73,15761.18,61128.89,45367.71,15,On Time,Yes,Fraud,700000,0.4219,Suspicious
MA-012030,Pioneer Retail Services,2023,Income,Retail,Worcester,461270.47,104526.43,356744.04,29608.56,45811.4,16202.84,8,On Time,No,N/A,600000,0.7688,Underpaid
MA-012031,Commonwealth Professional Services Partners,2024,Income,Construction,Chelsea,757056.46,157637.89,599418.57,33540.86,38990.33,5449.46,14,On Time,No,N/A,800000,0.9463,Underpaid
MA-012032,Metro Professional Services Associates,2023,Sales/Use,Retail,Springfield,330610.77,115496.14,215114.63,13444.66,18773.47,5328.81,6,Amended,No,N/A,600000,0.551,Underpaid
MA-012033,Liberty Restaurant Inc,2023,Income,Professional Services,Boston,170661.64,56572.12,114089.53,8817.74,17233.03,8415.29,1,On Time,No,N/A,500000,0.3413,Suspicious
MA-012034,Colonial Construction Holdings,2022,Meals,Restaurant,Springfield,490054.93,180999.97,309054.96,21633.85,25188.48,3554.64,7,On Time,No,N/A,450000,1.089,Compliant
MA-012035,Northern Real Estate Partners,2025,Corporate,Restaurant,Boston,185457.74,65618.51,119839.23,9642.32,16460.44,6818.12,8,Amended,No,N/A,450000,0.4121,Underpaid
MA-012036,Cape Restaurant Services,2025,Sales/Use,Retail,Chelsea,739436.92,275178.14,464258.78,29016.17,30447.0,1430.83,5,On Time,Yes,Underpaid,600000,1.2324,Compliant
MA-012037,Pioneer Healthcare Holdings,2023,Income,Restaurant,Worcester,224679.65,68802.06,155877.59,13909.31,14465.52,556.21,2,On Time,Yes,Compliant,450000,0.4993,Compliant
MA-012038,Eastern Auto Repair Services,2023,Rooms Occupancy,Auto Repair,Lowell,262077.65,43025.1,219052.56,12595.52,10577.98,0.0,3,On Time,Yes,Compliant,300000,0.8736,Compliant
MA-012039,Pilgrim Real Estate Ventures,2025,Income,Manufacturing,Fall River,1323249.96,485739.14,837510.81,55951.21,67399.86,11448.65,6,On Time,No,N/A,1500000,0.8822,Compliant
MA-012040,Valley Auto Repair Associates,2023,Meals,Restaurant,Quincy,401555.08,72295.42,329259.66,23048.18,21967.68,0.0,3,On Time,No,N/A,450000,0.8923,Compliant
MA-012041,Central Healthcare Services,2022,Income,Restaurant,Worcester,537509.06,118689.4,418819.65,21865.25,21055.93,0.0,3,On Time,No,N/A,450000,1.1945,Compliant
MA-012042,Coastal Professional Services Solutions,2022,Sales/Use,Professional Services,Quincy,795370.02,121461.97,673908.04,42119.25,37225.59,0.0,1,Late,No,N/A,500000,1.5907,Compliant
MA-012043,Summit Professional Services LLC,2023,Sales/Use,Professional Services,Lowell,754343.14,247238.45,507104.7,31694.04,36282.94,4588.9,8,On Time,No,N/A,500000,1.5087,Compliant
MA-012044,Pilgrim Auto Repair Ventures,2023,Income,Construction,Boston,829546.79,364964.98,464581.81,52931.07,91437.49,38506.41,13,On Time,No,N/A,800000,1.0369,Underpaid
MA-012045,Pioneer Hospitality Associates,2024,Meals,Retail,Worcester,830319.2,144706.45,685612.75,47992.89,47984.23,0.0,8,On Time,No,N/A,600000,1.3839,Compliant
MA-012046,Cape Real Estate Inc,2024,Meals,Manufacturing,Lowell,960720.32,184967.89,775752.42,54302.67,51303.03,0.0,18,On Time,No,N/A,1500000,0.6405,Compliant
MA-012047,Eastern Manufacturing LLC,2025,Corporate,Manufacturing,Chelsea,1469866.94,271776.49,1198090.44,123244.46,111317.83,0.0,19,On Time,No,N/A,1500000,0.9799,Compliant
MA-012048,Bay State Professional Services Partners,2025,Sales/Use,Restaurant,Springfield,656122.79,280230.03,375892.76,23493.3,30247.09,6753.79,2,On Time,No,N/A,450000,1.4581,Compliant
MA-012049,Federal Retail Solutions,2022,Income,Restaurant,Worcester,212141.99,50054.62,162087.37,19368.26,52640.51,33272.25,3,On Time,Yes,Fraud,450000,0.4714,Suspicious
MA-012050,Pilgrim Real Estate Solutions,2025,Income,Auto Repair,Fall River,233935.8,47435.78,186500.02,14863.75,16102.06,1238.31,3,On Time,Yes,Compliant,300000,0.7798,Underpaid
MA-012051,Commonwealth Healthcare Solutions,2022,Corporate,Restaurant,Fall River,216019.03,44428.77,171590.26,14721.6,15970.86,1249.26,1,On Time,No,N/A,450000,0.48,Compliant
MA-012052,Atlantic Real Estate Corp,2025,Rooms Occupancy,Healthcare,Springfield,1159977.66,305227.59,854750.07,49148.13,65509.74,16361.61,26,On Time,No,N/A,1200000,0.9666,Underpaid
MA-012053,Bay State Real Estate Services,2025,Income,Construction,Cambridge,0.0,0.0,0.0,0.0,43750.35,43750.35,10,Not Filed,No,N/A,800000,0.0,Non-Filer
MA-012054,Atlantic Retail Solutions,2022,Sales/Use,Auto Repair,Boston,0.0,0.0,0.0,0.0,13884.03,13884.03,10,Not Filed,No,N/A,300000,0.0,Non-Filer
MA-012055,Southern Restaurant Partners,2023,Sales/Use,Real Estate,Chelsea,656301.15,153605.88,502695.26,31418.45,34171.71,2753.25,9,Not Filed,No,N/A,700000,0.9376,Compliant
MA-012056,Pilgrim Auto Repair Ventures,2022,Income,Retail,Lynn,830330.68,194488.14,635842.54,37314.68,39488.68,2174.0,6,On Time,Yes,Compliant,600000,1.3839,Compliant
MA-012057,Atlantic Retail Group,2022,Rooms Occupancy,Professional Services,Fall River,789388.73,305507.33,483881.4,27823.18,31623.29,3800.1,2,On Time,No,N/A,500000,1.5788,Compliant
MA-012058,Coastal Retail Holdings,2025,Income,Hospitality,Cambridge,569008.29,108365.67,460642.62,38842.89,38087.13,0.0,4,On Time,No,N/A,350000,1.6257,Compliant
MA-012059,Pioneer Retail Services,2022,Corporate,Construction,Worcester,616999.41,257545.27,359454.14,18209.56,30745.79,12536.23,1,On Time,No,N/A,800000,0.7712,Underpaid
MA-012060,Colonial Real Estate Enterprise,2024,Meals,Manufacturing,Brockton,1260886.38,502749.64,758136.74,53069.57,72723.79,19654.22,10,Amended,No,N/A,1500000,0.8406,Compliant
MA-012061,Beacon Healthcare Associates,2023,Corporate,Real Estate,Brockton,543624.37,131299.68,412324.68,32464.98,32469.44,4.46,6,Amended,No,N/A,700000,0.7766,Compliant
MA-012062,Liberty Hospitality LLC,2022,Rooms Occupancy,Restaurant,Chelsea,272677.88,50213.25,222464.63,12791.72,27601.09,14809.38,8,On Time,No,N/A,450000,0.606,Suspicious
MA-012063,Liberty Restaurant Inc,2023,Corporate,Construction,Springfield,867479.43,386115.87,481363.56,30620.93,37793.0,7172.07,5,On Time,No,N/A,800000,1.0843,Compliant
MA-012064,Harbor Healthcare Corp,2024,Meals,Retail,Cambridge,238891.02,85230.14,153660.88,10756.26,20265.45,9509.19,14,On Time,No,N/A,600000,0.3982,Underpaid
MA-012065,Federal Auto Repair Associates,2024,Sales/Use,Professional Services,Chelsea,361845.4,99988.52,261856.88,16366.06,15084.85,0.0,12,Late,No,N/A,500000,0.7237,Compliant
MA-012066,Patriot Auto Repair Ventures,2022,Corporate,Professional Services,Lynn,466857.59,154589.15,312268.44,18982.46,18522.59,0.0,5,On Time,No,N/A,500000,0.9337,Compliant
MA-012067,Harbor Construction Partners,2022,Meals,Hospitality,Boston,481202.12,198953.13,282248.99,19757.43,24251.88,4494.46,12,Late,No,N/A,350000,1.3749,Compliant
MA-012068,Coastal Healthcare Inc,2025,Meals,Auto Repair,Brockton,294790.01,60331.47,234458.54,16412.1,16430.76,18.66,1,Amended,No,N/A,300000,0.9826,Compliant
MA-012069,Bay State Auto Repair Associates,2024,Income,Restaurant,Cambridge,338715.63,107189.14,231526.49,16735.6,26534.21,9798.61,7,On Time,No,N/A,450000,0.7527,Underpaid
MA-012070,Summit Auto Repair Solutions,2025,Income,Manufacturing,Chelsea,1267207.86,554251.31,712956.55,37950.61,75870.11,37919.5,24,On Time,No,N/A,1500000,0.8448,Underpaid
MA-012071,Central Restaurant Enterprise,2025,Sales/Use,Retail,Quincy,187916.56,83732.13,104184.43,6511.53,32920.29,26408.77,17,On Time,No,N/A,600000,0.3132,Suspicious
MA-012072,Liberty Retail Inc,2023,Sales/Use,Professional Services,Springfield,328605.66,88768.88,239836.78,14989.8,29751.22,14761.42,8,On Time,No,N/A,500000,0.6572,Underpaid
MA-012073,Valley Hospitality Associates,2025,Income,Retail,Lowell,173674.64,60275.29,113399.35,11279.02,19300.29,8021.26,1,On Time,No,N/A,600000,0.2895,Underpaid
MA-012074,Valley Auto Repair Solutions,2023,Income,Restaurant,Boston,517829.14,159265.17,358563.97,37804.79,37812.97,8.18,5,Amended,No,N/A,450000,1.1507,Compliant
MA-012075,Southern Real Estate LLC,2023,Income,Restaurant,Lowell,103724.28,32495.1,71229.18,6796.47,28028.96,21232.49,5,On Time,No,N/A,450000,0.2305,Suspicious
MA-012076,Bay State Retail Services,2024,Rooms Occupancy,Retail,Somerville,351106.89,82107.46,268999.43,15467.47,23268.16,7800.69,12,On Time,No,N/A,600000,0.5852,Underpaid
MA-012077,Colonial Auto Repair LLC,2024,Corporate,Restaurant,Chelsea,470707.87,143295.79,327412.09,31436.77,29069.69,0.0,2,Amended,No,N/A,450000,1.046,Compliant
MA-012078,Valley Real Estate Associates,2022,Sales/Use,Retail,Chelsea,801157.68,290022.59,511135.09,31945.94,33445.03,1499.08,8,On Time,No,N/A,600000,1.3353,Compliant
MA-012079,Pilgrim Manufacturing Enterprise,2024,Income,Retail,Brockton,705911.85,280526.23,425385.61,32749.61,45328.82,12579.21,6,On Time,No,N/A,600000,1.1765,Compliant
MA-012080,Atlantic Hospitality Holdings,2025,Income,Manufacturing,Boston,1184241.33,529383.08,654858.25,34357.98,40606.63,6248.65,15,On Time,No,N/A,1500000,0.7895,Compliant
MA-012081,Harbor Construction Partners,2025,Sales/Use,Construction,Springfield,791547.63,173755.66,617791.97,38612.0,38848.76,236.76,12,On Time,No,N/A,800000,0.9894,Compliant
MA-012082,Northern Construction Co,2023,Meals,Restaurant,Boston,322811.19,124292.8,198518.39,13896.29,22624.79,8728.5,1,On Time,No,N/A,450000,0.7174,Underpaid
MA-012083,Pilgrim Manufacturing Services,2025,Income,Professional Services,Boston,266365.66,55242.81,211122.85,22467.01,32120.87,9653.86,9,On Time,No,N/A,500000,0.5327,Underpaid
MA-012084,Summit Construction Holdings,2024,Income,Retail,Boston,359110.98,151099.16,208011.82,14104.89,30880.88,16775.99,5,Not Filed,No,N/A,600000,0.5985,Underpaid
MA-012085,Pilgrim Retail Services,2023,Income,Manufacturing,Brockton,2017150.79,383390.24,1633760.55,119401.53,123212.74,3811.21,21,On Time,No,N/A,1500000,1.3448,Compliant
MA-012086,Harbor Hospitality Enterprise,2024,Sales/Use,Retail,Brockton,128256.77,55250.97,73005.8,4562.86,12542.96,7980.1,2,Not Filed,No,N/A,600000,0.2138,Suspicious
MA-012087,Commonwealth Real Estate Enterprise,2022,Rooms Occupancy,Healthcare,Quincy,736145.54,322468.37,413677.17,23786.44,45904.91,22118.47,7,On Time,No,N/A,1200000,0.6135,Underpaid
MA-012088,Liberty Healthcare Co,2024,Corporate,Healthcare,Brockton,1135435.48,238921.45,896514.03,47187.56,43508.5,0.0,16,On Time,No,N/A,1200000,0.9462,Compliant
MA-012089,Eastern Real Estate Associates,2023,Rooms Occupancy,Retail,Chelsea,438531.72,118662.1,319869.62,18392.5,26638.95,8246.45,9,Not Filed,No,N/A,600000,0.7309,Underpaid
MA-012090,Northern Hospitality Partners,2024,Sales/Use,Construction,Chelsea,923710.01,375031.59,548678.42,34292.4,60607.38,26314.98,15,On Time,No,N/A,800000,1.1546,Underpaid
MA-012091,Valley Construction LLC,2024,Income,Hospitality,Springfield,365240.74,137920.48,227320.26,24070.82,32391.61,8320.79,2,On Time,No,N/A,350000,1.0435,Compliant
MA-012092,Atlantic Retail Group,2025,Income,Professional Services,Lynn,355578.16,53342.22,302235.94,22277.65,18999.66,0.0,1,Late,No,N/A,500000,0.7112,Compliant
MA-012093,Patriot Healthcare Associates,2024,Corporate,Auto Repair,Lowell,152336.08,35833.4,116502.68,7517.23,10686.34,3169.11,4,On Time,No,N/A,300000,0.5078,Underpaid
MA-012094,Federal Retail Enterprise,2022,Corporate,Professional Services,Springfield,409474.12,157427.22,252046.9,19810.13,51390.2,31580.07,7,On Time,No,N/A,500000,0.8189,Suspicious
MA-012095,Coastal Healthcare Inc,2024,Income,Retail,Worcester,515209.07,185940.18,329268.9,30012.17,31557.5,1545.33,6,Late,No,N/A,600000,0.8587,Compliant
MA-012096,Beacon Professional Services Co,2024,Meals,Restaurant,Somerville,316937.67,78320.95,238616.72,16703.17,25274.85,8571.68,7,Not Filed,No,N/A,450000,0.7043,Underpaid
MA-012097,Eastern Healthcare Inc,2024,Rooms Occupancy,Professional Services,Fall River,724650.02,273021.2,451628.81,25968.66,31384.82,5416.16,1,Not Filed,No,N/A,500000,1.4493,Compliant
MA-012098,Summit Real Estate LLC,2022,Meals,Retail,New Bedford,120784.55,18804.17,101980.38,7138.63,5853.77,0.0,1,On Time,Yes,Compliant,600000,0.2013,Compliant
MA-012099,Metro Professional Services Associates,2024,Sales/Use,Manufacturing,Springfield,1988910.69,751266.47,1237644.21,77352.76,92376.18,15023.42,17,Not Filed,No,N/A,1500000,1.3259,Compliant
MA-012100,Metro Retail LLC,2025,Rooms Occupancy,Retail,Quincy,49874.24,20820.5,29053.74,1670.59,2221.06,550.47,3,On Time,No,N/A,600000,0.0831,Compliant
MA-012101,Northern Professional Services LLC,2024,Corporate,Restaurant,Boston,491177.29,133054.97,358122.32,37481.73,39439.7,1957.97,1,On Time,No,N/A,450000,1.0915,Compliant
MA-012102,Federal Retail Solutions,2023,Income,Retail,Boston,399736.59,117136.15,282600.44,30790.69,29391.91,0.0,1,On Time,No,N/A,600000,0.6662,Compliant
MA-012103,Central Hospitality Inc,2024,Corporate,Retail,Boston,187825.2,51472.17,136353.03,8114.82,29655.94,21541.11,4,On Time,No,N/A,600000,0.313,Suspicious
MA-012104,Eastern Professional Services Partners,2025,Corporate,Healthcare,New Bedford,1435834.31,376619.53,1059214.78,73173.79,76530.12,3356.33,3,On Time,No,N/A,1200000,1.1965,Compliant
MA-012105,Summit Auto Repair Services,2024,Corporate,Retail,Cambridge,418074.62,166288.42,251786.2,13073.93,15565.13,2491.19,1,On Time,No,N/A,600000,0.6968,Compliant
MA-012106,Liberty Restaurant Co,2022,Corporate,Construction,Springfield,749604.85,207172.14,542432.72,40589.37,42657.59,2068.22,6,Amended,No,N/A,800000,0.937,Compliant
MA-012107,Harbor Professional Services Inc,2025,Corporate,Restaurant,Boston,323472.89,105616.54,217856.35,22921.46,43234.9,20313.44,1,On Time,Yes,Compliant,450000,0.7188,Underpaid
MA-012108,Metro Restaurant Group,2024,Corporate,Professional Services,Fall River,497542.16,113945.84,383596.31,25736.1,22276.5,0.0,9,On Time,No,N/A,500000,0.9951,Compliant
MA-012109,Eastern Professional Services Holdings,2023,Income,Professional Services,Springfield,826823.73,368065.54,458758.19,43210.82,52402.02,9191.2,8,Amended,No,N/A,500000,1.6536,Compliant
MA-012110,Northern Hospitality Holdings,2022,Income,Restaurant,Somerville,510418.04,201349.62,309068.42,28107.92,31714.23,3606.31,1,Late,No,N/A,450000,1.1343,Compliant
MA-012111,Pioneer Real Estate Enterprise,2025,Sales/Use,Construction,Boston,79131.47,32920.23,46211.24,2888.2,3860.66,972.46,5,Not Filed,No,N/A,800000,0.0989,Compliant
MA-012112,Harbor Auto Repair Inc,2022,Corporate,Construction,Lynn,792348.43,140961.02,651387.41,61880.85,54636.76,0.0,15,Late,No,N/A,800000,0.9904,Compliant
MA-012113,Patriot Hospitality Group,2025,Corporate,Professional Services,Worcester,126436.25,39734.87,86701.38,5228.81,11085.96,5857.15,5,On Time,No,N/A,500000,0.2529,Suspicious
MA-012114,Bay State Professional Services Enterprise,2024,Corporate,Professional Services,Worcester,817671.07,162897.56,654773.51,43402.93,44557.73,1154.8,12,On Time,No,N/A,500000,1.6353,Compliant
MA-012115,Bay State Professional Services Enterprise,2024,Corporate,Healthcare,Boston,988377.84,333026.52,655351.32,52141.83,69561.29,17419.46,16,On Time,Yes,Underpaid,1200000,0.8236,Underpaid
MA-012116,Metro Retail Ventures,2025,Corporate,Restaurant,Quincy,222248.26,47553.17,174695.09,15959.21,16292.34,333.13,9,On Time,No,N/A,450000,0.4939,Compliant
MA-012117,Harbor Auto Repair Holdings,2024,Income,Professional Services,Worcester,383310.1,87677.08,295633.02,16915.47,14818.76,0.0,7,Late,No,N/A,500000,0.7666,Compliant
MA-012118,Pilgrim Auto Repair Partners,2025,Income,Professional Services,Lynn,209515.99,88988.36,120527.63,11780.02,14938.97,3158.95,1,On Time,No,N/A,500000,0.419,Compliant
MA-012119,Northern Professional Services Associates,2024,Corporate,Retail,Quincy,0.0,0.0,0.0,0.0,35107.38,35107.38,9,Not Filed,Yes,Underpaid,600000,0.0,Non-Filer
MA-012120,Eastern Hospitality Associates,2025,Rooms Occupancy,Retail,Worcester,583181.84,253835.66,329346.18,18937.41,33947.19,15009.78,10,On Time,No,N/A,600000,0.972,Underpaid
MA-012121,Colonial Professional Services Enterprise,2024,Income,Retail,Boston,131413.51,42472.97,88940.54,6337.12,11102.74,4765.62,7,Amended,No,N/A,600000,0.219,Underpaid
MA-012122,Eastern Real Estate LLC,2025,Special Fuels,Restaurant,Boston,375510.4,153811.04,221699.37,53207.85,67210.95,14003.1,8,On Time,No,N/A,450000,0.8345,Compliant
MA-012123,Patriot Auto Repair Corp,2022,Income,Healthcare,Boston,1265094.04,224566.79,1040527.25,116962.55,94795.62,0.0,7,On Time,No,N/A,1200000,1.0542,Compliant
MA-012124,Patriot Construction Holdings,2024,Income,Real Estate,Somerville,748980.97,295794.36,453186.61,32549.21,43571.04,11021.84,20,On Time,No,N/A,700000,1.07,Compliant
MA-012125,Southern Construction Co,2023,Sales/Use,Hospitality,Chelsea,315318.58,56909.16,258409.42,16150.59,21412.72,5262.13,4,Late,No,N/A,350000,0.9009,Underpaid
MA-012126,Liberty Manufacturing Partners,2022,Income,Construction,Boston,1094477.17,273293.19,821183.98,77912.24,82812.93,4900.69,15,Late,No,N/A,800000,1.3681,Compliant
MA-012127,Eastern Construction Services,2022,Income,Real Estate,Worcester,754853.18,265342.66,489510.51,27895.53,36037.49,8141.96,3,On Time,No,N/A,700000,1.0784,Compliant
MA-012128,Atlantic Hospitality Holdings,2024,Corporate,Professional Services,Worcester,413278.49,91423.1,321855.39,34121.63,45107.92,10986.29,11,On Time,No,N/A,500000,0.8266,Underpaid
MA-012129,Liberty Construction Co,2022,Special Fuels,Restaurant,Chelsea,337731.39,77701.93,260029.46,62407.07,63837.36,1430.29,11,On Time,No,N/A,450000,0.7505,Compliant
MA-012130,Central Real Estate Holdings,2022,Rooms Occupancy,Professional Services,Lynn,492910.13,130489.86,362420.27,20839.17,20068.22,0.0,1,On Time,No,N/A,500000,0.9858,Compliant
MA-012131,Beacon Hospitality Holdings,2023,Meals,Restaurant,Boston,614039.49,166619.22,447420.27,31319.42,34491.85,3172.43,6,On Time,No,N/A,450000,1.3645,Compliant
MA-012132,Central Hospitality Inc,2025,Income,Auto Repair,Boston,381605.18,100861.55,280743.63,26187.72,24344.01,0.0,3,Amended,No,N/A,300000,1.272,Compliant
MA-012133,Beacon Healthcare Associates,2022,Income,Restaurant,Boston,429135.78,149603.0,279532.77,26385.14,27703.91,1318.77,7,On Time,No,N/A,450000,0.9536,Compliant
MA-012134,Northern Real Estate Associates,2025,Income,Retail,Boston,627278.25,274778.57,352499.68,33935.35,42290.33,8354.99,1,Late,No,N/A,600000,1.0455,Compliant
MA-012135,Harbor Professional Services Group,2023,Income,Retail,Cambridge,379886.78,67054.46,312832.32,22970.46,18480.25,0.0,9,On Time,No,N/A,600000,0.6331,Compliant
MA-012136,Southern Healthcare Holdings,2022,Rooms Occupancy,Retail,Somerville,306469.95,82694.82,223775.13,12867.07,22716.83,9849.76,4,Amended,Yes,Fraud,600000,0.5108,Suspicious
MA-012137,Bay State Construction Services,2022,Income,Restaurant,Lynn,200891.5,46013.6,154877.9,18093.36,22152.87,4059.52,1,Late,No,N/A,450000,0.4464,Underpaid
MA-012138,Northern Auto Repair Co,2024,Sales/Use,Real Estate,Boston,0.0,0.0,0.0,0.0,9531.79,9531.79,1,Not Filed,No,N/A,700000,0.0,Non-Filer
MA-012139,Liberty Retail Inc,2025,Income,Professional Services,Boston,404255.98,87386.91,316869.07,28239.52,26004.56,0.0,1,On Time,No,N/A,500000,0.8085,Compliant
MA-012140,Northern Healthcare LLC,2023,Corporate,Construction,Quincy,441029.99,151778.84,289251.15,32382.66,71773.85,39391.19,11,On Time,No,N/A,800000,0.5513,Underpaid
MA-012141,Harbor Professional Services Group,2023,Meals,Hospitality,Somerville,237226.1,77510.43,159715.67,11180.1,30169.97,18989.87,1,On Time,No,N/A,350000,0.6778,Suspicious
MA-012142,Central Manufacturing LLC,2023,Sales/Use,Hospitality,Fall River,501839.47,185220.36,316619.11,19788.69,20746.04,957.34,10,On Time,No,N/A,350000,1.4338,Compliant
MA-012143,Atlantic Construction Associates,2023,Sales/Use,Manufacturing,Fall River,1120350.14,421302.83,699047.31,43690.46,55389.21,11698.76,14,On Time,No,N/A,1500000,0.7469,Compliant
MA-012144,Liberty Healthcare Associates,2025,Income,Professional Services,Somerville,433608.77,189571.08,244037.69,19185.94,26496.08,7310.14,6,On Time,Yes,Compliant,500000,0.8672,Compliant
MA-012145,Liberty Real Estate Co,2025,Sales/Use,Professional Services,Boston,772456.35,235692.16,536764.19,33547.76,33135.41,0.0,12,Late,No,N/A,500000,1.5449,Compliant
MA-012146,Patriot Retail Co,2023,Corporate,Manufacturing,Brockton,1782992.82,621780.11,1161212.71,111997.2,114289.92,2292.72,19,Amended,No,N/A,1500000,1.1887,Compliant
MA-012147,Liberty Auto Repair Solutions,2022,Rooms Occupancy,Auto Repair,New Bedford,147193.07,41366.68,105826.39,6085.02,6520.15,435.14,1,On Time,No,N/A,300000,0.4906,Compliant
MA-012148,Valley Real Estate Ventures,2025,Rooms Occupancy,Healthcare,Worcester,1683044.04,560863.58,1122180.46,64525.38,74514.05,9988.68,13,Amended,No,N/A,1200000,1.4025,Compliant
MA-012149,Eastern Healthcare Solutions,2024,Income,Healthcare,Cambridge,765106.29,132979.16,632127.12,47421.54,47265.52,0.0,10,On Time,No,N/A,1200000,0.6376,Compliant
MA-012150,Harbor Construction Partners,2024,Meals,Retail,Worcester,185414.2,54987.07,130427.14,9129.9,20949.8,11819.9,1,On Time,No,N/A,600000,0.309,Suspicious
MA-012151,Liberty Auto Repair Solutions,2024,Income,Retail,Somerville,272358.3,75868.86,196489.43,14270.27,30909.0,16638.73,1,On Time,No,N/A,600000,0.4539,Suspicious
MA-012152,Commonwealth Real Estate LLC,2024,Corporate,Restaurant,Chelsea,299493.45,73522.07,225971.38,23438.93,21883.53,0.0,7,On Time,No,N/A,450000,0.6655,Compliant
MA-012153,Eastern Retail Partners,2025,Corporate,Hospitality,Chelsea,199081.82,63649.91,135431.9,8729.69,8747.38,17.69,1,Not Filed,No,N/A,350000,0.5688,Compliant
MA-012154,Metro Professional Services Associates,2022,Meals,Restaurant,Boston,354621.73,121206.31,233415.42,16339.08,20293.25,3954.17,8,Late,No,N/A,450000,0.788,Compliant
MA-012155,Valley Manufacturing Holdings,2023,Corporate,Restaurant,Worcester,419603.88,114578.27,305025.61,16293.67,16268.07,0.0,2,Late,No,N/A,450000,0.9325,Compliant
MA-012156,Eastern Real Estate Associates,2022,Special Fuels,Construction,New Bedford,846652.39,267596.88,579055.51,138973.32,163104.38,24131.06,1,On Time,No,N/A,800000,1.0583,Compliant
MA-012157,Patriot Hospitality Group,2025,Income,Hospitality,Springfield,426907.75,105825.65,321082.1,22180.22,19055.63,0.0,7,Not Filed,No,N/A,350000,1.2197,Compliant
MA-012158,Valley Real Estate Ventures,2025,Income,Healthcare,Quincy,515452.92,139620.82,375832.1,37220.93,77058.33,39837.4,17,Amended,Yes,Underpaid,1200000,0.4295,Suspicious
MA-012159,Coastal Retail Holdings,2024,Meals,Retail,Lynn,381649.02,138606.99,243042.04,17012.94,17978.22,965.28,10,On Time,No,N/A,600000,0.6361,Compliant
MA-012160,Summit Professional Services LLC,2024,Sales/Use,Construction,Lowell,0.0,0.0,0.0,0.0,34919.78,34919.78,8,Not Filed,No,N/A,800000,0.0,Non-Filer
MA-012161,Harbor Professional Services Partners,2023,Sales/Use,Professional Services,Brockton,496280.14,125090.01,371190.14,23199.38,24386.61,1187.22,5,On Time,Yes,Underpaid,500000,0.9926,Compliant
MA-012162,Coastal Construction Solutions,2024,Income,Construction,Springfield,1141430.5,306619.28,834811.22,67792.32,68946.5,1154.17,9,On Time,No,N/A,800000,1.4268,Compliant
MA-012163,Pioneer Construction Enterprise,2022,Income,Hospitality,Brockton,255257.28,43535.79,211721.49,19072.1,16588.8,0.0,8,On Time,No,N/A,350000,0.7293,Compliant
MA-012164,Pilgrim Manufacturing Services,2023,Income,Manufacturing,Chelsea,524141.83,106585.76,417556.07,43072.36,86563.24,43490.88,19,On Time,No,N/A,1500000,0.3494,Suspicious
MA-012165,Cape Manufacturing Group,2025,Corporate,Professional Services,Lowell,791331.0,331858.21,459472.79,38457.24,52455.92,13998.69,8,On Time,No,N/A,500000,1.5827,Compliant
MA-012166,Liberty Healthcare Corp,2024,Sales/Use,Healthcare,Lowell,1468237.83,437224.72,1031013.11,64438.32,72039.0,7600.68,12,Not Filed,No,N/A,1200000,1.2235,Compliant
MA-012167,Southern Retail Corp,2024,Sales/Use,Healthcare,Somerville,594844.47,258152.2,336692.27,21043.27,66760.4,45717.14,19,On Time,No,N/A,1200000,0.4957,Suspicious
MA-012168,Valley Construction Corp,2025,Sales/Use,Restaurant,Boston,303684.35,132079.61,171604.74,10725.3,23485.67,12760.37,3,Not Filed,No,N/A,450000,0.6749,Underpaid
MA-012169,Northern Hospitality Inc,2024,Sales/Use,Hospitality,Fall River,112667.85,40365.55,72302.3,4518.89,7093.25,2574.35,4,On Time,No,N/A,350000,0.3219,Underpaid
MA-012170,Northern Restaurant Partners,2025,Corporate,Auto Repair,Springfield,95047.33,35107.5,59939.82,5043.69,6548.81,1505.12,1,On Time,No,N/A,300000,0.3168,Compliant
MA-012171,Metro Healthcare Group,2024,Income,Hospitality,Springfield,456771.67,119611.96,337159.71,29902.07,28050.53,0.0,6,On Time,No,N/A,350000,1.3051,Compliant
MA-012172,Atlantic Restaurant Solutions,2024,Corporate,Healthcare,Somerville,2009743.85,544109.18,1465634.68,89223.26,80782.2,0.0,29,On Time,No,N/A,1200000,1.6748,Compliant
MA-012173,Commonwealth Retail Group,2023,Income,Auto Repair,Lowell,240148.42,92728.41,147420.0,13955.64,16905.75,2950.11,3,On Time,No,N/A,300000,0.8005,Compliant
MA-012174,Eastern Auto Repair Corp,2025,Meals,Construction,Worcester,823433.77,288887.16,534546.62,37418.26,41373.39,3955.12,1,Late,No,N/A,800000,1.0293,Compliant
MA-012175,Bay State Retail Associates,2024,Income,Manufacturing,Boston,982608.91,357532.44,625076.47,53101.47,69402.45,16300.98,10,On Time,No,N/A,1500000,0.6551,Compliant
MA-012176,Harbor Real Estate Partners,2025,Income,Construction,Boston,191323.54,30491.6,160831.94,17570.39,14430.63,0.0,2,On Time,No,N/A,800000,0.2392,Compliant
MA-012177,Eastern Healthcare Solutions,2024,Sales/Use,Restaurant,Springfield,420922.09,85627.93,335294.17,20955.89,19192.87,0.0,1,On Time,No,N/A,450000,0.9354,Compliant
MA-012178,Valley Manufacturing Group,2024,Income,Restaurant,Quincy,513168.61,198821.2,314347.41,28598.2,35351.03,6752.83,9,Late,No,N/A,450000,1.1404,Compliant
MA-012179,Metro Retail Solutions,2023,Corporate,Retail,Boston,491134.83,161241.48,329893.34,17544.81,28779.38,11234.57,6,Amended,Yes,Fraud,600000,0.8186,Underpaid
MA-012180,Pilgrim Auto Repair Corp,2023,Special Fuels,Retail,Fall River,526956.16,90806.77,436149.39,104675.85,139995.17,35319.31,12,Late,No,N/A,600000,0.8783,Underpaid
MA-012181,Coastal Real Estate Inc,2024,Corporate,Auto Repair,Worcester,336441.4,73177.61,263263.78,22004.87,19230.39,0.0,1,On Time,No,N/A,300000,1.1215,Compliant
MA-012182,Commonwealth Healthcare Services,2024,Income,Construction,Brockton,906612.66,400738.79,505873.86,48932.79,61252.76,12319.96,17,Not Filed,No,N/A,800000,1.1333,Compliant
MA-012183,Harbor Healthcare Associates,2025,Corporate,Professional Services,Boston,405341.44,123264.27,282077.17,33341.99,36264.99,2923.0,15,On Time,No,N/A,500000,0.8107,Compliant
MA-012184,Pioneer Real Estate Partners,2024,Sales/Use,Professional Services,Boston,421048.78,172291.06,248757.72,15547.36,18885.48,3338.13,5,Late,No,N/A,500000,0.8421,Compliant
MA-012185,Federal Retail Solutions,2023,Income,Healthcare,Boston,909020.44,315705.02,593315.42,43050.37,55270.83,12220.46,12,Late,No,N/A,1200000,0.7575,Compliant
MA-012186,Northern Real Estate Co,2023,Meals,Auto Repair,Chelsea,46323.26,17485.5,28837.76,2018.64,6922.98,4904.34,1,Late,No,N/A,300000,0.1544,Suspicious
MA-012187,Coastal Restaurant Co,2023,Rooms Occupancy,Healthcare,Worcester,483875.62,206789.23,277086.39,15932.47,36339.13,20406.66,10,On Time,Yes,Fraud,1200000,0.4032,Underpaid
MA-012188,Metro Professional Services Associates,2024,Rooms Occupancy,Healthcare,Brockton,489358.26,215274.25,274084.02,15759.83,65465.45,49705.62,23,On Time,Yes,Underpaid,1200000,0.4078,Suspicious
MA-012189,Cape Manufacturing Group,2023,Income,Manufacturing,Lowell,221143.64,84940.59,136203.06,11930.58,18450.09,6519.51,14,Late,No,N/A,1500000,0.1474,Underpaid
MA-012190,Atlantic Construction Group,2023,Sales/Use,Auto Repair,Worcester,330260.45,69188.87,261071.59,16316.97,16173.06,0.0,1,Not Filed,No,N/A,300000,1.1009,Compliant
MA-012191,Harbor Auto Repair Ventures,2023,Corporate,Hospitality,Boston,368179.73,141128.16,227051.57,25976.83,31914.46,5937.62,5,On Time,No,N/A,350000,1.0519,Compliant
MA-012192,Southern Real Estate LLC,2025,Corporate,Professional Services,Boston,390434.55,102748.68,287685.87,29295.74,30001.16,705.42,5,On Time,No,N/A,500000,0.7809,Compliant
MA-012193,Liberty Auto Repair Ventures,2025,Income,Professional Services,Lowell,372755.05,116925.82,255829.23,27933.71,32889.26,4955.55,2,Not Filed,Yes,Compliant,500000,0.7455,Compliant
MA-012194,Summit Real Estate LLC,2023,Income,Construction,Brockton,443390.39,172369.6,271020.79,18421.06,30856.39,12435.33,1,On Time,No,N/A,800000,0.5542,Underpaid
MA-012195,Northern Construction Co,2023,Income,Healthcare,Boston,1310143.08,509416.91,800726.17,71936.4,74266.39,2329.99,18,On Time,No,N/A,1200000,1.0918,Compliant
MA-012196,Colonial Professional Services Co,2023,Income,Manufacturing,Lowell,0.0,0.0,0.0,0.0,115021.25,115021.25,26,Not Filed,Yes,Underpaid,1500000,0.0,Non-Filer
MA-012197,Bay State Real Estate LLC,2025,Income,Hospitality,Chelsea,406596.68,117389.12,289207.56,18006.24,15929.59,0.0,2,On Time,No,N/A,350000,1.1617,Compliant
MA-012198,Eastern Real Estate Group,2023,Rooms Occupancy,Restaurant,Boston,0.0,0.0,0.0,0.0,28126.7,28126.7,1,Not Filed,No,N/A,450000,0.0,Non-Filer
MA-012199,Patriot Healthcare Group,2025,Meals,Construction,New Bedford,510808.73,205811.33,304997.4,21349.82,27046.87,5697.05,1,Late,No,N/A,800000,0.6385,Compliant
MA-012200,Eastern Healthcare Enterprise,2024,Meals,Real Estate,Cambridge,929533.67,253275.7,676257.97,47338.06,51623.29,4285.23,16,On Time,No,N/A,700000,1.3279,Compliant
MA-012201,Summit Retail Enterprise,2024,Corporate,Retail,Boston,531329.68,99164.89,432164.8,48111.06,54593.93,6482.87,14,On Time,No,N/A,600000,0.8855,Underpaid
MA-012202,Pioneer Auto Repair Holdings,2023,Income,Auto Repair,Fall River,212352.23,72292.3,140059.93,13929.99,15539.55,1609.56,4,On Time,Yes,Compliant,300000,0.7078,Compliant
MA-012203,Beacon Professional Services Services,2025,Corporate,Manufacturing,Quincy,1369398.11,218826.39,1150571.71,90614.87,85993.09,0.0,22,On Time,Yes,Compliant,1500000,0.9129,Compliant
MA-012204,Atlantic Real Estate Partners,2025,Rooms Occupancy,Restaurant,Worcester,0.0,0.0,0.0,0.0,17122.48,17122.48,3,Not Filed,No,N/A,450000,0.0,Non-Filer
MA-012205,Patriot Construction Holdings,2025,Income,Professional Services,Chelsea,600789.56,227812.92,372976.64,29189.09,35391.4,6202.31,11,On Time,No,N/A,500000,1.2016,Compliant
MA-012206,Colonial Professional Services Holdings,2024,Income,Hospitality,Boston,206212.96,67253.61,138959.34,13912.39,19306.3,5393.91,3,Not Filed,No,N/A,350000,0.5892,Underpaid
MA-012207,Liberty Healthcare Co,2023,Meals,Retail,Boston,391423.96,108056.37,283367.6,19835.73,18599.35,0.0,1,On Time,No,N/A,600000,0.6524,Compliant
MA-012208,Colonial Professional Services Services,2024,Corporate,Retail,Fall River,642834.41,269393.59,373440.82,41121.42,51641.31,10519.89,11,On Time,No,N/A,600000,1.0714,Compliant
MA-012209,Pioneer Healthcare Partners,2022,Income,Real Estate,New Bedford,728736.21,183839.42,544896.79,38287.56,40518.08,2230.53,1,On Time,No,N/A,700000,1.0411,Compliant
MA-012210,Atlantic Healthcare Enterprise,2024,Rooms Occupancy,Manufacturing,Chelsea,1272586.05,375711.99,896874.05,51570.26,49609.13,0.0,5,On Time,No,N/A,1500000,0.8484,Compliant
MA-012211,Bay State Construction Services,2024,Income,Retail,Springfield,879644.81,252260.17,627384.64,38677.86,38435.13,0.0,5,On Time,No,N/A,600000,1.4661,Compliant
MA-012212,Pilgrim Retail Ventures,2022,Special Fuels,Construction,Worcester,1177500.09,514557.51,662942.59,159106.22,218556.39,59450.17,19,On Time,No,N/A,800000,1.4719,Compliant
MA-012213,Coastal Real Estate Ventures,2023,Corporate,Professional Services,Boston,328381.48,62282.49,266099.0,20937.65,19685.55,0.0,1,Late,Yes,Compliant,500000,0.6568,Compliant
MA-012214,Atlantic Healthcare Inc,2024,Corporate,Construction,Springfield,652450.15,272674.6,379775.55,29789.12,55004.0,25214.88,7,On Time,No,N/A,800000,0.8156,Underpaid
MA-012215,Pilgrim Real Estate Solutions,2025,Meals,Healthcare,Quincy,1296385.93,489757.51,806628.42,56463.99,56667.52,203.53,13,On Time,Yes,Compliant,1200000,1.0803,Compliant
MA-012216,Harbor Construction Holdings,2025,Meals,Construction,Boston,159491.78,33575.39,125916.39,8814.15,14944.12,6129.97,1,Not Filed,No,N/A,800000,0.1994,Underpaid
MA-012217,Pioneer Real Estate Services,2023,Income,Manufacturing,Boston,1597391.91,579071.71,1018320.2,52878.41,56998.56,4120.15,17,On Time,No,N/A,1500000,1.0649,Compliant
MA-012218,Patriot Hospitality Group,2022,Sales/Use,Healthcare,Somerville,594323.9,167179.63,427144.27,26696.52,41230.99,14534.47,15,On Time,No,N/A,1200000,0.4953,Underpaid
MA-012219,Valley Restaurant Associates,2024,Income,Restaurant,Worcester,350507.73,92801.15,257706.58,29846.13,57946.14,28100.01,6,On Time,No,N/A,450000,0.7789,Underpaid
MA-012220,Bay State Construction Corp,2024,Corporate,Healthcare,Worcester,0.0,0.0,0.0,0.0,82149.07,82149.07,15,Not Filed,Yes,Underpaid,1200000,0.0,Non-Filer
MA-012221,Pilgrim Healthcare Enterprise,2022,Income,Retail,Worcester,337161.18,81190.09,255971.09,15163.95,15250.61,86.66,5,On Time,Yes,Compliant,600000,0.5619,Compliant
MA-012222,Bay State Real Estate LLC,2025,Corporate,Real Estate,Springfield,471453.63,172849.99,298603.64,34807.29,79730.41,44923.12,13,On Time,No,N/A,700000,0.6735,Underpaid
MA-012223,Valley Construction LLC,2022,Rooms Occupancy,Restaurant,Cambridge,66674.34,29292.53,37381.81,2149.45,6102.97,3953.51,1,Not Filed,No,N/A,450000,0.1482,Suspicious
MA-012224,Beacon Real Estate Ventures,2025,Corporate,Manufacturing,Lowell,1105391.49,338049.03,767342.46,49270.13,47033.73,0.0,13,On Time,Yes,Underpaid,1500000,0.7369,Compliant
MA-012225,Harbor Restaurant Group,2023,Meals,Manufacturing,Chelsea,1769355.24,473639.68,1295715.56,90700.09,96232.43,5532.34,29,Late,No,N/A,1500000,1.1796,Compliant
MA-012226,Metro Retail Group,2022,Corporate,Retail,Fall River,511106.39,104081.31,407025.08,34245.78,32976.58,0.0,3,On Time,Yes,Underpaid,600000,0.8518,Compliant
MA-012227,Northern Auto Repair Co,2022,Sales/Use,Restaurant,Boston,609849.75,264756.9,345092.85,21568.3,32547.77,10979.47,9,Late,No,N/A,450000,1.3552,Compliant
MA-012228,Beacon Professional Services Co,2022,Meals,Construction,Boston,1170269.13,482541.57,687727.56,48140.93,64947.49,16806.56,16,Amended,No,N/A,800000,1.4628,Compliant
MA-012229,Pioneer Real Estate Services,2025,Corporate,Manufacturing,Worcester,570320.38,208961.5,361358.88,19469.35,36891.09,17421.74,4,On Time,No,N/A,1500000,0.3802,Underpaid
MA-012230,Harbor Real Estate Solutions,2023,Rooms Occupancy,Retail,Cambridge,0.0,0.0,0.0,0.0,12515.16,12515.16,6,Not Filed,No,N/A,600000,0.0,Non-Filer
MA-012231,Colonial Construction Holdings,2022,Corporate,Professional Services,Boston,696785.25,197629.39,499155.87,45727.32,52596.51,6869.19,18,On Time,No,N/A,500000,1.3936,Compliant
MA-012232,Central Auto Repair LLC,2022,Corporate,Restaurant,New Bedford,568682.51,208541.6,360140.91,32263.13,38769.59,6506.46,13,On Time,No,N/A,450000,1.2637,Compliant
MA-012233,Harbor Professional Services Corp,2023,Income,Real Estate,Lowell,533859.34,170143.81,363715.53,32181.41,34660.16,2478.75,1,On Time,Yes,Compliant,700000,0.7627,Compliant
MA-012234,Eastern Healthcare Solutions,2024,Meals,Restaurant,Chelsea,576161.52,145273.22,430888.29,30162.18,33056.0,2893.82,9,On Time,No,N/A,450000,1.2804,Compliant
MA-012235,Pilgrim Healthcare Enterprise,2024,Sales/Use,Retail,Somerville,642763.55,251077.38,391686.17,24480.39,27998.66,3518.28,9,Late,Yes,Compliant,600000,1.0713,Compliant
MA-012236,Harbor Auto Repair Holdings,2025,Corporate,Real Estate,Quincy,803573.48,195213.63,608359.85,38233.16,36201.13,0.0,16,On Time,No,N/A,700000,1.148,Compliant
MA-012237,Harbor Construction Partners,2024,Corporate,Retail,Springfield,276013.28,47205.71,228807.57,16251.41,44842.24,28590.83,13,On Time,No,N/A,600000,0.46,Suspicious
MA-012238,Pioneer Real Estate Partners,2025,Corporate,Manufacturing,Springfield,1996330.99,453895.58,1542435.4,97773.21,96154.15,0.0,26,Late,No,N/A,1500000,1.3309,Compliant
MA-012239,Central Professional Services Solutions,2025,Rooms Occupancy,Retail,Worcester,182070.16,33336.19,148733.97,8552.2,19538.31,10986.11,10,On Time,No,N/A,600000,0.3035,Suspicious
MA-012240,Northern Hospitality Associates,2022,Corporate,Hospitality,Boston,187462.72,40851.56,146611.16,16855.4,15131.37,0.0,7,On Time,No,N/A,350000,0.5356,Compliant
MA-012241,Valley Professional Services Solutions,2022,Meals,Restaurant,Cambridge,265055.24,87580.15,177475.09,12423.26,14525.43,2102.18,4,On Time,No,N/A,450000,0.589,Compliant
MA-012242,Valley Manufacturing Inc,2023,Income,Retail,Springfield,326744.25,62580.12,264164.13,19975.49,23829.66,3854.18,8,On Time,No,N/A,600000,0.5446,Underpaid
MA-012243,Atlantic Construction Associates,2022,Income,Retail,Fall River,260337.55,43631.07,216706.48,12356.15,26503.79,14147.64,1,Not Filed,No,N/A,600000,0.4339,Suspicious
MA-012244,Federal Hospitality Holdings,2023,Meals,Restaurant,New Bedford,168086.71,73622.06,94464.65,6612.53,28171.71,21559.18,3,On Time,No,N/A,450000,0.3735,Suspicious
MA-012245,Coastal Manufacturing Group,2024,Sales/Use,Manufacturing,Quincy,1193895.64,297265.38,896630.26,56039.39,90297.59,34258.2,24,Amended,No,N/A,1500000,0.7959,Underpaid
MA-012246,Federal Retail Inc,2023,Income,Construction,Worcester,911025.24,250196.27,660828.97,65123.22,62690.74,0.0,6,On Time,No,N/A,800000,1.1388,Compliant
MA-012247,Pilgrim Manufacturing Associates,2022,Meals,Restaurant,Worcester,216619.37,52066.3,164553.08,11518.72,17826.77,6308.06,2,On Time,No,N/A,450000,0.4814,Underpaid
MA-012248,Eastern Healthcare Solutions,2022,Income,Retail,Boston,0.0,0.0,0.0,0.0,41610.75,41610.75,18,Not Filed,Yes,Compliant,600000,0.0,Non-Filer
MA-012249,Summit Professional Services LLC,2023,Corporate,Retail,Boston,445930.22,73912.6,372017.62,42586.86,40943.96,0.0,10,Late,No,N/A,600000,0.7432,Compliant
MA-012250,Valley Auto Repair Solutions,2022,Income,Construction,Cambridge,0.0,0.0,0.0,0.0,7540.77,7540.77,1,Not Filed,No,N/A,800000,0.0,Non-Filer
MA-012251,Colonial Hospitality Co,2022,Sales/Use,Retail,Boston,419588.31,137200.84,282387.46,17649.22,20752.97,3103.76,1,On Time,No,N/A,600000,0.6993,Compliant
MA-012252,Commonwealth Real Estate LLC,2023,Sales/Use,Retail,Cambridge,291728.2,88476.02,203252.18,12703.26,11891.0,0.0,5,On Time,No,N/A,600000,0.4862,Compliant
MA-012253,Northern Real Estate Associates,2023,Corporate,Auto Repair,Boston,273306.26,110290.05,163016.21,9891.32,11805.36,1914.04,5,On Time,No,N/A,300000,0.911,Compliant
MA-012254,Northern Hospitality Associates,2025,Corporate,Restaurant,Chelsea,528373.59,224430.04,303943.55,23702.51,35610.22,11907.7,8,On Time,No,N/A,450000,1.1742,Compliant
MA-012255,Patriot Healthcare Group,2022,Corporate,Retail,Brockton,757829.97,125982.94,631847.03,57588.5,43788.0,0.0,8,Not Filed,No,N/A,600000,1.263,Compliant
MA-012256,Colonial Professional Services Services,2024,Income,Professional Services,Worcester,289025.1,56903.5,232121.6,24816.32,20781.0,0.0,8,On Time,Yes,Compliant,500000,0.5781,Compliant
MA-012257,Patriot Auto Repair Corp,2022,Corporate,Manufacturing,Boston,1262974.2,558380.16,704594.04,52258.44,75613.47,23355.03,10,On Time,No,N/A,1500000,0.842,Compliant
MA-012258,Southern Construction Co,2024,Sales/Use,Retail,Lowell,585553.04,107169.41,478383.63,29898.98,25102.37,0.0,2,Not Filed,No,N/A,600000,0.9759,Compliant
MA-012259,Liberty Healthcare Ventures,2025,Income,Retail,Cambridge,517285.14,178400.54,338884.59,40207.41,47070.09,6862.68,8,Late,Yes,Compliant,600000,0.8621,Compliant
MA-012260,Summit Real Estate LLC,2022,Meals,Restaurant,Springfield,495454.99,215297.74,280157.25,19611.01,26842.29,7231.28,1,On Time,No,N/A,450000,1.101,Compliant
MA-012261,Pioneer Real Estate Enterprise,2022,Corporate,Restaurant,Fall River,369849.68,117875.94,251973.74,19396.65,19965.9,569.25,10,On Time,No,N/A,450000,0.8219,Compliant
MA-012262,Summit Auto Repair Services,2024,Rooms Occupancy,Construction,Springfield,642169.74,272197.24,369972.5,21273.42,40865.58,19592.16,22,On Time,No,N/A,800000,0.8027,Underpaid
MA-012263,Atlantic Retail Solutions,2024,Income,Healthcare,Boston,1345790.16,497678.4,848111.76,78020.09,115805.62,37785.52,26,Late,No,N/A,1200000,1.1215,Underpaid
MA-012264,Liberty Healthcare Inc,2022,Sales/Use,Construction,Boston,171461.16,45567.88,125893.28,7868.33,19215.19,11346.86,8,Late,No,N/A,800000,0.2143,Suspicious
MA-012265,Summit Restaurant Partners,2024,Sales/Use,Construction,Cambridge,650603.09,279296.82,371306.27,23206.64,41205.26,17998.62,7,On Time,No,N/A,800000,0.8133,Underpaid
MA-012266,Pilgrim Retail Ventures,2025,Corporate,Restaurant,Chelsea,315561.92,64005.16,251556.76,13181.38,18778.93,5597.54,10,On Time,No,N/A,450000,0.7012,Underpaid
MA-012267,Pilgrim Manufacturing Services,2022,Sales/Use,Construction,Brockton,365113.01,124022.35,241090.66,15068.17,45040.62,29972.45,7,On Time,No,N/A,800000,0.4564,Suspicious
MA-012268,Valley Auto Repair Inc,2022,Income,Retail,Springfield,547220.95,238418.69,308802.25,26689.79,47245.78,20556.0,6,On Time,No,N/A,600000,0.912,Underpaid
MA-012269,Northern Construction Co,2024,Income,Healthcare,Boston,1337072.08,304937.59,1032134.48,86344.67,79344.65,0.0,14,On Time,No,N/A,1200000,1.1142,Compliant
MA-012270,Pilgrim Real Estate Solutions,2024,Corporate,Retail,Cambridge,555749.7,100197.71,455551.99,36329.84,34561.32,0.0,10,Amended,Yes,Compliant,600000,0.9262,Compliant
MA-012271,Commonwealth Real Estate Enterprise,2024,Income,Manufacturing,Brockton,935691.33,316025.11,619666.23,50021.12,57924.11,7902.98,21,Amended,Yes,Compliant,1500000,0.6238,Compliant
MA-012272,Eastern Real Estate LLC,2025,Special Fuels,Restaurant,Cambridge,181621.07,65574.61,116046.46,27851.15,31982.52,4131.37,1,Late,No,N/A,450000,0.4036,Compliant
MA-012273,Coastal Construction Group,2025,Corporate,Professional Services,Boston,561860.44,146843.91,415016.53,36656.51,35801.75,0.0,10,On Time,Yes,Compliant,500000,1.1237,Compliant
MA-012274,Colonial Professional Services Co,2024,Special Fuels,Retail,Boston,492360.27,117544.23,374816.04,89955.85,90672.47,716.62,6,On Time,No,N/A,600000,0.8206,Underpaid
MA-012275,Northern Real Estate Partners,2023,Sales/Use,Professional Services,Boston,571502.85,174953.32,396549.53,24784.35,27057.11,2272.77,6,Late,No,N/A,500000,1.143,Compliant
MA-012276,Commonwealth Real Estate Enterprise,2024,Income,Restaurant,Boston,374188.13,59485.66,314702.47,17485.74,29486.45,12000.71,12,On Time,No,N/A,450000,0.8315,Underpaid
MA-012277,Summit Auto Repair Enterprise,2025,Special Fuels,Retail,Lynn,769738.01,246656.12,523081.88,125539.65,122253.33,0.0,4,Not Filed,No,N/A,600000,1.2829,Compliant
MA-012278,Summit Auto Repair Enterprise,2025,Corporate,Real Estate,Springfield,687337.72,180960.65,506377.07,30468.23,33515.22,3046.99,6,On Time,No,N/A,700000,0.9819,Compliant
MA-012279,Metro Professional Services LLC,2023,Income,Professional Services,Boston,107210.25,28055.22,79155.04,8077.7,24729.67,16651.97,5,On Time,No,N/A,500000,0.2144,Suspicious
MA-012280,Eastern Restaurant Group,2024,Income,Real Estate,Boston,552149.87,235717.37,316432.49,34667.98,50613.18,15945.2,10,On Time,No,N/A,700000,0.7888,Compliant
MA-012281,Colonial Healthcare LLC,2025,Income,Hospitality,Boston,213040.95,43440.72,169600.23,15355.27,15094.82,0.0,11,On Time,No,N/A,350000,0.6087,Compliant
MA-012282,Commonwealth Professional Services Solutions,2025,Sales/Use,Manufacturing,Cambridge,1049060.55,349808.9,699251.65,43703.23,44977.36,1274.13,14,On Time,No,N/A,1500000,0.6994,Compliant
MA-012283,Atlantic Real Estate Solutions,2022,Corporate,Hospitality,Worcester,0.0,0.0,0.0,0.0,19976.27,19976.27,2,Not Filed,No,N/A,350000,0.0,Non-Filer
MA-012284,Eastern Hospitality Solutions,2023,Meals,Restaurant,Boston,562057.67,96731.26,465326.41,32572.85,27623.34,0.0,1,On Time,Yes,Compliant,450000,1.249,Compliant
MA-012285,Atlantic Real Estate Corp,2022,Corporate,Professional Services,Springfield,742235.22,239093.23,503141.99,25382.55,31993.64,6611.09,9,Late,No,N/A,500000,1.4845,Compliant
MA-012286,Summit Construction Holdings,2022,Rooms Occupancy,Auto Repair,Fall River,176589.63,65354.29,111235.34,6396.03,9406.33,3010.29,1,Late,No,N/A,300000,0.5886,Underpaid
MA-012287,Pilgrim Healthcare Holdings,2025,Rooms Occupancy,Professional Services,Chelsea,396030.87,66936.01,329094.85,18922.95,31217.89,12294.93,5,On Time,No,N/A,500000,0.7921,Underpaid
MA-012288,Colonial Retail Inc,2022,Income,Retail,Boston,0.0,0.0,0.0,0.0,21854.27,21854.27,4,Not Filed,No,N/A,600000,0.0,Non-Filer
MA-012289,Commonwealth Healthcare Enterprise,2024,Income,Auto Repair,New Bedford,82137.87,19952.55,62185.32,5070.0,11140.57,6070.57,11,On Time,No,N/A,300000,0.2738,Suspicious
MA-012290,Federal Healthcare Group,2025,Income,Healthcare,Worcester,682381.56,210153.14,472228.43,25899.19,43266.41,17367.22,16,On Time,No,N/A,1200000,0.5687,Underpaid
MA-012291,Valley Construction Solutions,2024,Corporate,Manufacturing,Fall River,1102962.3,384291.6,718670.71,59698.36,106140.36,46442.0,15,On Time,Yes,Fraud,1500000,0.7353,Underpaid
MA-012292,Liberty Restaurant Co,2025,Special Fuels,Restaurant,Boston,454201.32,200245.04,253956.28,60949.51,81921.87,20972.37,9,On Time,No,N/A,450000,1.0093,Compliant
MA-012293,Patriot Retail Partners,2025,Sales/Use,Retail,Chelsea,539233.08,212860.16,326372.92,20398.31,27031.21,6632.9,12,Not Filed,No,N/A,600000,0.8987,Compliant
MA-012294,Pilgrim Retail Ventures,2025,Income,Restaurant,Springfield,629787.6,227256.92,402530.68,35807.71,41880.43,6072.72,12,Late,No,N/A,450000,1.3995,Compliant
MA-012295,Federal Auto Repair LLC,2022,Meals,Construction,Boston,671637.72,160250.62,511387.1,35797.1,32101.88,0.0,2,Not Filed,No,N/A,800000,0.8395,Compliant
MA-012296,Metro Retail Corp,2022,Rooms Occupancy,Retail,Boston,478287.33,138303.36,339983.98,19549.08,21678.84,2129.76,6,On Time,No,N/A,600000,0.7971,Compliant
MA-012297,Central Manufacturing LLC,2024,Meals,Manufacturing,Lowell,1686396.91,581620.46,1104776.45,77334.35,95427.71,18093.36,11,On Time,Yes,Underpaid,1500000,1.1243,Compliant
MA-012298,Cape Manufacturing Group,2022,Corporate,Auto Repair,Springfield,0.0,0.0,0.0,0.0,22560.22,22560.22,4,Not Filed,No,N/A,300000,0.0,Non-Filer
MA-012299,Cape Manufacturing Group,2022,Meals,Healthcare,Fall River,1130904.54,319712.28,811192.26,56783.46,56047.43,0.0,20,On Time,No,N/A,1200000,0.9424,Compliant
MA-012300,Federal Real Estate Corp,2022,Income,Hospitality,Somerville,392349.94,170061.71,222288.23,23720.55,33480.03,9759.48,11,Amended,No,N/A,350000,1.121,Compliant
MA-012301,Northern Healthcare Partners,2024,Income,Construction,Boston,750013.84,189553.21,560460.63,64906.17,68475.91,3569.73,13,On Time,No,N/A,800000,0.9375,Compliant
MA-012302,Beacon Real Estate Services,2023,Meals,Construction,Lowell,1346889.89,224419.29,1122470.6,78572.94,65635.01,0.0,22,On Time,No,N/A,800000,1.6836,Compliant
MA-012303,Harbor Auto Repair LLC,2024,Corporate,Healthcare,Springfield,638883.37,213404.34,425479.03,40561.6,55198.71,14637.11,8,Late,Yes,Underpaid,1200000,0.5324,Underpaid
MA-012304,Colonial Professional Services Inc,2023,Meals,Real Estate,Quincy,365568.52,155540.11,210028.41,14701.99,29704.17,15002.18,10,On Time,No,N/A,700000,0.5222,Underpaid
MA-012305,Central Hospitality Enterprise,2024,Corporate,Manufacturing,Brockton,1910592.21,664228.7,1246363.51,96171.18,107996.81,11825.63,18,On Time,Yes,Compliant,1500000,1.2737,Compliant
MA-012306,Valley Construction Corp,2023,Income,Real Estate,Somerville,724771.48,204454.79,520316.69,27231.54,31850.66,4619.12,1,Amended,No,N/A,700000,1.0354,Compliant
MA-012307,Eastern Hospitality Solutions,2024,Income,Professional Services,Cambridge,776039.83,206872.31,569167.51,41964.77,43197.45,1232.68,6,On Time,No,N/A,500000,1.5521,Compliant
MA-012308,Southern Retail Inc,2024,Rooms Occupancy,Healthcare,Boston,1233655.89,441881.35,791774.54,45527.04,53446.58,7919.54,13,On Time,Yes,Compliant,1200000,1.028,Compliant
MA-012309,Central Real Estate Solutions,2022,Corporate,Real Estate,Lowell,1002430.3,293342.01,709088.29,77145.23,89101.65,11956.42,1,On Time,No,N/A,700000,1.432,Compliant
MA-012310,Cape Real Estate Inc,2023,Sales/Use,Construction,Somerville,823020.94,136973.84,686047.1,42877.94,41998.22,0.0,9,On Time,No,N/A,800000,1.0288,Compliant
MA-012311,Colonial Retail Inc,2022,Income,Construction,Boston,381714.03,94669.24,287044.8,15835.11,30615.63,14780.53,16,On Time,No,N/A,800000,0.4771,Underpaid
MA-012312,Central Retail Corp,2022,Income,Restaurant,Worcester,79339.93,27909.86,51430.06,4573.31,23164.11,18590.8,7,Not Filed,No,N/A,450000,0.1763,Suspicious
MA-012313,Atlantic Retail Solutions,2022,Special Fuels,Healthcare,Worcester,0.0,0.0,0.0,0.0,221034.63,221034.63,23,Not Filed,No,N/A,1200000,0.0,Non-Filer
MA-012314,Metro Retail Corp,2022,Rooms Occupancy,Construction,Boston,577341.29,203732.6,373608.69,21482.5,22805.89,1323.39,3,On Time,No,N/A,800000,0.7217,Compliant
MA-012315,Federal Healthcare Co,2024,Corporate,Healthcare,Lowell,1579199.26,704872.04,874327.22,90971.13,126821.86,35850.73,22,Late,Yes,Compliant,1200000,1.316,Compliant
MA-012316,Atlantic Professional Services Enterprise,2025,Corporate,Construction,Fall River,341165.28,115386.72,225778.56,22633.15,23084.57,451.43,1,On Time,No,N/A,800000,0.4265,Compliant
MA-012317,Northern Construction Co,2025,Sales/Use,Construction,Fall River,899141.11,303642.43,595498.68,37218.67,41891.02,4672.36,15,On Time,No,N/A,800000,1.1239,Compliant
MA-012318,Patriot Professional Services LLC,2023,Meals,Construction,Worcester,455463.76,168636.28,286827.48,20077.92,29978.34,9900.41,1,Late,No,N/A,800000,0.5693,Underpaid
MA-012319,Federal Healthcare Group,2025,Income,Restaurant,Quincy,548991.99,121942.06,427049.93,38785.59,34990.41,0.0,1,Amended,No,N/A,450000,1.22,Compliant
MA-012320,Liberty Auto Repair Ventures,2024,Rooms Occupancy,Retail,Quincy,191761.68,46096.71,145664.96,8375.74,8429.72,53.98,1,Amended,No,N/A,600000,0.3196,Compliant
MA-012321,Coastal Hospitality Ventures,2025,Sales/Use,Retail,Lynn,0.0,0.0,0.0,0.0,37576.2,37576.2,10,Not Filed,No,N/A,600000,0.0,Non-Filer
MA-012322,Northern Manufacturing Solutions,2022,Income,Retail,Springfield,573784.82,140680.11,433104.71,32197.18,29494.68,0.0,13,On Time,No,N/A,600000,0.9563,Compliant
MA-012323,Eastern Real Estate Group,2023,Corporate,Restaurant,Lowell,551586.64,111155.26,440431.38,33007.32,33954.39,947.07,14,On Time,No,N/A,450000,1.2257,Compliant
MA-012324,Atlantic Healthcare Inc,2023,Corporate,Professional Services,Worcester,258938.98,113929.97,145009.01,11262.69,16371.84,5109.15,2,On Time,Yes,Compliant,500000,0.5179,Compliant
MA-012325,Pilgrim Auto Repair Corp,2024,Income,Retail,Cambridge,289145.3,84003.11,205142.19,13522.25,13839.98,317.72,2,On Time,No,N/A,600000,0.4819,Compliant
MA-012326,Valley Manufacturing Group,2025,Corporate,Healthcare,Chelsea,1107632.97,379973.08,727659.9,43822.16,46795.54,2973.38,16,On Time,No,N/A,1200000,0.923,Compliant
MA-012327,Northern Hospitality Partners,2025,Sales/Use,Restaurant,Boston,309600.89,135726.0,173874.89,10867.18,22025.45,11158.27,8,On Time,No,N/A,450000,0.688,Underpaid
MA-012328,Atlantic Auto Repair Holdings,2024,Income,Hospitality,Boston,414022.75,63893.69,350129.06,18559.39,17740.39,0.0,16,Amended,No,N/A,350000,1.1829,Compliant
MA-012329,Harbor Healthcare Inc,2023,Income,Professional Services,Cambridge,427259.38,123863.05,303396.33,35590.94,35476.62,0.0,1,On Time,No,N/A,500000,0.8545,Compliant
MA-012330,Northern Auto Repair Co,2023,Sales/Use,Restaurant,Quincy,497442.96,221101.93,276341.02,17271.31,21226.36,3955.05,2,On Time,No,N/A,450000,1.1054,Compliant
MA-012331,Pioneer Manufacturing Services,2022,Corporate,Retail,Boston,641031.5,122640.88,518390.62,42973.14,50832.84,7859.69,9,On Time,Yes,Fraud,600000,1.0684,Underpaid
MA-012332,Valley Healthcare Enterprise,2023,Corporate,Restaurant,Chelsea,369717.34,136499.16,233218.18,17431.61,22700.86,5269.25,2,On Time,No,N/A,450000,0.8216,Compliant
MA-012333,Pioneer Restaurant Services,2022,Income,Restaurant,Worcester,544149.46,102664.34,441485.12,35340.53,36407.08,1066.55,6,On Time,No,N/A,450000,1.2092,Compliant
MA-012334,Cape Healthcare Co,2023,Special Fuels,Restaurant,Springfield,362445.94,111881.31,250564.63,60135.51,72117.1,11981.59,12,On Time,No,N/A,450000,0.8054,Compliant
MA-012335,Colonial Auto Repair Holdings,2024,Rooms Occupancy,Professional Services,Lowell,335675.71,61904.78,273770.93,15741.83,15176.07,0.0,4,Not Filed,No,N/A,500000,0.6714,Compliant
MA-012336,Pilgrim Healthcare Associates,2022,Meals,Hospitality,Chelsea,424937.33,178454.81,246482.52,17253.78,22926.59,5672.81,1,Late,No,N/A,350000,1.2141,Compliant
MA-012337,Beacon Retail Partners,2023,Corporate,Healthcare,New Bedford,1361261.88,307395.1,1053866.77,122249.3,124681.51,2432.21,12,Amended,No,N/A,1200000,1.1344,Compliant
MA-012338,Metro Manufacturing Enterprise,2024,Income,Retail,Springfield,728428.91,181203.5,547225.41,52485.58,55147.28,2661.7,4,Late,No,N/A,600000,1.214,Compliant
MA-012339,Patriot Auto Repair Corp,2022,Sales/Use,Healthcare,Springfield,1456230.88,357294.02,1098936.86,68683.55,78136.07,9452.51,23,On Time,No,N/A,1200000,1.2135,Compliant
MA-012340,Liberty Hospitality Inc,2025,Special Fuels,Manufacturing,Chelsea,1132657.25,454124.4,678532.85,162847.88,328220.72,165372.84,25,Late,No,N/A,1500000,0.7551,Underpaid
MA-012341,Colonial Professional Services Holdings,2022,Income,Professional Services,New Bedford,480555.6,165492.05,315063.55,29778.95,34788.66,5009.71,2,On Time,No,N/A,500000,0.9611,Compliant
MA-012342,Atlantic Construction Inc,2024,Meals,Professional Services,Somerville,752539.14,309376.23,443162.91,31021.4,43379.68,12358.28,6,Not Filed,No,N/A,500000,1.5051,Compliant
MA-012343,Colonial Professional Services Holdings,2023,Rooms Occupancy,Manufacturing,Boston,785612.48,226965.06,558647.42,32122.23,40021.84,7899.61,15,On Time,No,N/A,1500000,0.5237,Underpaid
MA-012344,Colonial Hospitality Co,2025,Income,Restaurant,Boston,321916.97,72887.84,249029.13,29253.17,26776.44,0.0,1,On Time,No,N/A,450000,0.7154,Compliant
MA-012345,Federal Professional Services Co,2025,Meals,Manufacturing,Boston,801487.2,324493.07,476994.13,33389.59,42930.86,9541.27,7,Late,No,N/A,1500000,0.5343,Compliant
MA-012346,Summit Auto Repair Enterprise,2024,Income,Restaurant,Somerville,288522.23,119386.02,169136.21,8991.91,16347.87,7355.96,6,Late,No,N/A,450000,0.6412,Underpaid
MA-012347,Bay State Professional Services Partners,2022,Corporate,Construction,Worcester,919144.25,357771.65,561372.6,36851.29,50464.73,13613.44,16,On Time,No,N/A,800000,1.1489,Underpaid
MA-012348,Colonial Professional Services Holdings,2024,Corporate,Construction,Somerville,428061.6,114171.04,313890.56,27768.16,42986.06,15217.91,8,Late,No,N/A,800000,0.5351,Underpaid
MA-012349,Commonwealth Hospitality Ventures,2022,Rooms Occupancy,Real Estate,Chelsea,862988.38,172913.55,690074.83,39679.3,39339.33,0.0,16,On Time,No,N/A,700000,1.2328,Compliant
MA-012350,Pioneer Healthcare Holdings,2022,Meals,Retail,Cambridge,622668.4,220566.34,402102.06,28147.14,36587.34,8440.19,5,Amended,No,N/A,600000,1.0378,Compliant
MA-012351,Pioneer Healthcare Holdings,2023,Sales/Use,Professional Services,Quincy,107382.46,45181.3,62201.17,3887.57,14094.44,10206.87,1,On Time,No,N/A,500000,0.2148,Suspicious
MA-012352,Harbor Restaurant Group,2025,Meals,Professional Services,Chelsea,364514.11,66173.8,298340.3,20883.82,29019.42,8135.6,10,Amended,No,N/A,500000,0.729,Underpaid
MA-012353,Bay State Manufacturing Corp,2023,Meals,Construction,Boston,977199.52,298744.25,678455.28,47491.87,53099.53,5607.66,11,On Time,No,N/A,800000,1.2215,Compliant
MA-012354,Federal Professional Services Ventures,2025,Special Fuels,Construction,New Bedford,1254708.64,480280.76,774427.88,185862.69,192453.94,6591.25,12,On Time,No,N/A,800000,1.5684,Compliant
MA-012355,Pilgrim Auto Repair Partners,2022,Rooms Occupancy,Professional Services,Boston,677820.32,226827.8,450992.52,25932.07,25266.94,0.0,8,On Time,No,N/A,500000,1.3556,Compliant
MA-012356,Pioneer Real Estate Enterprise,2024,Income,Auto Repair,Lowell,107106.25,44006.16,63100.1,4522.98,14193.49,9670.51,5,On Time,No,N/A,300000,0.357,Suspicious
MA-012357,Central Restaurant Enterprise,2025,Meals,Construction,Chelsea,602655.05,208673.92,393981.13,27578.68,51065.34,23486.67,13,On Time,No,N/A,800000,0.7533,Underpaid
MA-012358,Atlantic Manufacturing Inc,2022,Sales/Use,Retail,Chelsea,625638.76,190580.68,435058.07,27191.13,25644.7,0.0,7,On Time,No,N/A,600000,1.0427,Compliant
MA-012359,Eastern Hospitality Solutions,2022,Meals,Real Estate,Lowell,936099.7,260945.27,675154.43,47260.81,67983.31,20722.5,22,Late,No,N/A,700000,1.3373,Underpaid
MA-012360,Summit Restaurant LLC,2024,Sales/Use,Construction,Boston,581243.58,170354.01,410889.57,25680.6,50087.01,24406.41,13,On Time,No,N/A,800000,0.7266,Underpaid
MA-012361,Metro Restaurant Corp,2023,Corporate,Real Estate,Lowell,551427.23,196314.98,355112.25,29338.65,51784.2,22445.55,14,Not Filed,Yes,Compliant,700000,0.7878,Underpaid
MA-012362,Cape Professional Services Enterprise,2022,Sales/Use,Professional Services,Boston,508949.83,99033.32,409916.5,25619.78,25567.88,0.0,4,On Time,No,N/A,500000,1.0179,Compliant
MA-012363,Summit Healthcare Solutions,2025,Rooms Occupancy,Retail,Boston,610318.03,152524.09,457793.94,26323.15,23392.35,0.0,1,On Time,No,N/A,600000,1.0172,Compliant
MA-012364,Summit Construction Partners,2025,Special Fuels,Retail,Fall River,630148.61,221365.87,408782.74,98107.86,120790.06,22682.2,5,On Time,Yes,Compliant,600000,1.0502,Compliant
MA-012365,Liberty Healthcare Associates,2023,Income,Restaurant,Chelsea,659610.97,182820.6,476790.37,44277.71,43039.82,0.0,8,On Time,No,N/A,450000,1.4658,Compliant
MA-012366,Colonial Construction Solutions,2025,Corporate,Professional Services,Worcester,272858.5,50223.38,222635.12,15050.88,15681.29,630.41,3,Amended,No,N/A,500000,0.5457,Compliant
MA-012367,Coastal Healthcare Solutions,2024,Corporate,Retail,Lynn,377494.0,119025.25,258468.74,17433.64,18910.75,1477.11,7,Late,Yes,Compliant,600000,0.6292,Compliant
MA-012368,Colonial Professional Services Holdings,2025,Meals,Construction,New Bedford,515521.34,101117.66,414403.68,29008.26,41994.94,12986.68,15,On Time,No,N/A,800000,0.6444,Underpaid
MA-012369,Harbor Healthcare Associates,2022,Sales/Use,Healthcare,Boston,888724.48,227344.92,661379.56,41336.22,39530.0,0.0,11,On Time,No,N/A,1200000,0.7406,Compliant
MA-012370,Pilgrim Real Estate Group,2024,Rooms Occupancy,Retail,Worcester,333721.71,92978.6,240743.11,13842.73,14102.73,260.0,7,On Time,No,N/A,600000,0.5562,Compliant
MA-012371,Central Real Estate Solutions,2023,Corporate,Healthcare,Fall River,1457914.17,302525.72,1155388.45,116257.77,118637.89,2380.12,20,On Time,No,N/A,1200000,1.2149,Compliant
MA-012372,Patriot Hospitality Group,2023,Income,Construction,Boston,676342.59,270904.86,405437.74,47177.87,71274.25,24096.38,12,On Time,No,N/A,800000,0.8454,Underpaid
MA-012373,Southern Auto Repair Services,2022,Income,Restaurant,Lynn,312837.48,84504.7,228332.78,18735.57,41307.24,22571.67,7,On Time,No,N/A,450000,0.6952,Suspicious
MA-012374,Colonial Professional Services Services,2022,Rooms Occupancy,Auto Repair,Springfield,299923.19,97536.7,202386.49,11637.22,14586.53,2949.31,1,On Time,No,N/A,300000,0.9997,Compliant
MA-012375,Patriot Healthcare Services,2023,Corporate,Restaurant,Springfield,228747.29,47600.3,181146.99,12071.08,15187.16,3116.08,4,On Time,No,N/A,450000,0.5083,Underpaid
MA-012376,Harbor Restaurant Group,2023,Income,Professional Services,Brockton,512027.28,94081.16,417946.12,45768.05,61603.57,15835.52,7,Amended,No,N/A,500000,1.0241,Underpaid
MA-012377,Coastal Manufacturing Holdings,2022,Income,Restaurant,Lynn,403549.56,116621.91,286927.65,29381.92,34544.52,5162.6,3,On Time,No,N/A,450000,0.8968,Compliant
MA-012378,Cape Hospitality LLC,2025,Corporate,Retail,Lowell,132453.51,27557.58,104895.93,6410.67,21633.69,15223.02,7,Amended,No,N/A,600000,0.2208,Suspicious
MA-012379,Pioneer Healthcare Solutions,2023,Income,Professional Services,Boston,239748.79,54568.23,185180.56,18380.69,17773.41,0.0,9,Not Filed,No,N/A,500000,0.4795,Compliant
MA-012380,Northern Real Estate Partners,2022,Corporate,Restaurant,Quincy,194646.26,54107.01,140539.26,15195.39,30174.69,14979.3,7,On Time,No,N/A,450000,0.4325,Underpaid
MA-012381,Cape Real Estate Inc,2023,Special Fuels,Healthcare,Lynn,689632.29,155293.14,534339.14,128241.39,124732.23,0.0,11,On Time,No,N/A,1200000,0.5747,Compliant
MA-012382,Summit Restaurant LLC,2024,Meals,Retail,Springfield,754616.65,125158.7,629457.95,44062.06,39234.24,0.0,11,On Time,Yes,Compliant,600000,1.2577,Compliant
MA-012383,Bay State Retail Services,2024,Rooms Occupancy,Construction,Springfield,506624.9,153910.04,352714.86,20281.1,18813.99,0.0,7,On Time,No,N/A,800000,0.6333,Compliant
MA-012384,Atlantic Construction Ventures,2025,Sales/Use,Professional Services,Boston,282503.02,115743.19,166759.83,10422.49,14982.1,4559.61,2,On Time,No,N/A,500000,0.565,Compliant
MA-012385,Pioneer Healthcare Partners,2025,Sales/Use,Construction,Worcester,634559.11,254965.21,379593.9,23724.62,50018.17,26293.55,17,On Time,No,N/A,800000,0.7932,Underpaid
MA-012386,Commonwealth Healthcare Enterprise,2024,Sales/Use,Real Estate,Somerville,705463.5,295779.75,409683.75,25605.23,29646.36,4041.13,3,On Time,No,N/A,700000,1.0078,Compliant
MA-012387,Patriot Auto Repair Associates,2023,Sales/Use,Real Estate,Boston,890551.33,345125.13,545426.2,34089.14,44849.27,10760.13,10,On Time,No,N/A,700000,1.2722,Compliant
MA-012388,Pilgrim Professional Services Holdings,2022,Income,Real Estate,Chelsea,34243.47,5148.59,29094.88,2502.47,7273.91,4771.45,5,On Time,No,N/A,700000,0.0489,Suspicious
MA-012389,Atlantic Healthcare Inc,2025,Income,Hospitality,Boston,196608.29,78270.36,118337.93,6399.13,15104.98,8705.85,10,On Time,No,N/A,350000,0.5617,Underpaid
MA-012390,Valley Hospitality Associates,2025,Corporate,Healthcare,Springfield,746171.74,130558.6,615613.14,33095.12,26832.69,0.0,1,On Time,Yes,Underpaid,1200000,0.6218,Compliant
MA-012391,Bay State Professional Services Partners,2022,Sales/Use,Healthcare,Boston,732446.49,148674.3,583772.19,36485.76,63577.76,27092.0,17,On Time,Yes,Fraud,1200000,0.6104,Underpaid
MA-012392,Cape Manufacturing Services,2023,Meals,Healthcare,Boston,501834.58,224283.51,277551.07,19428.57,29899.78,10471.21,1,On Time,No,N/A,1200000,0.4182,Compliant
MA-012393,Harbor Healthcare Corp,2025,Meals,Construction,Quincy,1213720.01,495232.57,718487.45,50294.12,89180.22,38886.1,18,On Time,No,N/A,800000,1.5172,Underpaid
MA-012394,Cape Professional Services Ventures,2025,Meals,Healthcare,Worcester,895578.63,174999.98,720578.64,50440.51,74942.29,24501.79,15,On Time,No,N/A,1200000,0.7463,Underpaid
MA-012395,Coastal Construction Ventures,2022,Sales/Use,Manufacturing,Worcester,447990.43,163803.05,284187.38,17761.71,21657.57,3895.85,4,On Time,Yes,Compliant,1500000,0.2987,Compliant
MA-012396,Cape Real Estate Enterprise,2023,Rooms Occupancy,Professional Services,Worcester,331810.18,72643.48,259166.7,14902.09,19791.24,4889.15,3,On Time,No,N/A,500000,0.6636,Underpaid
MA-012397,Commonwealth Restaurant Enterprise,2025,Meals,Manufacturing,New Bedford,1183217.81,449784.57,733433.25,51340.33,85742.52,34402.19,19,On Time,No,N/A,1500000,0.7888,Underpaid
MA-012398,Harbor Auto Repair Holdings,2025,Meals,Retail,Fall River,562177.62,134631.65,427545.98,29928.22,28139.62,0.0,1,On Time,No,N/A,600000,0.937,Compliant
MA-012399,Bay State Manufacturing Corp,2022,Sales/Use,Restaurant,Worcester,366569.57,73781.16,292788.42,18299.28,22979.59,4680.32,1,Not Filed,No,N/A,450000,0.8146,Underpaid
MA-012400,Liberty Healthcare Holdings,2025,Income,Construction,Worcester,180150.01,34878.33,145271.69,11751.9,10945.11,0.0,6,On Time,Yes,Compliant,800000,0.2252,Compliant
MA-012401,Summit Auto Repair Enterprise,2024,Sales/Use,Professional Services,Boston,0.0,0.0,0.0,0.0,26404.15,26404.15,7,Not Filed,No,N/A,500000,0.0,Non-Filer
MA-012402,Central Professional Services Solutions,2023,Sales/Use,Healthcare,Lowell,646754.59,119866.48,526888.11,32930.51,28753.5,0.0,4,On Time,Yes,Compliant,1200000,0.539,Compliant
MA-012403,Pilgrim Retail Ventures,2022,Income,Professional Services,Boston,459796.81,126709.58,333087.23,20265.17,20017.01,0.0,1,On Time,No,N/A,500000,0.9196,Compliant
MA-012404,Liberty Manufacturing Partners,2024,Corporate,Professional Services,Boston,369706.83,151920.58,217786.26,25024.97,28071.95,3046.97,7,On Time,No,N/A,500000,0.7394,Compliant
MA-012405,Coastal Healthcare Solutions,2024,Special Fuels,Restaurant,Chelsea,679293.23,158962.94,520330.29,124879.27,125751.68,872.41,6,Not Filed,Yes,Compliant,450000,1.5095,Compliant
MA-012406,Liberty Restaurant Inc,2024,Income,Retail,Springfield,453837.38,103781.33,350056.05,19426.92,33912.92,14486.01,1,On Time,No,N/A,600000,0.7564,Underpaid
MA-012407,Federal Restaurant Services,2023,Meals,Restaurant,Worcester,207686.99,88442.44,119244.55,8347.12,28676.24,20329.12,2,On Time,No,N/A,450000,0.4615,Suspicious
MA-012408,Eastern Real Estate LLC,2025,Corporate,Healthcare,Cambridge,1290920.82,368655.65,922265.17,65152.29,78143.96,12991.67,15,On Time,No,N/A,1200000,1.0758,Compliant
MA-012409,Pilgrim Healthcare Associates,2023,Special Fuels,Restaurant,Chelsea,296408.53,130054.67,166353.87,39924.93,118674.25,78749.32,3,Not Filed,No,N/A,450000,0.6587,Suspicious
MA-012410,Patriot Hospitality Ventures,2023,Special Fuels,Retail,Somerville,732980.39,134328.9,598651.49,143676.36,118743.0,0.0,7,On Time,No,N/A,600000,1.2216,Compliant
MA-012411,Federal Restaurant Services,2023,Corporate,Construction,Fall River,505788.76,215636.25,290152.51,15927.45,32136.25,16208.79,8,Late,No,N/A,800000,0.6322,Underpaid
MA-012412,Metro Retail Corp,2023,Sales/Use,Construction,New Bedford,305089.37,84102.67,220986.7,13811.67,24834.1,11022.43,6,Not Filed,No,N/A,800000,0.3814,Underpaid
MA-012413,Cape Restaurant Group,2022,Income,Hospitality,Somerville,356996.72,79389.55,277607.17,14907.51,12553.92,0.0,5,Late,No,N/A,350000,1.02,Compliant
MA-012414,Summit Real Estate Associates,2025,Sales/Use,Restaurant,Quincy,447035.07,107053.92,339981.15,21248.82,19535.3,0.0,9,On Time,No,N/A,450000,0.9934,Compliant
MA-012415,Valley Professional Services Solutions,2023,Meals,Restaurant,Boston,559943.7,175463.53,384480.17,26913.61,33484.73,6571.11,2,On Time,No,N/A,450000,1.2443,Compliant
MA-012416,Atlantic Restaurant Inc,2025,Rooms Occupancy,Healthcare,Fall River,547841.48,223809.59,324031.9,18631.83,69738.05,51106.22,13,On Time,No,N/A,1200000,0.4565,Suspicious
MA-012417,Eastern Manufacturing LLC,2024,Sales/Use,Retail,Springfield,726790.44,229151.65,497638.8,31102.42,33436.54,2334.12,12,On Time,No,N/A,600000,1.2113,Compliant
MA-012418,Liberty Healthcare Ventures,2025,Sales/Use,Restaurant,Boston,56311.53,24534.13,31777.4,1986.09,8119.18,6133.09,2,On Time,No,N/A,450000,0.1251,Suspicious
MA-012419,Summit Auto Repair Enterprise,2023,Corporate,Professional Services,Cambridge,0.0,0.0,0.0,0.0,17883.55,17883.55,1,Not Filed,No,N/A,500000,0.0,Non-Filer
MA-012420,Beacon Professional Services Holdings,2025,Income,Professional Services,Brockton,446097.24,166723.33,279373.91,31920.56,68642.18,36721.62,6,Late,No,N/A,500000,0.8922,Underpaid
MA-012421,Cape Professional Services Ventures,2025,Income,Construction,Springfield,554039.44,173122.68,380916.76,36734.91,42110.27,5375.36,7,On Time,No,N/A,800000,0.6925,Compliant
MA-012422,Colonial Restaurant Ventures,2023,Special Fuels,Construction,New Bedford,0.0,0.0,0.0,0.0,178075.38,178075.38,11,Not Filed,No,N/A,800000,0.0,Non-Filer
MA-012423,Federal Hospitality Holdings,2025,Sales/Use,Construction,Boston,1117928.02,381568.99,736359.03,46022.44,56101.88,10079.44,17,On Time,No,N/A,800000,1.3974,Compliant
MA-012424,Valley Restaurant Associates,2025,Sales/Use,Manufacturing,Somerville,398274.86,137449.52,260825.34,16301.58,17417.92,1116.34,2,On Time,No,N/A,1500000,0.2655,Compliant
MA-012425,Northern Restaurant Partners,2022,Meals,Construction,Lowell,622383.12,202401.09,419982.03,29398.74,35641.08,6242.33,10,On Time,No,N/A,800000,0.778,Compliant
MA-012426,Federal Real Estate Corp,2023,Sales/Use,Manufacturing,Boston,148766.03,63498.44,85267.59,5329.22,9912.7,4583.47,15,On Time,No,N/A,1500000,0.0992,Underpaid
MA-012427,Eastern Real Estate LLC,2023,Sales/Use,Manufacturing,Boston,1749719.58,579313.53,1170406.05,73150.38,76364.02,3213.64,22,On Time,No,N/A,1500000,1.1665,Compliant
MA-012428,Coastal Real Estate Ventures,2025,Rooms Occupancy,Real Estate,Fall River,986987.74,435577.23,551410.51,31706.1,42497.74,10791.63,24,On Time,No,N/A,700000,1.41,Compliant
MA-012429,Patriot Hospitality Group,2024,Sales/Use,Retail,Chelsea,776289.34,312396.43,463892.91,28993.31,31580.51,2587.2,14,Amended,No,N/A,600000,1.2938,Compliant
MA-012430,Patriot Retail Partners,2024,Special Fuels,Healthcare,Worcester,1218247.17,251231.43,967015.74,232083.78,244745.88,12662.1,14,On Time,No,N/A,1200000,1.0152,Compliant
MA-012431,Patriot Manufacturing LLC,2024,Corporate,Real Estate,Boston,221561.18,33936.58,187624.6,20531.96,42714.29,22182.34,3,On Time,No,N/A,700000,0.3165,Suspicious
MA-012432,Beacon Hospitality Holdings,2024,Sales/Use,Healthcare,Lynn,917106.35,312599.38,604506.97,37781.69,42273.98,4492.3,4,On Time,No,N/A,1200000,0.7643,Compliant
MA-012433,Eastern Healthcare Solutions,2023,Income,Restaurant,Lynn,272995.4,118369.91,154625.48,13130.17,25199.4,12069.24,1,On Time,No,N/A,450000,0.6067,Underpaid
MA-012434,Northern Manufacturing Solutions,2022,Corporate,Healthcare,Boston,1339956.67,216345.76,1123610.92,109165.65,81927.68,0.0,15,Amended,No,N/A,1200000,1.1166,Compliant
MA-012435,Colonial Professional Services Holdings,2023,Meals,Retail,Springfield,637939.67,181784.44,456155.23,31930.87,35988.47,4057.6,5,On Time,No,N/A,600000,1.0632,Compliant
MA-012436,Commonwealth Healthcare Group,2025,Corporate,Restaurant,Worcester,949495.95,332642.39,616853.56,43615.9,42399.9,0.0,18,On Time,No,N/A,450000,2.11,Compliant
MA-012437,Colonial Professional Services Enterprise,2022,Special Fuels,Retail,Chelsea,357703.57,95155.16,262548.41,63011.62,62132.33,0.0,5,On Time,No,N/A,600000,0.5962,Compliant
MA-012438,Liberty Restaurant Solutions,2024,Corporate,Construction,Worcester,644899.69,230167.05,414732.64,24539.19,24825.21,286.01,2,On Time,No,N/A,800000,0.8061,Compliant
MA-012439,Federal Real Estate Holdings,2023,Rooms Occupancy,Restaurant,Lynn,244341.43,100693.07,143648.36,8259.78,10421.95,2162.17,5,Late,No,N/A,450000,0.543,Compliant
MA-012440,Summit Manufacturing Partners,2024,Corporate,Restaurant,Brockton,358359.99,58093.04,300266.95,31971.92,30473.92,0.0,9,On Time,No,N/A,450000,0.7964,Compliant
MA-012441,Federal Professional Services Ventures,2022,Corporate,Manufacturing,Quincy,1956990.33,326827.27,1630163.06,175368.71,167028.15,0.0,31,Late,No,N/A,1500000,1.3047,Compliant
MA-012442,Metro Auto Repair Partners,2024,Meals,Restaurant,Lynn,233496.52,104980.15,128516.37,8996.15,17198.8,8202.66,6,On Time,No,N/A,450000,0.5189,Underpaid
MA-012443,Metro Healthcare Ventures,2022,Sales/Use,Hospitality,Fall River,428095.41,69195.44,358899.97,22431.25,18800.95,0.0,2,Late,No,N/A,350000,1.2231,Compliant
MA-012444,Pioneer Real Estate Partners,2022,Sales/Use,Retail,Chelsea,175377.53,74347.7,101029.83,6314.36,23181.7,16867.34,13,On Time,No,N/A,600000,0.2923,Suspicious
MA-012445,Liberty Real Estate Co,2025,Corporate,Professional Services,Quincy,149349.66,65707.99,83641.67,4848.69,21638.02,16789.33,9,On Time,No,N/A,500000,0.2987,Suspicious
MA-012446,Valley Construction Solutions,2024,Meals,Professional Services,Boston,361430.25,121810.6,239619.64,16773.38,17535.61,762.23,1,On Time,No,N/A,500000,0.7229,Compliant
MA-012447,Metro Manufacturing Enterprise,2023,Income,Construction,Springfield,605036.41,95460.21,509576.2,31379.55,32263.41,883.86,7,Late,No,N/A,800000,0.7563,Compliant
MA-012448,Metro Manufacturing Enterprise,2022,Income,Retail,Boston,369128.85,123813.46,245315.38,28592.77,37898.35,9305.58,4,On Time,No,N/A,600000,0.6152,Compliant
MA-012449,Harbor Auto Repair Holdings,2025,Corporate,Construction,Boston,282209.87,90782.33,191427.55,18631.07,19313.39,682.31,1,Late,Yes,Compliant,800000,0.3528,Compliant
MA-012450,Northern Professional Services Associates,2023,Corporate,Professional Services,Boston,636927.19,263879.23,373047.96,35000.28,43808.69,8808.41,10,On Time,No,N/A,500000,1.2739,Compliant
MA-012451,Southern Restaurant Partners,2022,Sales/Use,Real Estate,New Bedford,189818.22,59670.64,130147.58,8134.22,27744.7,19610.48,2,On Time,No,N/A,700000,0.2712,Suspicious
MA-012452,Northern Manufacturing Solutions,2022,Corporate,Hospitality,Fall River,220798.43,46761.42,174037.02,10637.52,9662.72,0.0,1,Late,No,N/A,350000,0.6309,Compliant
MA-012453,Atlantic Construction Group,2025,Sales/Use,Retail,Fall River,757649.17,221555.39,536093.78,33505.86,35161.95,1656.08,13,Not Filed,Yes,Compliant,600000,1.2627,Compliant
MA-012454,Metro Healthcare Group,2025,Income,Construction,Fall River,505709.23,107559.43,398149.8,30898.88,34505.91,3607.02,2,On Time,No,N/A,800000,0.6321,Underpaid
MA-012455,Summit Construction Partners,2022,Income,Real Estate,Cambridge,522950.55,211306.32,311644.23,16257.98,32505.32,16247.34,5,Late,No,N/A,700000,0.7471,Underpaid
MA-012456,Patriot Hospitality Group,2025,Income,Healthcare,Brockton,977348.84,324734.55,652614.29,51022.4,56699.37,5676.97,19,Amended,No,N/A,1200000,0.8145,Compliant
MA-012457,Harbor Professional Services Inc,2023,Income,Construction,Lowell,595109.42,177310.28,417799.14,42595.99,84029.4,41433.41,13,On Time,No,N/A,800000,0.7439,Underpaid
MA-012458,Eastern Real Estate Associates,2022,Meals,Manufacturing,Chelsea,837937.9,171594.35,666343.55,46644.05,47802.68,1158.63,11,On Time,No,N/A,1500000,0.5586,Compliant
MA-012459,Southern Manufacturing Co,2025,Rooms Occupancy,Manufacturing,Springfield,1539842.3,486001.68,1053840.62,60595.84,84726.54,24130.7,23,On Time,No,N/A,1500000,1.0266,Underpaid
MA-012460,Harbor Healthcare Enterprise,2025,Sales/Use,Retail,Worcester,302408.3,94509.18,207899.12,12993.7,38698.24,25704.54,17,On Time,No,N/A,600000,0.504,Suspicious
MA-012461,Pioneer Auto Repair Group,2024,Income,Healthcare,Worcester,1526439.04,666206.08,860232.95,90084.12,128393.34,38309.22,24,On Time,No,N/A,1200000,1.272,Underpaid
MA-012462,Eastern Professional Services Partners,2025,Meals,Construction,Boston,404487.17,120016.08,284471.09,19912.98,52667.61,32754.63,19,On Time,No,N/A,800000,0.5056,Suspicious
MA-012463,Metro Retail Ventures,2022,Income,Professional Services,Boston,566327.42,146807.74,419519.68,30114.83,31912.32,1797.49,4,On Time,No,N/A,500000,1.1327,Compliant
MA-012464,Liberty Hospitality Inc,2024,Rooms Occupancy,Construction,New Bedford,638043.53,103093.38,534950.16,30759.63,30778.58,18.95,9,On Time,No,N/A,800000,0.7976,Compliant
MA-012465,Metro Professional Services LLC,2025,Corporate,Retail,Boston,335115.25,101828.56,233286.69,13475.47,13720.37,244.89,3,On Time,No,N/A,600000,0.5585,Compliant
MA-012466,Commonwealth Hospitality LLC,2024,Corporate,Restaurant,Springfield,587963.6,161232.2,426731.4,32723.74,39092.07,6368.33,1,On Time,No,N/A,450000,1.3066,Compliant
MA-012467,Federal Auto Repair Associates,2022,Corporate,Restaurant,Boston,697063.87,268235.92,428827.96,31698.39,35603.68,3905.3,14,On Time,No,N/A,450000,1.549,Compliant
MA-012468,Harbor Restaurant LLC,2025,Income,Real Estate,Quincy,599864.32,256423.89,343440.44,39844.58,44513.78,4669.2,10,Not Filed,No,N/A,700000,0.8569,Compliant
MA-012469,Colonial Auto Repair Holdings,2022,Income,Construction,Boston,506042.5,180047.74,325994.76,22707.71,43651.4,20943.68,16,On Time,No,N/A,800000,0.6326,Underpaid
MA-012470,Pioneer Healthcare Holdings,2023,Income,Professional Services,Fall River,707700.16,242782.66,464917.5,27726.13,30303.2,2577.06,1,Amended,Yes,Compliant,500000,1.4154,Compliant
MA-012471,Federal Hospitality Services,2024,Corporate,Construction,Fall River,1011051.79,444631.86,566419.93,45965.8,53515.35,7549.55,11,On Time,No,N/A,800000,1.2638,Compliant
MA-012472,Summit Healthcare Solutions,2022,Corporate,Manufacturing,Boston,1056324.01,468957.25,587366.76,53440.62,111952.34,58511.73,15,On Time,No,N/A,1500000,0.7042,Underpaid
MA-012473,Metro Retail Ventures,2024,Sales/Use,Healthcare,Boston,1882515.41,673850.2,1208665.22,75541.58,94734.32,19192.74,28,On Time,No,N/A,1200000,1.5688,Compliant
MA-012474,Beacon Hospitality Solutions,2024,Income,Manufacturing,Boston,608411.08,239644.37,368766.72,19314.09,42130.8,22816.7,7,On Time,No,N/A,1500000,0.4056,Suspicious
MA-012475,Summit Manufacturing Partners,2024,Sales/Use,Construction,Chelsea,498289.08,127870.86,370418.22,23151.14,33914.81,10763.67,10,On Time,No,N/A,800000,0.6229,Underpaid
MA-012476,Coastal Retail Co,2022,Income,Construction,Worcester,889094.24,391873.57,497220.67,54262.62,78411.65,24149.04,17,Late,No,N/A,800000,1.1114,Compliant
MA-012477,Southern Retail Co,2022,Income,Construction,Somerville,1016862.0,329450.57,687411.44,72055.1,77237.36,5182.27,17,Not Filed,No,N/A,800000,1.2711,Compliant
MA-012478,Commonwealth Hospitality LLC,2025,Income,Restaurant,Worcester,482176.43,112612.0,369564.43,37422.02,36826.97,0.0,1,On Time,No,N/A,450000,1.0715,Compliant
MA-012479,Cape Manufacturing Group,2022,Income,Professional Services,Lowell,485500.55,91096.89,394403.66,39380.1,36810.77,0.0,11,On Time,No,N/A,500000,0.971,Compliant
MA-012480,Atlantic Healthcare Holdings,2023,Sales/Use,Construction,Somerville,379291.92,163843.87,215448.06,13465.5,38719.8,25254.29,12,Amended,No,N/A,800000,0.4741,Suspicious
MA-012481,Pioneer Real Estate Enterprise,2023,Income,Professional Services,Brockton,347971.05,144790.6,203180.45,22844.72,40291.31,17446.59,1,Late,No,N/A,500000,0.6959,Underpaid
MA-012482,Valley Manufacturing Inc,2024,Corporate,Restaurant,Cambridge,433862.79,150925.0,282937.79,15103.06,18940.06,3837.0,6,On Time,No,N/A,450000,0.9641,Compliant
MA-012483,Colonial Retail Enterprise,2025,Special Fuels,Retail,Lowell,471692.87,195780.58,275912.29,66218.95,79242.67,13023.72,4,Late,Yes,Compliant,600000,0.7862,Compliant
MA-012484,Northern Healthcare LLC,2024,Income,Real Estate,Springfield,184329.13,59548.88,124780.26,7252.17,20726.38,13474.21,11,Not Filed,Yes,Compliant,700000,0.2633,Suspicious
MA-012485,Valley Retail Services,2022,Sales/Use,Retail,Springfield,555082.9,159443.66,395639.25,24727.45,23333.67,0.0,14,Amended,No,N/A,600000,0.9251,Compliant
MA-012486,Summit Manufacturing Partners,2024,Corporate,Manufacturing,Quincy,2314555.17,682460.04,1632095.13,115009.55,114098.57,0.0,27,On Time,No,N/A,1500000,1.543,Compliant
MA-012487,Atlantic Hospitality Solutions,2022,Corporate,Construction,Boston,489224.09,87298.14,401925.94,22531.26,20079.77,0.0,1,On Time,No,N/A,800000,0.6115,Compliant
MA-012488,Valley Manufacturing Inc,2023,Income,Manufacturing,Chelsea,0.0,0.0,0.0,0.0,46188.95,46188.95,2,Not Filed,No,N/A,1500000,0.0,Non-Filer
MA-012489,Coastal Real Estate Solutions,2023,Rooms Occupancy,Restaurant,Springfield,488621.56,126211.99,362409.57,20838.55,31622.49,10783.94,8,Not Filed,No,N/A,450000,1.0858,Underpaid
MA-012490,Southern Retail Corp,2022,Income,Manufacturing,Lowell,1028191.75,460534.54,567657.21,47153.61,96239.68,49086.06,10,Late,No,N/A,1500000,0.6855,Underpaid
MA-012491,Atlantic Restaurant Solutions,2023,Income,Hospitality,Boston,208956.42,78472.39,130484.03,10332.25,11550.78,1218.52,7,On Time,No,N/A,350000,0.597,Compliant
MA-012492,Harbor Healthcare Ventures,2022,Income,Manufacturing,Lynn,1252080.72,402157.94,849922.78,95404.8,137806.18,42401.38,19,Late,No,N/A,1500000,0.8347,Underpaid
MA-012493,Cape Professional Services Enterprise,2025,Sales/Use,Retail,Boston,739008.35,317892.51,421115.85,26319.74,36307.9,9988.16,17,Late,No,N/A,600000,1.2317,Compliant
MA-012494,Colonial Professional Services Services,2024,Income,Restaurant,Cambridge,413803.61,111127.03,302676.58,29477.29,33777.29,4300.0,5,On Time,No,N/A,450000,0.9196,Compliant
MA-012495,Harbor Healthcare Ventures,2024,Special Fuels,Restaurant,Boston,496086.68,194436.01,301650.67,72396.16,93237.93,20841.77,17,On Time,No,N/A,450000,1.1024,Compliant
MA-012496,Coastal Construction Solutions,2023,Income,Restaurant,Boston,0.0,0.0,0.0,0.0,5566.7,5566.7,5,Not Filed,No,N/A,450000,0.0,Non-Filer
MA-012497,Atlantic Real Estate LLC,2024,Special Fuels,Auto Repair,Worcester,300364.1,113441.8,186922.3,44861.35,45021.62,160.27,6,On Time,No,N/A,300000,1.0012,Compliant
MA-012498,Summit Professional Services Services,2025,Meals,Manufacturing,Worcester,1152904.14,396816.73,756087.4,52926.12,65236.69,12310.57,14,On Time,No,N/A,1500000,0.7686,Compliant
MA-012499,Northern Professional Services Holdings,2023,Corporate,Construction,Boston,1062416.55,179075.23,883341.32,93544.73,73180.33,0.0,28,Late,No,N/A,800000,1.328,Compliant
MA-012500,Commonwealth Professional Services Solutions,2023,Corporate,Construction,Lynn,1012920.99,230299.33,782621.66,47318.4,41676.62,0.0,8,On Time,No,N/A,800000,1.2662,Compliant
MA-012501,Central Retail Corp,2025,Corporate,Restaurant,Lynn,306871.78,91812.27,215059.51,13413.26,18862.14,5448.88,2,Amended,No,N/A,450000,0.6819,Underpaid
MA-012502,Harbor Professional Services Inc,2025,Income,Restaurant,Boston,102243.03,31998.54,70244.49,6384.15,13487.67,7103.52,1,Late,No,N/A,450000,0.2272,Underpaid
MA-012503,Beacon Restaurant LLC,2022,Sales/Use,Auto Repair,Boston,383050.35,135921.56,247128.79,15445.55,16880.53,1434.98,1,On Time,No,N/A,300000,1.2768,Compliant
MA-012504,Eastern Auto Repair Corp,2025,Income,Manufacturing,Boston,1995911.54,590909.02,1405002.52,124089.49,118999.15,0.0,27,Late,No,N/A,1500000,1.3306,Compliant
MA-012505,Northern Healthcare Group,2024,Corporate,Retail,Boston,314151.07,86796.78,227354.28,21851.19,32313.18,10461.99,4,Not Filed,No,N/A,600000,0.5236,Underpaid
MA-012506,Eastern Construction Services,2024,Corporate,Professional Services,Springfield,467281.19,121630.83,345650.36,33389.18,56468.34,23079.16,13,On Time,No,N/A,500000,0.9346,Underpaid
MA-012507,Beacon Retail Partners,2024,Income,Healthcare,Boston,1197532.27,412319.81,785212.46,93720.43,104789.84,11069.41,13,Late,No,N/A,1200000,0.9979,Compliant
MA-012508,Liberty Auto Repair Solutions,2023,Sales/Use,Retail,Boston,633953.07,102323.1,531629.98,33226.87,28049.21,0.0,5,Not Filed,No,N/A,600000,1.0566,Compliant
MA-012509,Patriot Manufacturing Inc,2023,Sales/Use,Healthcare,Lynn,199410.67,39781.28,159629.38,9976.84,16365.79,6388.96,14,On Time,No,N/A,1200000,0.1662,Underpaid
MA-012510,Eastern Real Estate Group,2024,Special Fuels,Healthcare,Lowell,705475.17,176006.56,529468.61,127072.47,233476.53,106404.06,17,On Time,No,N/A,1200000,0.5879,Underpaid
MA-012511,Northern Professional Services Solutions,2022,Corporate,Auto Repair,Lowell,288256.32,79346.97,208909.35,11814.54,13151.62,1337.08,1,On Time,No,N/A,300000,0.9609,Compliant
MA-012512,Coastal Professional Services Solutions,2024,Income,Professional Services,Springfield,116769.11,36002.39,80766.73,5085.39,24107.07,19021.69,1,On Time,No,N/A,500000,0.2335,Suspicious
MA-012513,Northern Hospitality Inc,2025,Corporate,Restaurant,Boston,768282.97,271203.36,497079.61,39281.34,45706.35,6425.01,3,Amended,No,N/A,450000,1.7073,Compliant
MA-012514,Northern Manufacturing Solutions,2024,Income,Retail,Chelsea,388186.54,148911.68,239274.86,22899.63,30524.73,7625.11,2,Late,No,N/A,600000,0.647,Compliant
MA-012515,Bay State Professional Services Enterprise,2022,Income,Construction,Boston,988850.57,427187.79,561662.78,43030.03,70423.93,27393.9,14,On Time,No,N/A,800000,1.2361,Underpaid
MA-012516,Summit Hospitality Holdings,2025,Corporate,Real Estate,Worcester,234971.99,86684.49,148287.49,10373.55,20485.41,10111.86,11,Late,No,N/A,700000,0.3357,Underpaid
MA-012517,Atlantic Real Estate Partners,2025,Corporate,Retail,Somerville,711381.33,108921.7,602459.63,53263.51,50391.87,0.0,12,Late,No,N/A,600000,1.1856,Compliant
MA-012518,Coastal Professional Services Corp,2023,Income,Professional Services,New Bedford,241586.13,91956.89,149629.24,16767.42,51046.85,34279.43,19,On Time,No,N/A,500000,0.4832,Suspicious
MA-012519,Beacon Professional Services Holdings,2024,Corporate,Construction,Worcester,1391234.81,549297.3,841937.51,81636.51,103041.26,21404.75,14,On Time,No,N/A,800000,1.739,Compliant
MA-012520,Harbor Real Estate LLC,2024,Rooms Occupancy,Auto Repair,Worcester,452473.23,169844.04,282629.19,16251.18,18267.58,2016.4,7,Not Filed,No,N/A,300000,1.5082,Compliant
MA-012521,Beacon Professional Services Services,2024,Meals,Construction,Somerville,798303.13,248965.65,549337.48,38453.62,46295.87,7842.24,3,Late,No,N/A,800000,0.9979,Underpaid
MA-012522,Cape Healthcare Co,2024,Rooms Occupancy,Professional Services,Fall River,476801.41,127161.66,349639.75,20104.29,21077.7,973.42,1,On Time,No,N/A,500000,0.9536,Compliant
MA-012523,Colonial Retail Associates,2024,Meals,Healthcare,Springfield,1535612.8,577537.03,958075.77,67065.3,80336.57,13271.26,24,On Time,No,N/A,1200000,1.2797,Compliant
MA-012524,Central Manufacturing LLC,2025,Corporate,Retail,Brockton,176598.68,34846.94,141751.74,10296.27,11025.53,729.27,2,On Time,Yes,Underpaid,600000,0.2943,Compliant
MA-012525,Northern Construction Co,2025,Corporate,Professional Services,Brockton,732142.07,175312.21,556829.86,61942.08,60775.22,0.0,7,Not Filed,No,N/A,500000,1.4643,Compliant
MA-012526,Federal Hospitality Services,2022,Income,Healthcare,Boston,1452117.45,414669.6,1037447.85,52243.42,55646.47,3403.05,20,On Time,No,N/A,1200000,1.2101,Compliant
MA-012527,Cape Restaurant Services,2025,Income,Hospitality,Springfield,373740.45,109536.53,264203.92,18010.51,21183.53,3173.01,3,Amended,No,N/A,350000,1.0678,Compliant
MA-012528,Colonial Construction Holdings,2022,Sales/Use,Auto Repair,Boston,183914.92,30030.35,153884.57,9617.79,7792.3,0.0,1,On Time,No,N/A,300000,0.613,Compliant
MA-012529,Bay State Real Estate Services,2024,Corporate,Manufacturing,Springfield,1415650.49,510445.11,905205.37,85716.75,117565.55,31848.8,23,Late,Yes,Fraud,1500000,0.9438,Underpaid
MA-012530,Patriot Manufacturing Associates,2023,Sales/Use,Retail,Worcester,386183.62,140778.14,245405.47,15337.84,27534.0,12196.16,5,On Time,Yes,Underpaid,600000,0.6436,Underpaid
MA-012531,Cape Hospitality LLC,2022,Meals,Retail,New Bedford,374350.28,144853.17,229497.11,16064.8,31981.01,15916.22,11,On Time,No,N/A,600000,0.6239,Underpaid
MA-012532,Patriot Manufacturing Partners,2024,Meals,Hospitality,Boston,322509.12,102455.01,220054.11,15403.79,16762.7,1358.92,1,On Time,No,N/A,350000,0.9215,Compliant
MA-012533,Summit Auto Repair Services,2022,Sales/Use,Manufacturing,Chelsea,1913759.16,307836.99,1605922.17,100370.14,91105.47,0.0,22,Amended,Yes,Compliant,1500000,1.2758,Compliant
MA-012534,Coastal Retail Inc,2025,Income,Manufacturing,Brockton,1560403.95,464589.27,1095814.68,91842.31,94353.7,2511.38,26,On Time,No,N/A,1500000,1.0403,Compliant
MA-012535,Patriot Healthcare Ventures,2023,Meals,Healthcare,Boston,0.0,0.0,0.0,0.0,58974.5,58974.5,16,Not Filed,No,N/A,1200000,0.0,Non-Filer
MA-012536,Harbor Construction Partners,2022,Corporate,Auto Repair,Worcester,183764.68,39006.02,144758.66,8661.61,7600.43,0.0,1,On Time,No,N/A,300000,0.6125,Compliant
MA-012537,Colonial Construction Solutions,2024,Income,Retail,Somerville,359547.14,105491.18,254055.96,24728.68,46578.15,21849.47,1,On Time,No,N/A,600000,0.5992,Suspicious
MA-012538,Northern Restaurant Partners,2025,Corporate,Retail,Chelsea,614960.24,219634.15,395326.09,44569.36,47177.53,2608.18,8,On Time,No,N/A,600000,1.0249,Compliant
MA-012539,Northern Construction Services,2023,Sales/Use,Manufacturing,New Bedford,1570850.39,680111.86,890738.53,55671.16,72623.55,16952.39,24,Not Filed,No,N/A,1500000,1.0472,Compliant
MA-012540,Federal Retail LLC,2022,Sales/Use,Restaurant,Boston,481231.44,177554.88,303676.56,18979.78,21172.77,2192.99,13,On Time,No,N/A,450000,1.0694,Compliant
MA-012541,Federal Retail Solutions,2023,Sales/Use,Manufacturing,Quincy,1011603.73,377997.86,633605.86,39600.37,43652.14,4051.77,13,On Time,No,N/A,1500000,0.6744,Compliant
MA-012542,Patriot Healthcare Services,2023,Meals,Auto Repair,Boston,201185.3,56159.36,145025.94,10151.82,15510.71,5358.9,1,Late,No,N/A,300000,0.6706,Underpaid
MA-012543,Valley Retail Services,2022,Income,Healthcare,Brockton,1593709.65,432482.45,1161227.21,102571.32,91785.33,0.0,31,Late,No,N/A,1200000,1.3281,Compliant
MA-012544,Beacon Construction LLC,2022,Income,Retail,Boston,574074.15,221481.83,352592.32,36781.79,41182.57,4400.78,9,Late,No,N/A,600000,0.9568,Compliant
MA-012545,Colonial Construction Solutions,2025,Sales/Use,Manufacturing,Worcester,1168319.33,350342.69,817976.64,51123.54,79962.15,28838.61,15,Amended,Yes,Fraud,1500000,0.7789,Underpaid
MA-012546,Liberty Healthcare Inc,2024,Sales/Use,Hospitality,Worcester,135720.03,20828.47,114891.56,7180.72,5868.41,0.0,1,On Time,No,N/A,350000,0.3878,Compliant
MA-012547,Cape Restaurant Group,2025,Corporate,Retail,Quincy,316478.04,88506.1,227971.94,20295.23,20418.32,123.08,12,On Time,No,N/A,600000,0.5275,Compliant
MA-012548,Liberty Restaurant Associates,2025,Sales/Use,Auto Repair,Worcester,0.0,0.0,0.0,0.0,14810.03,14810.03,1,Not Filed,No,N/A,300000,0.0,Non-Filer
MA-012549,Colonial Healthcare LLC,2025,Corporate,Restaurant,Lowell,438897.74,148404.59,290493.15,20373.98,31453.79,11079.81,1,On Time,No,N/A,450000,0.9753,Underpaid
MA-012550,Colonial Retail Enterprise,2022,Corporate,Restaurant,Chelsea,112452.01,21556.51,90895.5,10782.82,30590.78,19807.96,4,On Time,No,N/A,450000,0.2499,Suspicious
MA-012551,Valley Retail Services,2024,Rooms Occupancy,Retail,New Bedford,828501.68,294875.73,533625.95,30683.49,38181.46,7497.97,12,Amended,No,N/A,600000,1.3808,Compliant
MA-012552,Patriot Real Estate Ventures,2025,Meals,Real Estate,Boston,757157.19,288021.16,469136.03,32839.52,42053.03,9213.51,9,Late,No,N/A,700000,1.0817,Compliant
MA-012553,Southern Restaurant Partners,2025,Rooms Occupancy,Retail,Lynn,671177.84,132369.96,538807.88,30981.45,29345.52,0.0,9,On Time,No,N/A,600000,1.1186,Compliant
MA-012554,Atlantic Construction Inc,2024,Income,Professional Services,Boston,321425.58,62438.62,258986.96,15631.71,15459.38,0.0,4,Not Filed,No,N/A,500000,0.6429,Compliant
MA-012555,Cape Restaurant Services,2022,Corporate,Restaurant,Brockton,204211.39,68572.21,135639.18,12480.74,17927.38,5446.65,4,On Time,No,N/A,450000,0.4538,Underpaid
MA-012556,Liberty Real Estate Co,2023,Income,Restaurant,Somerville,196180.01,48875.78,147304.24,15279.57,31842.06,16562.49,17,On Time,Yes,Underpaid,450000,0.436,Suspicious
MA-012557,Atlantic Professional Services Enterprise,2023,Sales/Use,Auto Repair,Boston,284965.68,104111.79,180853.88,11303.37,15268.3,3964.93,1,On Time,No,N/A,300000,0.9499,Compliant
MA-012558,Beacon Healthcare Associates,2024,Sales/Use,Hospitality,Lynn,344395.66,145552.63,198843.02,12427.69,15064.35,2636.66,6,On Time,Yes,Underpaid,350000,0.984,Compliant
MA-012559,Liberty Restaurant Co,2023,Meals,Manufacturing,Cambridge,1423156.96,573317.49,849839.47,59488.76,123801.93,64313.16,26,On Time,No,N/A,1500000,0.9488,Underpaid
MA-012560,Bay State Construction LLC,2024,Sales/Use,Healthcare,Cambridge,545184.44,233975.73,311208.71,19450.54,29079.56,9629.01,11,Late,Yes,Compliant,1200000,0.4543,Compliant
MA-012561,Commonwealth Manufacturing Enterprise,2022,Rooms Occupancy,Auto Repair,Quincy,154533.55,54754.31,99779.24,5737.31,7201.81,1464.5,1,On Time,No,N/A,300000,0.5151,Compliant
MA-012562,Beacon Construction LLC,2025,Special Fuels,Restaurant,Springfield,410265.65,181223.01,229042.65,54970.23,68588.63,13618.39,4,On Time,No,N/A,450000,0.9117,Compliant
MA-012563,Commonwealth Manufacturing Enterprise,2024,Meals,Hospitality,Springfield,419520.64,158225.83,261294.81,18290.64,22753.14,4462.5,1,On Time,No,N/A,350000,1.1986,Compliant
MA-012564,Harbor Real Estate Solutions,2024,Income,Retail,Worcester,543397.07,167320.65,376076.42,33469.64,39436.38,5966.74,6,On Time,Yes,Compliant,600000,0.9057,Compliant
MA-012565,Colonial Auto Repair Partners,2023,Income,Retail,Worcester,660597.39,186562.1,474035.29,39390.94,40517.85,1126.91,8,Not Filed,No,N/A,600000,1.101,Compliant
MA-012566,Colonial Professional Services Corp,2025,Corporate,Restaurant,Boston,360866.26,62685.76,298180.5,28791.97,41747.98,12956.01,10,On Time,No,N/A,450000,0.8019,Underpaid
MA-012567,Harbor Professional Services Group,2025,Meals,Retail,Lowell,669802.17,251188.96,418613.21,29302.92,39077.92,9775.0,10,On Time,Yes,Compliant,600000,1.1163,Compliant
MA-012568,Atlantic Construction Ventures,2022,Sales/Use,Restaurant,Brockton,202113.86,79978.8,122135.06,7633.44,11257.44,3623.99,2,Late,No,N/A,450000,0.4491,Compliant
MA-012569,Valley Manufacturing Holdings,2025,Income,Retail,Worcester,679980.74,143763.23,536217.51,29405.59,26364.97,0.0,12,On Time,No,N/A,600000,1.1333,Compliant
MA-012570,Summit Professional Services Services,2023,Meals,Restaurant,Boston,168105.54,72260.35,95845.2,6709.16,19797.97,13088.81,1,Late,No,N/A,450000,0.3736,Suspicious
MA-012571,Patriot Retail Partners,2022,Income,Healthcare,Boston,943799.69,226944.54,716855.14,65933.13,69359.3,3426.17,14,On Time,No,N/A,1200000,0.7865,Compliant
MA-012572,Atlantic Manufacturing Inc,2022,Sales/Use,Professional Services,Brockton,709279.77,207711.72,501568.05,31348.0,32988.73,1640.72,6,On Time,No,N/A,500000,1.4186,Compliant
MA-012573,Pioneer Retail Holdings,2024,Income,Real Estate,Fall River,904291.08,259444.15,644846.93,76371.89,88497.58,12125.69,12,On Time,Yes,Underpaid,700000,1.2918,Compliant
MA-012574,Federal Professional Services Co,2023,Rooms Occupancy,Healthcare,Boston,1192954.81,294001.21,898953.6,51689.83,48855.39,0.0,13,On Time,No,N/A,1200000,0.9941,Compliant
MA-012575,Harbor Auto Repair Inc,2022,Income,Construction,Worcester,525679.22,161703.2,363976.02,38519.18,80070.77,41551.59,14,Late,No,N/A,800000,0.6571,Suspicious
MA-012576,Liberty Professional Services Co,2025,Income,Construction,Brockton,1536071.43,682944.27,853127.16,63752.19,93904.43,30152.24,14,On Time,No,N/A,800000,1.9201,Compliant
MA-012577,Eastern Construction Ventures,2023,Income,Construction,Somerville,973339.12,303321.49,670017.62,39172.28,38218.68,0.0,9,Amended,No,N/A,800000,1.2167,Compliant
MA-012578,Northern Professional Services Holdings,2023,Special Fuels,Hospitality,Springfield,244220.39,67892.9,176327.49,42318.6,41766.76,0.0,3,On Time,No,N/A,350000,0.6978,Compliant
MA-012579,Federal Retail LLC,2024,Rooms Occupancy,Retail,Brockton,452391.21,157738.52,294652.69,16942.53,30402.91,13460.38,22,On Time,No,N/A,600000,0.754,Underpaid
MA-012580,Central Real Estate Solutions,2024,Rooms Occupancy,Professional Services,Springfield,474016.78,108733.37,365283.41,21003.8,17456.81,0.0,1,On Time,No,N/A,500000,0.948,Compliant
MA-012581,Pioneer Auto Repair Group,2022,Special Fuels,Professional Services,Chelsea,463714.16,180617.25,283096.91,67943.26,102760.25,34816.99,1,Not Filed,No,N/A,500000,0.9274,Underpaid
MA-012582,Atlantic Healthcare Inc,2023,Rooms Occupancy,Retail,Boston,596564.25,92880.95,503683.3,28961.79,24686.51,0.0,7,On Time,No,N/A,600000,0.9943,Compliant
MA-012583,Northern Auto Repair Co,2022,Sales/Use,Retail,Springfield,549317.93,234951.46,314366.47,19647.9,33315.52,13667.61,14,On Time,No,N/A,600000,0.9155,Underpaid
MA-012584,Cape Hospitality LLC,2024,Sales/Use,Manufacturing,New Bedford,1257428.05,263054.04,994374.02,62148.38,64682.49,2534.12,14,On Time,No,N/A,1500000,0.8383,Compliant
MA-012585,Metro Healthcare Ventures,2025,Corporate,Construction,Quincy,571285.08,167313.57,403971.51,30551.36,34844.46,4293.1,1,On Time,No,N/A,800000,0.7141,Compliant
MA-012586,Valley Real Estate Ventures,2022,Meals,Construction,Boston,900542.97,194533.17,706009.8,49420.69,42955.03,0.0,4,On Time,No,N/A,800000,1.1257,Compliant
MA-012587,Liberty Healthcare Ventures,2023,Meals,Real Estate,Lowell,183433.15,60962.48,122470.67,8572.95,35374.01,26801.06,2,Late,No,N/A,700000,0.262,Suspicious
MA-012588,Northern Professional Services Associates,2022,Meals,Hospitality,Boston,399583.99,96852.96,302731.03,21191.17,19118.34,0.0,14,On Time,No,N/A,350000,1.1417,Compliant
MA-012589,Pioneer Restaurant Services,2025,Special Fuels,Restaurant,Boston,267317.05,88512.06,178804.99,42913.2,50907.14,7993.95,1,On Time,No,N/A,450000,0.594,Compliant
MA-012590,Federal Real Estate LLC,2025,Meals,Construction,Springfield,608239.44,219702.6,388536.83,27197.58,45172.76,17975.18,9,Late,No,N/A,800000,0.7603,Underpaid
MA-012591,Colonial Professional Services Enterprise,2022,Sales/Use,Real Estate,Lowell,756952.64,322947.22,434005.41,27125.34,36493.51,9368.17,7,Not Filed,No,N/A,700000,1.0814,Compliant
MA-012592,Coastal Restaurant Co,2025,Income,Healthcare,Springfield,1107920.17,181163.07,926757.1,58094.49,56944.4,0.0,15,Not Filed,No,N/A,1200000,0.9233,Compliant
MA-012593,Northern Real Estate Partners,2025,Income,Retail,Lowell,0.0,0.0,0.0,0.0,66744.28,66744.28,1,Not Filed,No,N/A,600000,0.0,Non-Filer
MA-012594,Pioneer Restaurant Services,2025,Corporate,Professional Services,Fall River,302068.82,45954.91,256113.91,14878.73,19719.84,4841.11,6,On Time,No,N/A,500000,0.6041,Underpaid
MA-012595,Valley Professional Services Solutions,2023,Sales/Use,Restaurant,Somerville,251408.85,38058.45,213350.4,13334.4,12818.45,0.0,12,Late,No,N/A,450000,0.5587,Underpaid
MA-012596,Central Real Estate Partners,2025,Sales/Use,Retail,Cambridge,192536.11,67785.24,124750.87,7796.93,22320.06,14523.13,5,On Time,No,N/A,600000,0.3209,Suspicious
MA-012597,Bay State Manufacturing Corp,2024,Corporate,Construction,Somerville,529672.57,144715.34,384957.22,26565.1,50088.91,23523.81,9,Not Filed,No,N/A,800000,0.6621,Suspicious
MA-012598,Atlantic Retail Solutions,2025,Meals,Retail,Cambridge,237801.46,92635.29,145166.18,10161.63,11350.89,1189.26,1,Amended,No,N/A,600000,0.3963,Compliant
MA-012599,Atlantic Real Estate LLC,2024,Sales/Use,Professional Services,Springfield,708733.75,278351.32,430382.43,26898.9,34362.51,7463.6,6,Late,No,N/A,500000,1.4175,Compliant
MA-012600,Pioneer Real Estate Services,2023,Sales/Use,Auto Repair,Quincy,214122.22,43016.28,171105.94,10694.12,9697.9,0.0,7,On Time,No,N/A,300000,0.7137,Compliant
MA-012601,Summit Construction Partners,2025,Corporate,Retail,Brockton,520963.25,215292.64,305670.61,20355.11,24495.61,4140.5,4,Amended,No,N/A,600000,0.8683,Compliant
MA-012602,Coastal Retail Partners,2025,Meals,Healthcare,Lynn,1223993.55,451432.26,772561.3,54079.29,68398.34,14319.05,19,On Time,No,N/A,1200000,1.02,Compliant
MA-012603,Harbor Construction Partners,2025,Income,Restaurant,New Bedford,0.0,0.0,0.0,0.0,63356.61,63356.61,14,Not Filed,No,N/A,450000,0.0,Non-Filer
MA-012604,Summit Restaurant Inc,2024,Income,Construction,Springfield,764417.96,155179.42,609238.53,72658.07,109317.02,36658.94,11,On Time,Yes,Underpaid,800000,0.9555,Underpaid
MA-012605,Coastal Retail Inc,2023,Corporate,Manufacturing,Quincy,958043.79,399749.32,558294.46,64045.74,85665.78,21620.04,12,On Time,No,N/A,1500000,0.6387,Compliant
MA-012606,Liberty Healthcare Ventures,2025,Meals,Retail,Somerville,643231.68,280122.9,363108.78,25417.61,29115.42,3697.81,2,Late,No,N/A,600000,1.0721,Compliant
MA-012607,Eastern Auto Repair Services,2024,Income,Manufacturing,Chelsea,1476604.49,476455.7,1000148.79,107287.28,126663.72,19376.43,19,On Time,No,N/A,1500000,0.9844,Compliant
MA-012608,Valley Auto Repair Inc,2025,Corporate,Restaurant,Lowell,175598.72,46976.53,128622.19,15225.36,47585.85,32360.49,8,On Time,No,N/A,450000,0.3902,Suspicious
MA-012609,Central Healthcare Services,2023,Income,Construction,Lowell,850661.67,191810.04,658851.63,73963.51,75758.28,1794.77,8,Amended,No,N/A,800000,1.0633,Compliant
MA-012610,Colonial Professional Services Services,2023,Corporate,Retail,Lynn,324774.82,122511.68,202263.15,19193.34,38374.36,19181.02,1,On Time,Yes,Fraud,600000,0.5413,Underpaid
MA-012611,Liberty Healthcare Ventures,2024,Corporate,Restaurant,Springfield,687945.13,277820.84,410124.29,40590.77,50715.24,10124.47,9,Late,Yes,Compliant,450000,1.5288,Compliant
MA-012612,Beacon Construction LLC,2022,Corporate,Restaurant,Quincy,415938.37,94029.56,321908.81,29575.54,28008.88,0.0,1,On Time,No,N/A,450000,0.9243,Compliant
MA-012613,Commonwealth Real Estate Enterprise,2023,Sales/Use,Real Estate,Boston,550290.89,137759.73,412531.16,25783.2,63747.83,37964.63,12,On Time,No,N/A,700000,0.7861,Suspicious
MA-012614,Colonial Hospitality Inc,2025,Meals,Restaurant,Chelsea,191139.82,44000.09,147139.73,10299.78,20269.65,9969.87,6,On Time,No,N/A,450000,0.4248,Suspicious
MA-012615,Atlantic Retail Co,2024,Sales/Use,Construction,Fall River,1026027.44,401853.07,624174.37,39010.9,49272.74,10261.84,17,On Time,No,N/A,800000,1.2825,Compliant
MA-012616,Commonwealth Healthcare Group,2024,Corporate,Manufacturing,Springfield,1948026.15,805104.16,1142921.99,106764.2,169344.32,62580.12,32,On Time,No,N/A,1500000,1.2987,Underpaid
MA-012617,Northern Healthcare Partners,2023,Meals,Healthcare,Boston,487468.67,181244.33,306224.34,21435.7,45366.1,23930.4,8,Late,No,N/A,1200000,0.4062,Underpaid
MA-012618,Patriot Healthcare Associates,2024,Corporate,Construction,New Bedford,370546.23,128837.7,241708.52,27329.98,65654.01,38324.02,21,Not Filed,No,N/A,800000,0.4632,Suspicious
MA-012619,Eastern Hospitality Solutions,2022,Special Fuels,Restaurant,Somerville,228434.78,83144.27,145290.51,34869.72,45078.7,10208.98,9,On Time,No,N/A,450000,0.5076,Compliant
MA-012620,Beacon Retail Partners,2023,Sales/Use,Healthcare,Boston,1322708.65,439292.06,883416.59,55213.54,58063.38,2849.85,20,Late,No,N/A,1200000,1.1023,Compliant
MA-012621,Bay State Construction Corp,2023,Special Fuels,Construction,Boston,0.0,0.0,0.0,0.0,121169.55,121169.55,5,Not Filed,No,N/A,800000,0.0,Non-Filer
MA-012622,Eastern Real Estate Associates,2024,Sales/Use,Restaurant,Chelsea,445206.0,157952.5,287253.5,17953.34,28423.55,10470.2,10,Late,No,N/A,450000,0.9893,Underpaid
MA-012623,Patriot Manufacturing Associates,2024,Sales/Use,Restaurant,Quincy,0.0,0.0,0.0,0.0,31488.54,31488.54,7,Not Filed,Yes,Underpaid,450000,0.0,Non-Filer
MA-012624,Federal Auto Repair Associates,2025,Income,Auto Repair,Boston,81674.92,33678.32,47996.6,5026.37,21201.6,16175.24,1,On Time,No,N/A,300000,0.2722,Suspicious
MA-012625,Pioneer Real Estate Partners,2024,Corporate,Real Estate,Quincy,323639.54,121994.68,201644.86,16933.92,57795.23,40861.31,13,On Time,No,N/A,700000,0.4623,Suspicious
MA-012626,Harbor Real Estate LLC,2024,Income,Manufacturing,Lynn,1050659.76,275718.68,774941.09,43338.74,46565.73,3226.99,10,On Time,Yes,Compliant,1500000,0.7004,Compliant
MA-012627,Cape Restaurant Group,2024,Corporate,Manufacturing,Quincy,354071.1,89575.93,264495.16,29347.75,109196.84,79849.1,8,On Time,No,N/A,1500000,0.236,Suspicious
MA-012628,Colonial Professional Services Co,2022,Corporate,Construction,Cambridge,540477.24,232977.08,307500.16,18042.68,24909.98,6867.3,1,Amended,No,N/A,800000,0.6756,Compliant
MA-012629,Northern Healthcare Inc,2025,Corporate,Hospitality,Worcester,166619.0,60413.09,106205.91,7497.29,15678.98,8181.69,1,On Time,No,N/A,350000,0.4761,Underpaid
MA-012630,Colonial Auto Repair Partners,2022,Corporate,Restaurant,New Bedford,131072.71,47651.96,83420.75,4410.87,7258.0,2847.13,12,On Time,Yes,Compliant,450000,0.2913,Underpaid
MA-012631,Harbor Construction Partners,2024,Corporate,Construction,Lynn,720858.67,294314.2,426544.46,36504.21,83963.96,47459.75,10,On Time,Yes,Fraud,800000,0.9011,Underpaid
MA-012632,Colonial Professional Services Corp,2024,Corporate,Restaurant,Boston,362392.34,155876.37,206515.97,14250.77,24900.07,10649.3,8,On Time,No,N/A,450000,0.8053,Underpaid
MA-012633,Metro Healthcare Corp,2025,Income,Retail,New Bedford,665267.97,149349.89,515918.08,47324.89,55887.77,8562.88,6,Amended,Yes,Underpaid,600000,1.1088,Underpaid
MA-012634,Liberty Auto Repair Associates,2024,Corporate,Retail,Worcester,837835.26,241760.33,596074.93,40867.26,39618.87,0.0,7,Late,No,N/A,600000,1.3964,Compliant
MA-012635,Pioneer Healthcare Solutions,2024,Sales/Use,Construction,Boston,385429.05,99904.79,285524.26,17845.27,20106.8,2261.54,8,On Time,No,N/A,800000,0.4818,Compliant
MA-012636,Coastal Retail Holdings,2024,Corporate,Auto Repair,Fall River,420542.63,161770.78,258771.85,29445.3,31874.92,2429.62,18,Late,No,N/A,300000,1.4018,Compliant
MA-012637,Coastal Construction Ventures,2022,Income,Professional Services,Springfield,130102.95,27398.05,102704.9,5877.32,10869.92,4992.6,7,Late,No,N/A,500000,0.2602,Suspicious
MA-012638,Harbor Professional Services Group,2024,Special Fuels,Restaurant,Worcester,382921.25,168113.06,214808.18,51553.96,62704.42,11150.46,8,On Time,No,N/A,450000,0.8509,Compliant
MA-012639,Summit Hospitality Holdings,2023,Income,Construction,Boston,0.0,0.0,0.0,0.0,24071.4,24071.4,1,Not Filed,No,N/A,800000,0.0,Non-Filer
MA-012640,Pilgrim Retail Ventures,2024,Meals,Construction,Chelsea,0.0,0.0,0.0,0.0,33022.75,33022.75,7,Not Filed,No,N/A,800000,0.0,Non-Filer
MA-012641,Summit Restaurant Partners,2025,Income,Manufacturing,Boston,1176103.71,289695.51,886408.19,54166.0,52242.56,0.0,18,On Time,No,N/A,1500000,0.7841,Compliant
MA-012642,Coastal Hospitality Services,2022,Sales/Use,Healthcare,Boston,1003133.2,171104.57,832028.63,52001.79,71880.66,19878.87,23,Not Filed,Yes,Fraud,1200000,0.8359,Underpaid
MA-012643,Pilgrim Auto Repair Partners,2024,Corporate,Real Estate,Cambridge,0.0,0.0,0.0,0.0,58580.79,58580.79,15,Not Filed,No,N/A,700000,0.0,Non-Filer
MA-012644,Liberty Healthcare Co,2023,Meals,Restaurant,Boston,254974.27,92415.11,162559.17,11379.14,13345.56,1966.42,10,On Time,No,N/A,450000,0.5666,Compliant
MA-012645,Patriot Auto Repair Corp,2025,Corporate,Professional Services,Lynn,175867.69,73309.06,102558.63,9028.65,24882.35,15853.7,9,On Time,No,N/A,500000,0.3517,Suspicious
MA-012646,Northern Professional Services Services,2023,Income,Auto Repair,Somerville,0.0,0.0,0.0,0.0,18203.55,18203.55,8,Not Filed,No,N/A,300000,0.0,Non-Filer
MA-012647,Colonial Retail Associates,2023,Rooms Occupancy,Construction,Boston,351591.42,62517.0,289074.42,16621.78,15975.54,0.0,1,On Time,No,N/A,800000,0.4395,Compliant
MA-012648,Eastern Construction Services,2025,Income,Construction,Worcester,1192407.07,378758.05,813649.01,84338.55,86467.7,2129.14,14,On Time,No,N/A,800000,1.4905,Compliant
MA-012649,Eastern Restaurant Group,2024,Income,Healthcare,Springfield,852809.61,338937.79,513871.82,36569.53,63829.29,27259.76,19,On Time,No,N/A,1200000,0.7107,Underpaid
MA-012650,Central Restaurant Holdings,2024,Income,Construction,Springfield,1038474.64,347869.64,690605.0,50722.98,61624.27,10901.29,14,Late,No,N/A,800000,1.2981,Compliant
MA-012651,Coastal Real Estate Inc,2023,Sales/Use,Manufacturing,Springfield,611275.92,236974.33,374301.59,23393.85,63967.97,40574.12,15,On Time,Yes,Fraud,1500000,0.4075,Suspicious
MA-012652,Harbor Auto Repair Ventures,2025,Meals,Healthcare,Springfield,0.0,0.0,0.0,0.0,71105.22,71105.22,22,Not Filed,Yes,Compliant,1200000,0.0,Non-Filer
MA-012653,Valley Restaurant Associates,2023,Meals,Restaurant,Boston,430937.41,148104.84,282832.57,19798.28,22944.86,3146.58,10,On Time,No,N/A,450000,0.9576,Compliant
MA-012654,Southern Professional Services LLC,2023,Income,Restaurant,Quincy,420733.22,186963.13,233770.09,22742.16,35071.78,12329.63,1,On Time,No,N/A,450000,0.935,Compliant
MA-012655,Eastern Professional Services Partners,2024,Rooms Occupancy,Construction,Worcester,558887.88,139113.18,419774.7,24137.05,24127.17,0.0,2,On Time,No,N/A,800000,0.6986,Compliant
MA-012656,Eastern Construction Group,2025,Meals,Auto Repair,Worcester,148454.37,59040.66,89413.71,6258.96,14471.16,8212.2,9,Late,No,N/A,300000,0.4948,Suspicious
MA-012657,Valley Auto Repair Solutions,2022,Corporate,Professional Services,Boston,363910.61,125730.23,238180.38,16262.88,19369.54,3106.66,5,On Time,No,N/A,500000,0.7278,Compliant
MA-012658,Metro Hospitality Corp,2025,Income,Retail,Springfield,490320.36,125786.54,364533.82,40753.69,36156.29,0.0,4,On Time,No,N/A,600000,0.8172,Compliant
MA-012659,Atlantic Real Estate LLC,2025,Special Fuels,Restaurant,Boston,180949.01,34594.99,146354.02,35124.96,42915.53,7790.57,1,On Time,Yes,Fraud,450000,0.4021,Underpaid
MA-012660,Colonial Professional Services Services,2022,Sales/Use,Healthcare,Cambridge,1092819.67,267718.58,825101.08,51568.82,47675.89,0.0,16,On Time,No,N/A,1200000,0.9107,Compliant
MA-012661,Harbor Healthcare Enterprise,2023,Special Fuels,Healthcare,Lowell,1344640.42,564362.84,780277.58,187266.62,237599.23,50332.61,10,Late,No,N/A,1200000,1.1205,Compliant
MA-012662,Eastern Real Estate Group,2022,Sales/Use,Restaurant,Cambridge,615568.36,92624.05,522944.31,32684.02,32235.37,0.0,8,On Time,No,N/A,450000,1.3679,Compliant
MA-012663,Liberty Healthcare Co,2025,Income,Manufacturing,Chelsea,1615690.69,498640.04,1117050.65,83186.79,79787.49,0.0,19,On Time,No,N/A,1500000,1.0771,Compliant
MA-012664,Cape Real Estate Inc,2025,Meals,Hospitality,Worcester,297865.21,86954.14,210911.07,14763.77,14293.83,0.0,4,On Time,No,N/A,350000,0.851,Compliant
MA-012665,Patriot Manufacturing Associates,2024,Income,Healthcare,Boston,0.0,0.0,0.0,0.0,48867.41,48867.41,8,Not Filed,Yes,Underpaid,1200000,0.0,Non-Filer
MA-012666,Atlantic Healthcare Holdings,2023,Corporate,Professional Services,New Bedford,413145.8,173164.61,239981.19,28434.19,39550.91,11116.73,3,On Time,No,N/A,500000,0.8263,Compliant
MA-012667,Colonial Retail Inc,2025,Rooms Occupancy,Construction,Worcester,917749.86,180337.18,737412.68,42401.23,39998.17,0.0,16,On Time,Yes,Compliant,800000,1.1472,Compliant
MA-012668,Commonwealth Retail Group,2025,Income,Retail,Fall River,134881.05,28375.45,106505.6,5969.78,19165.08,13195.29,3,On Time,No,N/A,600000,0.2248,Suspicious
MA-012669,Colonial Professional Services Holdings,2025,Income,Construction,Springfield,643454.66,123320.51,520134.14,27977.87,27864.78,0.0,4,On Time,No,N/A,800000,0.8043,Compliant
MA-012670,Pioneer Auto Repair Group,2024,Corporate,Construction,Boston,248328.65,92998.56,155330.09,16921.44,54045.62,37124.19,12,On Time,No,N/A,800000,0.3104,Suspicious
MA-012671,Liberty Restaurant Solutions,2025,Income,Construction,Springfield,0.0,0.0,0.0,0.0,28490.94,28490.94,8,Not Filed,No,N/A,800000,0.0,Non-Filer
MA-012672,Harbor Healthcare Associates,2023,Income,Professional Services,Boston,199534.39,75438.41,124095.98,14188.27,18746.3,4558.03,1,Late,No,N/A,500000,0.3991,Compliant
MA-012673,Pilgrim Auto Repair Ventures,2024,Sales/Use,Retail,Worcester,532664.36,88858.81,443805.55,27737.85,25420.85,0.0,15,Amended,No,N/A,600000,0.8878,Compliant
MA-012674,Metro Healthcare Corp,2022,Corporate,Restaurant,Boston,399176.06,149676.19,249499.87,26169.66,31058.89,4889.23,1,On Time,No,N/A,450000,0.8871,Compliant
MA-012675,Northern Professional Services LLC,2022,Income,Professional Services,Chelsea,115212.94,28445.86,86767.08,6189.5,7491.99,1302.49,1,On Time,No,N/A,500000,0.2304,Underpaid
MA-012676,Federal Real Estate Holdings,2025,Income,Restaurant,Chelsea,568113.03,119829.14,448283.9,29886.25,28435.87,0.0,8,On Time,No,N/A,450000,1.2625,Compliant
MA-012677,Valley Professional Services LLC,2022,Corporate,Retail,Worcester,619691.27,168361.52,451329.75,53870.62,60745.62,6875.01,13,On Time,No,N/A,600000,1.0328,Compliant
MA-012678,Cape Retail Partners,2025,Income,Restaurant,Lowell,251792.39,46177.65,205614.74,12928.14,16458.03,3529.89,9,Late,No,N/A,450000,0.5595,Underpaid
MA-012679,Bay State Manufacturing Corp,2023,Meals,Restaurant,Quincy,206539.71,60146.47,146393.24,10247.53,10919.16,671.64,1,Amended,No,N/A,450000,0.459,Compliant
MA-012680,Summit Hospitality Ventures,2025,Income,Healthcare,Springfield,482160.77,143719.69,338441.08,34441.38,31876.33,0.0,4,On Time,No,N/A,1200000,0.4018,Compliant
MA-012681,Federal Hospitality Services,2022,Income,Retail,Fall River,609965.21,106858.99,503106.22,38482.43,31457.86,0.0,7,On Time,No,N/A,600000,1.0166,Compliant
MA-012682,Atlantic Professional Services Enterprise,2025,Sales/Use,Professional Services,Boston,516360.71,203955.47,312405.24,19525.33,22536.87,3011.54,1,On Time,Yes,Compliant,500000,1.0327,Compliant
MA-012683,Colonial Restaurant Ventures,2024,Rooms Occupancy,Professional Services,Lowell,451906.53,181793.44,270113.09,15531.5,20262.06,4730.55,1,Not Filed,No,N/A,500000,0.9038,Compliant
MA-012684,Harbor Restaurant Group,2022,Meals,Hospitality,Somerville,488542.38,152129.85,336412.53,23548.88,25898.96,2350.08,4,On Time,No,N/A,350000,1.3958,Compliant
MA-012685,Commonwealth Retail Group,2023,Corporate,Professional Services,New Bedford,429812.19,145910.06,283902.13,21807.02,22218.25,411.23,13,On Time,No,N/A,500000,0.8596,Compliant
MA-012686,Colonial Retail Associates,2022,Meals,Restaurant,Springfield,0.0,0.0,0.0,0.0,12779.41,12779.41,1,Not Filed,No,N/A,450000,0.0,Non-Filer
MA-012687,Harbor Professional Services Group,2022,Sales/Use,Restaurant,Lowell,272687.57,56962.09,215725.48,13482.84,14685.52,1202.67,3,On Time,No,N/A,450000,0.606,Compliant
MA-012688,Patriot Manufacturing Partners,2025,Corporate,Professional Services,Cambridge,280452.05,49187.94,231264.11,22426.08,42416.67,19990.59,10,Late,No,N/A,500000,0.5609,Suspicious
MA-012689,Colonial Construction Holdings,2024,Income,Construction,Quincy,1147218.88,310173.18,837045.7,67282.56,83018.32,15735.76,8,On Time,No,N/A,800000,1.434,Underpaid
MA-012690,Patriot Retail Co,2022,Corporate,Professional Services,Somerville,600678.82,237139.81,363539.01,39662.5,43614.86,3952.36,4,Late,No,N/A,500000,1.2014,Compliant
MA-012691,Coastal Construction Ventures,2025,Meals,Retail,Lynn,353804.23,90401.14,263403.09,18438.22,28392.49,9954.27,2,Late,No,N/A,600000,0.5897,Underpaid
MA-012692,Cape Real Estate Holdings,2025,Rooms Occupancy,Construction,New Bedford,507363.23,96000.89,411362.34,23653.33,25089.81,1436.48,15,On Time,No,N/A,800000,0.6342,Compliant
MA-012693,Metro Restaurant Co,2025,Special Fuels,Retail,Springfield,805722.42,345294.24,460428.18,110502.76,132174.99,21672.22,9,On Time,No,N/A,600000,1.3429,Compliant
MA-012694,Patriot Construction Holdings,2024,Corporate,Professional Services,Worcester,761890.67,154841.42,607049.25,36496.82,37656.62,1159.8,1,On Time,Yes,Compliant,500000,1.5238,Compliant
MA-012695,Colonial Restaurant Ventures,2022,Corporate,Professional Services,Quincy,262487.33,84147.98,178339.36,20928.39,22465.48,1537.09,1,On Time,No,N/A,500000,0.525,Compliant
MA-012696,Atlantic Retail Solutions,2023,Sales/Use,Retail,Boston,438933.56,150298.85,288634.7,18039.67,21393.32,3353.65,6,On Time,No,N/A,600000,0.7316,Compliant
MA-012697,Liberty Retail Inc,2023,Corporate,Professional Services,Fall River,528342.78,87693.8,440648.98,40484.89,37856.05,0.0,7,Late,No,N/A,500000,1.0567,Compliant
MA-012698,Harbor Professional Services Partners,2023,Income,Construction,Cambridge,382877.63,80056.02,302821.61,30954.61,31787.83,833.22,8,On Time,No,N/A,800000,0.4786,Compliant
MA-012699,Northern Auto Repair Co,2023,Income,Real Estate,Fall River,754701.63,318257.4,436444.23,22068.91,30783.74,8714.83,13,On Time,No,N/A,700000,1.0781,Compliant
MA-012700,Summit Construction Partners,2022,Corporate,Professional Services,Brockton,161854.31,59470.32,102383.99,10716.35,12296.89,1580.54,3,On Time,No,N/A,500000,0.3237,Compliant
MA-012701,Harbor Auto Repair Holdings,2023,Sales/Use,Retail,Lynn,353300.06,151034.98,202265.09,12641.57,18908.44,6266.88,2,On Time,No,N/A,600000,0.5888,Compliant
MA-012702,Northern Hospitality Associates,2025,Sales/Use,Construction,Boston,915620.45,353580.85,562039.61,35127.48,46448.55,11321.07,12,On Time,No,N/A,800000,1.1445,Compliant
MA-012703,Pilgrim Construction Group,2023,Special Fuels,Retail,Lowell,412522.37,128192.26,284330.11,68239.23,69302.54,1063.31,5,On Time,No,N/A,600000,0.6875,Compliant
MA-012704,Bay State Professional Services Enterprise,2024,Corporate,Real Estate,Fall River,196088.4,83694.77,112393.63,10680.22,23971.09,13290.86,9,On Time,No,N/A,700000,0.2801,Underpaid
MA-012705,Atlantic Restaurant Solutions,2023,Income,Restaurant,New Bedford,409164.97,85059.43,324105.54,22521.56,21355.02,0.0,10,Late,Yes,Underpaid,450000,0.9093,Compliant
MA-012706,Federal Hospitality Corp,2025,Income,Restaurant,Cambridge,356684.93,156162.21,200522.72,20731.29,25986.59,5255.29,2,Amended,No,N/A,450000,0.7926,Compliant
MA-012707,Commonwealth Manufacturing Enterprise,2024,Corporate,Retail,Somerville,428791.08,156505.26,272285.82,14330.64,19116.4,4785.77,9,Amended,No,N/A,600000,0.7147,Compliant
MA-012708,Metro Auto Repair Partners,2025,Rooms Occupancy,Construction,Lowell,175218.45,36132.31,139086.14,7997.45,23078.77,15081.32,10,Late,No,N/A,800000,0.219,Suspicious
MA-012709,Valley Construction Corp,2023,Income,Retail,Springfield,510456.36,136197.85,374258.51,37292.49,42570.15,5277.66,1,Late,No,N/A,600000,0.8508,Compliant
MA-012710,Patriot Healthcare Ventures,2022,Meals,Healthcare,Boston,601320.22,159636.29,441683.92,30917.87,45403.08,14485.2,6,On Time,No,N/A,1200000,0.5011,Underpaid
MA-012711,Metro Retail Group,2024,Meals,Manufacturing,Lynn,857367.12,141651.73,715715.39,50100.08,73451.19,23351.11,13,On Time,No,N/A,1500000,0.5716,Underpaid
MA-012712,Coastal Construction Group,2024,Income,Construction,Somerville,1031938.78,350572.36,681366.41,69274.35,76919.72,7645.37,13,On Time,Yes,Compliant,800000,1.2899,Compliant
MA-012713,Central Restaurant Holdings,2022,Corporate,Retail,Boston,198262.87,44793.1,153469.76,16590.09,45414.06,28823.97,10,On Time,No,N/A,600000,0.3304,Suspicious
MA-012714,Southern Real Estate LLC,2023,Income,Retail,Boston,438962.98,134044.63,304918.36,36174.5,68709.77,32535.27,9,On Time,No,N/A,600000,0.7316,Underpaid
MA-012715,Bay State Real Estate Services,2024,Meals,Retail,Springfield,427880.68,112088.95,315791.73,22105.42,23568.12,1462.7,1,On Time,No,N/A,600000,0.7131,Compliant
MA-012716,Patriot Retail Co,2024,Sales/Use,Restaurant,Worcester,350039.22,64702.29,285336.94,17833.56,15464.82,0.0,1,On Time,No,N/A,450000,0.7779,Compliant
MA-012717,Metro Manufacturing Enterprise,2022,Sales/Use,Restaurant,Chelsea,446674.81,176289.25,270385.56,16899.1,19158.05,2258.96,4,On Time,No,N/A,450000,0.9926,Compliant
MA-012718,Central Construction LLC,2022,Income,Construction,Chelsea,971542.67,409728.13,561814.54,60686.87,74556.87,13870.0,9,Amended,Yes,Compliant,800000,1.2144,Compliant
MA-012719,Colonial Auto Repair LLC,2024,Sales/Use,Hospitality,Boston,343264.75,150386.65,192878.1,12054.88,16552.93,4498.05,10,On Time,No,N/A,350000,0.9808,Compliant
MA-012720,Harbor Healthcare Enterprise,2025,Corporate,Retail,Boston,651474.99,173080.96,478394.02,53620.35,58777.56,5157.22,8,Not Filed,No,N/A,600000,1.0858,Compliant
MA-012721,Pioneer Real Estate Enterprise,2022,Special Fuels,Restaurant,Springfield,345812.05,119785.64,226026.41,54246.34,57971.8,3725.46,1,On Time,Yes,Compliant,450000,0.7685,Compliant
MA-012722,Valley Auto Repair Inc,2025,Income,Retail,Boston,137881.77,28253.25,109628.52,7405.34,20528.29,13122.95,2,Late,Yes,Underpaid,600000,0.2298,Suspicious
MA-012723,Summit Auto Repair Inc,2025,Rooms Occupancy,Hospitality,Quincy,422245.08,94079.94,328165.14,18869.5,17583.52,0.0,4,Not Filed,Yes,Compliant,350000,1.2064,Compliant
MA-012724,Beacon Hospitality Holdings,2024,Meals,Retail,Brockton,339941.52,133958.3,205983.22,14418.83,17447.12,3028.29,12,On Time,Yes,Compliant,600000,0.5666,Compliant
MA-012725,Cape Real Estate Holdings,2025,Sales/Use,Healthcare,New Bedford,614191.55,259794.74,354396.81,22149.8,65529.74,43379.94,9,Late,No,N/A,1200000,0.5118,Suspicious
MA-012726,Liberty Restaurant Solutions,2023,Corporate,Professional Services,Quincy,253770.22,60304.37,193465.85,18992.63,34916.89,15924.26,5,On Time,No,N/A,500000,0.5075,Underpaid
MA-012727,Liberty Professional Services Co,2022,Corporate,Professional Services,Quincy,626338.05,228240.98,398097.07,33644.48,45450.73,11806.25,4,On Time,No,N/A,500000,1.2527,Underpaid
MA-012728,Liberty Healthcare Ventures,2023,Corporate,Construction,Somerville,416427.46,163758.78,252668.68,30121.93,95296.75,65174.82,20,On Time,No,N/A,800000,0.5205,Suspicious
MA-012729,Summit Healthcare Solutions,2023,Corporate,Restaurant,Somerville,219062.24,76073.59,142988.65,15206.22,30872.72,15666.5,3,On Time,No,N/A,450000,0.4868,Underpaid
MA-012730,Federal Real Estate LLC,2023,Sales/Use,Healthcare,Quincy,779701.43,121947.27,657754.16,41109.63,33042.64,0.0,8,Late,No,N/A,1200000,0.6498,Compliant
MA-012731,Northern Hospitality Partners,2024,Rooms Occupancy,Restaurant,Boston,445447.84,147276.43,298171.41,17144.86,18766.67,1621.82,8,Late,Yes,Compliant,450000,0.9899,Compliant
MA-012732,Eastern Construction Group,2022,Income,Construction,Chelsea,1150397.35,421016.05,729381.31,54143.92,57475.77,3331.85,10,On Time,No,N/A,800000,1.438,Compliant
MA-012733,Coastal Professional Services Solutions,2022,Corporate,Real Estate,Boston,108396.79,34676.43,73720.36,7084.79,14566.51,7481.72,2,On Time,No,N/A,700000,0.1549,Suspicious
MA-012734,Cape Manufacturing Services,2025,Corporate,Construction,Fall River,849936.14,266922.63,583013.51,29619.38,35413.64,5794.27,12,Not Filed,No,N/A,800000,1.0624,Compliant
MA-012735,Colonial Retail Associates,2024,Income,Restaurant,Fall River,240144.28,62734.38,177409.9,13003.57,24390.47,11386.9,5,On Time,No,N/A,450000,0.5337,Underpaid
MA-012736,Harbor Professional Services Corp,2022,Sales/Use,Manufacturing,New Bedford,2191835.09,781672.73,1410162.36,88135.15,116844.65,28709.5,30,On Time,No,N/A,1500000,1.4612,Compliant
MA-012737,Valley Real Estate Associates,2025,Sales/Use,Auto Repair,Boston,221477.07,86820.36,134656.71,8416.04,12545.82,4129.77,1,On Time,No,N/A,300000,0.7383,Underpaid
MA-012738,Atlantic Manufacturing Inc,2024,Rooms Occupancy,Retail,Chelsea,551162.82,228661.38,322501.44,18543.83,21769.77,3225.94,15,On Time,Yes,Compliant,600000,0.9186,Compliant
MA-012739,Atlantic Healthcare Holdings,2025,Meals,Construction,New Bedford,778970.62,275388.64,503581.98,35250.74,42070.17,6819.43,9,Not Filed,No,N/A,800000,0.9737,Compliant
MA-012740,Patriot Manufacturing LLC,2023,Corporate,Restaurant,Cambridge,375504.89,133152.95,242351.94,24826.27,26095.3,1269.03,10,Not Filed,No,N/A,450000,0.8345,Compliant
MA-012741,Summit Healthcare Solutions,2024,Corporate,Restaurant,Quincy,520346.3,205548.65,314797.64,17289.67,32233.04,14943.38,11,On Time,No,N/A,450000,1.1563,Underpaid
MA-012742,Valley Auto Repair Inc,2022,Income,Retail,Somerville,600569.65,237179.0,363390.65,36789.75,48883.33,12093.58,7,On Time,No,N/A,600000,1.0009,Compliant
MA-012743,Coastal Retail Inc,2023,Income,Hospitality,Lowell,39801.54,10955.16,28846.39,2547.13,4374.81,1827.68,4,On Time,Yes,Underpaid,350000,0.1137,Underpaid
MA-012744,Southern Healthcare Holdings,2022,Income,Restaurant,Boston,467668.06,89050.92,378617.14,25869.15,24587.96,0.0,8,On Time,No,N/A,450000,1.0393,Compliant
MA-012745,Liberty Auto Repair Ventures,2023,Sales/Use,Healthcare,Cambridge,925171.83,271514.05,653657.78,40853.61,38164.11,0.0,9,Late,Yes,Compliant,1200000,0.771,Compliant
MA-012746,Northern Restaurant Partners,2025,Sales/Use,Real Estate,Worcester,585623.51,106198.17,479425.34,29964.08,28657.56,0.0,12,On Time,Yes,Compliant,700000,0.8366,Compliant
MA-012747,Valley Healthcare Enterprise,2022,Income,Restaurant,Brockton,382743.51,99481.19,283262.32,33199.2,34974.7,1775.5,15,On Time,No,N/A,450000,0.8505,Compliant
MA-012748,Commonwealth Healthcare Solutions,2023,Special Fuels,Restaurant,Cambridge,375184.78,96498.35,278686.42,66884.74,86333.71,19448.97,1,On Time,No,N/A,450000,0.8337,Underpaid
MA-012749,Summit Manufacturing Partners,2022,Corporate,Construction,Lowell,622372.52,197784.19,424588.33,38528.77,51865.71,13336.94,6,On Time,No,N/A,800000,0.778,Underpaid
MA-012750,Northern Restaurant Corp,2025,Corporate,Hospitality,Springfield,86504.07,30006.93,56497.15,3334.21,4129.86,795.65,9,Amended,No,N/A,350000,0.2472,Compliant
MA-012751,Colonial Construction Solutions,2023,Sales/Use,Healthcare,Chelsea,1412946.61,365068.41,1047878.2,65492.39,67824.38,2331.99,21,On Time,No,N/A,1200000,1.1775,Compliant
MA-012752,Pilgrim Auto Repair Partners,2022,Corporate,Professional Services,Springfield,541649.72,126835.3,414814.42,36378.63,31139.29,0.0,1,Late,Yes,Underpaid,500000,1.0833,Compliant
MA-012753,Pilgrim Hospitality LLC,2022,Corporate,Healthcare,Springfield,658638.85,194521.08,464117.77,33569.58,57057.1,23487.52,16,On Time,No,N/A,1200000,0.5489,Underpaid
MA-012754,Cape Real Estate Enterprise,2024,Corporate,Healthcare,Fall River,436441.32,183374.43,253066.89,27307.62,61387.65,34080.03,1,On Time,No,N/A,1200000,0.3637,Underpaid
MA-012755,Patriot Hospitality Ventures,2024,Sales/Use,Healthcare,Springfield,1110994.6,449099.56,661895.03,41368.44,46495.81,5127.37,13,On Time,Yes,Underpaid,1200000,0.9258,Compliant
MA-012756,Federal Retail Solutions,2024,Income,Professional Services,Somerville,317668.44,113101.05,204567.38,15188.22,27780.21,12591.99,10,On Time,No,N/A,500000,0.6353,Underpaid
MA-012757,Pilgrim Retail Ventures,2024,Corporate,Retail,Boston,759464.04,231518.49,527945.55,48330.09,51106.43,2776.34,10,Late,No,N/A,600000,1.2658,Compliant
MA-012758,Federal Retail LLC,2023,Corporate,Real Estate,Quincy,841545.18,327964.58,513580.61,53083.7,87111.9,34028.19,4,Late,Yes,Fraud,700000,1.2022,Underpaid
MA-012759,Eastern Professional Services Partners,2024,Income,Professional Services,Boston,568656.7,114946.18,453710.52,35469.85,32904.33,0.0,10,Late,No,N/A,500000,1.1373,Compliant
MA-012760,Northern Professional Services Associates,2024,Rooms Occupancy,Construction,New Bedford,436439.47,106136.64,330302.83,18992.41,18820.0,0.0,1,Not Filed,No,N/A,800000,0.5455,Compliant
MA-012761,Coastal Manufacturing Group,2025,Income,Construction,Worcester,601986.78,180156.3,421830.48,41634.37,41938.15,303.78,3,Late,No,N/A,800000,0.7525,Compliant
MA-012762,Patriot Manufacturing Partners,2025,Special Fuels,Restaurant,Fall River,543703.28,157115.67,386587.61,92781.03,113584.31,20803.29,3,Late,No,N/A,450000,1.2082,Compliant
MA-012763,Pilgrim Restaurant Ventures,2023,Income,Retail,Fall River,425435.27,131473.74,293961.53,35108.25,34564.03,0.0,2,On Time,No,N/A,600000,0.7091,Compliant
MA-012764,Cape Real Estate Holdings,2023,Sales/Use,Retail,Brockton,861659.59,261968.57,599691.02,37480.69,42719.48,5238.79,10,Late,No,N/A,600000,1.4361,Compliant
MA-012765,Patriot Healthcare Associates,2023,Corporate,Healthcare,Quincy,1103886.55,172978.33,930908.22,102265.03,102352.23,87.2,13,On Time,No,N/A,1200000,0.9199,Compliant
MA-012766,Bay State Construction Corp,2024,Corporate,Professional Services,Boston,715303.28,183963.08,531340.2,40661.81,43485.84,2824.03,5,On Time,No,N/A,500000,1.4306,Compliant
MA-012767,Metro Restaurant Corp,2025,Sales/Use,Restaurant,Springfield,673447.7,194012.37,479435.33,29964.71,32788.61,2823.9,9,On Time,No,N/A,450000,1.4966,Compliant
MA-012768,Atlantic Construction Group,2024,Sales/Use,Retail,Springfield,445594.55,111033.74,334560.8,20910.05,27473.35,6563.3,19,Not Filed,No,N/A,600000,0.7427,Underpaid
MA-012769,Colonial Professional Services Co,2022,Income,Hospitality,Lowell,214692.77,86046.75,128646.02,14545.82,18230.71,3684.89,1,On Time,Yes,Compliant,350000,0.6134,Compliant
MA-012770,Pioneer Auto Repair Enterprise,2023,Sales/Use,Restaurant,New Bedford,255288.05,44066.86,211221.19,13201.32,11848.58,0.0,8,Late,No,N/A,450000,0.5673,Compliant
MA-012771,Cape Professional Services Ventures,2023,Rooms Occupancy,Professional Services,Springfield,577440.59,202642.62,374797.97,21550.88,36376.55,14825.67,18,Late,No,N/A,500000,1.1549,Underpaid
MA-012772,Patriot Professional Services Solutions,2024,Special Fuels,Restaurant,Springfield,640632.14,148011.91,492620.23,118228.85,124944.33,6715.48,6,Late,No,N/A,450000,1.4236,Compliant
MA-012773,Liberty Healthcare Holdings,2024,Meals,Restaurant,Worcester,321454.32,99841.96,221612.36,15512.87,22661.91,7149.04,1,On Time,No,N/A,450000,0.7143,Underpaid
MA-012774,Commonwealth Manufacturing Services,2022,Income,Professional Services,Lowell,896965.11,218216.75,678748.36,35429.28,31215.23,0.0,13,Amended,Yes,Compliant,500000,1.7939,Compliant
MA-012775,Pilgrim Professional Services Corp,2022,Corporate,Retail,Boston,416277.57,104060.16,312217.41,29703.98,35715.62,6011.64,12,On Time,Yes,Underpaid,600000,0.6938,Underpaid
MA-012776,Commonwealth Manufacturing Ventures,2022,Rooms Occupancy,Manufacturing,Worcester,503143.4,197478.03,305665.37,17575.76,45335.89,27760.13,14,On Time,No,N/A,1500000,0.3354,Suspicious
MA-012777,Cape Manufacturing Services,2024,Corporate,Manufacturing,Lynn,1411200.69,332453.86,1078746.83,122634.41,118428.14,0.0,20,Late,No,N/A,1500000,0.9408,Compliant
MA-012778,Valley Auto Repair Ventures,2022,Corporate,Healthcare,Boston,1178337.76,357401.9,820935.85,48845.82,55243.68,6397.85,7,On Time,No,N/A,1200000,0.9819,Compliant
MA-012779,Harbor Auto Repair Co,2024,Corporate,Real Estate,Lowell,739393.89,291818.37,447575.52,40001.19,43006.06,3004.87,14,On Time,No,N/A,700000,1.0563,Compliant
MA-012780,Valley Manufacturing Services,2023,Sales/Use,Professional Services,Springfield,275722.74,54358.19,221364.56,13835.28,24053.93,10218.64,10,On Time,No,N/A,500000,0.5514,Underpaid
MA-012781,Central Real Estate Partners,2022,Corporate,Retail,Boston,410112.11,166640.98,243471.13,26050.96,34368.94,8317.97,4,On Time,No,N/A,600000,0.6835,Compliant
MA-012782,Central Restaurant Enterprise,2025,Sales/Use,Retail,Boston,231944.72,83963.63,147981.09,9248.82,23477.86,14229.04,9,On Time,Yes,Underpaid,600000,0.3866,Suspicious
MA-012783,Cape Professional Services Ventures,2023,Income,Restaurant,Boston,329832.24,73868.43,255963.81,24169.0,32129.33,7960.33,9,On Time,No,N/A,450000,0.733,Underpaid
MA-012784,Bay State Retail Services,2024,Corporate,Auto Repair,Lynn,392044.35,158914.78,233129.57,21309.7,29782.6,8472.9,8,On Time,No,N/A,300000,1.3068,Compliant
MA-012785,Commonwealth Hospitality LLC,2024,Corporate,Retail,Lynn,504003.8,208029.57,295974.23,18389.19,28672.97,10283.78,3,On Time,No,N/A,600000,0.84,Underpaid
MA-012786,Valley Real Estate Inc,2023,Sales/Use,Construction,Quincy,769812.69,148973.94,620838.75,38802.42,35634.98,0.0,7,Late,No,N/A,800000,0.9623,Compliant
MA-012787,Beacon Hospitality LLC,2023,Income,Restaurant,Chelsea,415047.98,95953.75,319094.24,16633.73,14884.68,0.0,3,On Time,No,N/A,450000,0.9223,Compliant
MA-012788,Liberty Hospitality Inc,2024,Corporate,Retail,Lynn,393163.3,68346.14,324817.15,19032.3,20046.56,1014.26,1,On Time,Yes,Compliant,600000,0.6553,Compliant
MA-012789,Metro Professional Services LLC,2023,Sales/Use,Hospitality,Boston,274657.28,69090.86,205566.42,12847.9,13131.92,284.01,4,On Time,No,N/A,350000,0.7847,Compliant
MA-012790,Eastern Real Estate Group,2025,Rooms Occupancy,Auto Repair,Somerville,164877.02,38230.41,126646.62,7282.18,7681.44,399.26,2,Not Filed,No,N/A,300000,0.5496,Compliant
MA-012791,Commonwealth Professional Services Solutions,2025,Meals,Professional Services,Boston,837035.26,367472.7,469562.56,32869.38,42935.41,10066.03,15,Late,No,N/A,500000,1.6741,Compliant
MA-012792,Colonial Construction Solutions,2022,Special Fuels,Healthcare,Boston,1855506.64,699483.52,1156023.13,277445.55,372876.04,95430.48,25,On Time,No,N/A,1200000,1.5463,Compliant
MA-012793,Coastal Retail Ventures,2025,Special Fuels,Healthcare,Worcester,1715359.35,685105.49,1030253.86,247260.93,322739.21,75478.28,17,On Time,No,N/A,1200000,1.4295,Compliant
MA-012794,Central Hospitality Inc,2022,Income,Retail,Worcester,473931.99,80401.62,393530.37,32160.22,32493.21,333.0,1,On Time,No,N/A,600000,0.7899,Compliant
MA-012795,Atlantic Healthcare Inc,2023,Sales/Use,Real Estate,Boston,616178.96,274028.11,342150.85,21384.43,45313.74,23929.32,20,On Time,No,N/A,700000,0.8803,Underpaid
MA-012796,Federal Auto Repair Associates,2024,Income,Hospitality,Worcester,136181.78,48386.64,87795.15,7179.08,15480.72,8301.64,2,On Time,No,N/A,350000,0.3891,Suspicious
MA-012797,Commonwealth Retail Group,2023,Income,Professional Services,Quincy,368220.93,107380.83,260840.11,16197.52,16691.84,494.32,6,On Time,No,N/A,500000,0.7364,Compliant
MA-012798,Summit Auto Repair LLC,2024,Meals,Restaurant,Boston,627599.03,155019.91,472579.12,33080.54,33232.91,152.37,1,On Time,Yes,Compliant,450000,1.3947,Compliant
MA-012799,Harbor Professional Services Corp,2025,Sales/Use,Restaurant,Worcester,526224.33,83599.59,442624.74,27664.05,26099.15,0.0,5,On Time,Yes,Underpaid,450000,1.1694,Compliant
MA-012800,Summit Hospitality Ventures,2022,Corporate,Construction,Boston,820358.78,164719.84,655638.94,69281.8,69981.94,700.14,12,On Time,No,N/A,800000,1.0254,Compliant
MA-012801,Beacon Professional Services Services,2025,Corporate,Auto Repair,Boston,289091.31,71510.37,217580.94,21278.12,21513.74,235.62,2,On Time,No,N/A,300000,0.9636,Compliant
MA-012802,Liberty Healthcare Co,2024,Income,Healthcare,Chelsea,759298.62,319191.74,440106.89,34045.73,62554.61,28508.89,18,On Time,No,N/A,1200000,0.6327,Underpaid
MA-012803,Pioneer Hospitality Associates,2024,Corporate,Restaurant,Boston,526514.95,100195.81,426319.14,30521.26,24101.43,0.0,7,On Time,No,N/A,450000,1.17,Compliant
MA-012804,Liberty Restaurant Inc,2022,Corporate,Healthcare,Fall River,684797.6,124505.56,560292.04,62400.8,61455.35,0.0,6,Not Filed,No,N/A,1200000,0.5707,Compliant
MA-012805,Bay State Professional Services Partners,2024,Meals,Retail,Quincy,416578.15,156486.36,260091.79,18206.43,42271.53,24065.11,9,On Time,No,N/A,600000,0.6943,Suspicious
MA-012806,Southern Auto Repair Services,2025,Sales/Use,Restaurant,Chelsea,456050.94,191318.58,264732.36,16545.77,22664.53,6118.76,15,On Time,No,N/A,450000,1.0134,Underpaid
MA-012807,Pioneer Auto Repair Enterprise,2022,Special Fuels,Construction,Lowell,757016.45,259150.9,497865.56,119487.73,174562.61,55074.88,14,On Time,No,N/A,800000,0.9463,Underpaid
MA-012808,Colonial Retail Group,2025,Income,Restaurant,Springfield,371653.4,61588.72,310064.68,36491.84,34899.56,0.0,1,On Time,No,N/A,450000,0.8259,Compliant
MA-012809,Liberty Restaurant Associates,2023,Income,Hospitality,Springfield,0.0,0.0,0.0,0.0,12820.47,12820.47,2,Not Filed,No,N/A,350000,0.0,Non-Filer
MA-012810,Central Manufacturing LLC,2022,Corporate,Construction,Chelsea,943372.97,192004.96,751368.01,60295.53,52293.7,0.0,10,Late,No,N/A,800000,1.1792,Compliant
MA-012811,Patriot Professional Services Solutions,2023,Meals,Manufacturing,Brockton,925655.41,196704.4,728951.01,51026.57,73298.12,22271.55,7,Not Filed,No,N/A,1500000,0.6171,Underpaid
MA-012812,Northern Healthcare LLC,2023,Corporate,Restaurant,Springfield,294384.69,113081.56,181303.13,14875.64,18984.86,4109.23,6,On Time,No,N/A,450000,0.6542,Compliant
MA-012813,Coastal Restaurant Co,2024,Income,Manufacturing,Boston,2244706.24,727509.61,1517196.62,159174.61,168017.83,8843.22,28,On Time,No,N/A,1500000,1.4965,Compliant
MA-012814,Pioneer Hospitality Ventures,2025,Corporate,Retail,Cambridge,407098.99,85757.6,321341.39,36537.44,63217.36,26679.93,13,On Time,No,N/A,600000,0.6785,Underpaid
MA-012815,Coastal Manufacturing Group,2023,Corporate,Retail,Lowell,447990.76,139249.71,308741.05,28761.47,29124.19,362.72,7,On Time,No,N/A,600000,0.7467,Compliant
MA-012816,Summit Professional Services LLC,2022,Corporate,Construction,New Bedford,551501.52,165238.63,386262.9,44692.51,55503.33,10810.82,11,On Time,No,N/A,800000,0.6894,Compliant
MA-012817,Federal Retail Enterprise,2022,Income,Retail,Quincy,653455.05,193723.45,459731.6,32926.46,29792.75,0.0,9,Late,No,N/A,600000,1.0891,Compliant
MA-012818,Cape Real Estate Enterprise,2025,Sales/Use,Healthcare,Boston,604019.16,249155.42,354863.73,22178.98,37068.91,14889.92,14,On Time,No,N/A,1200000,0.5033,Underpaid
MA-012819,Northern Restaurant Partners,2024,Meals,Professional Services,Fall River,596164.91,111233.48,484931.43,33945.2,50248.56,16303.36,5,Not Filed,No,N/A,500000,1.1923,Underpaid
MA-012820,Coastal Hospitality Ventures,2025,Income,Professional Services,Worcester,419688.74,76655.36,343033.38,34777.04,33340.06,0.0,6,On Time,No,N/A,500000,0.8394,Compliant
MA-012821,Northern Auto Repair Co,2023,Sales/Use,Construction,New Bedford,1058065.43,341620.28,716445.15,44777.82,47455.18,2677.35,10,On Time,No,N/A,800000,1.3226,Compliant
MA-012822,Southern Auto Repair Services,2024,Income,Hospitality,Brockton,50993.38,9529.49,41463.89,4572.7,4534.1,0.0,7,Late,No,N/A,350000,0.1457,Compliant
MA-012823,Bay State Construction Services,2024,Corporate,Retail,Worcester,429691.49,171453.06,258238.43,24964.62,60195.25,35230.62,1,On Time,No,N/A,600000,0.7162,Underpaid
MA-012824,Summit Restaurant LLC,2024,Income,Professional Services,Springfield,282438.45,117941.47,164496.98,12852.29,20944.67,8092.38,12,On Time,No,N/A,500000,0.5649,Underpaid
MA-012825,Patriot Healthcare Ventures,2025,Rooms Occupancy,Construction,Springfield,610907.01,223514.38,387392.63,22275.08,54865.17,32590.09,20,Late,No,N/A,800000,0.7636,Suspicious
MA-012826,Liberty Real Estate Co,2023,Sales/Use,Construction,Springfield,487605.85,166872.47,320733.38,20045.84,34219.14,14173.3,9,On Time,No,N/A,800000,0.6095,Underpaid
MA-012827,Metro Retail Corp,2024,Income,Hospitality,Lynn,334937.67,103417.34,231520.33,21191.04,22940.25,1749.21,9,On Time,No,N/A,350000,0.957,Compliant
MA-012828,Atlantic Real Estate Partners,2023,Income,Construction,Worcester,384778.2,137636.12,247142.08,19521.95,30917.27,11395.33,2,On Time,No,N/A,800000,0.481,Underpaid
MA-012829,Federal Hospitality Services,2025,Income,Healthcare,Fall River,1652298.31,317088.92,1335209.4,105537.61,83426.81,0.0,19,On Time,No,N/A,1200000,1.3769,Compliant
MA-012830,Pilgrim Hospitality LLC,2024,Meals,Restaurant,Boston,669662.35,301312.82,368349.53,25784.47,31531.1,5746.63,4,On Time,No,N/A,450000,1.4881,Compliant
MA-012831,Central Manufacturing LLC,2022,Income,Manufacturing,Quincy,1451057.94,436086.8,1014971.15,73724.29,79730.79,6006.51,13,On Time,No,N/A,1500000,0.9674,Compliant
MA-012832,Pioneer Hospitality Associates,2025,Income,Restaurant,Worcester,447137.76,128434.83,318702.93,21578.3,23183.03,1604.74,1,On Time,No,N/A,450000,0.9936,Compliant
MA-012833,Coastal Real Estate Ventures,2023,Corporate,Retail,Boston,289775.2,64463.61,225311.58,16771.48,28819.26,12047.78,1,On Time,No,N/A,600000,0.483,Underpaid
MA-012834,Pioneer Healthcare Partners,2023,Income,Healthcare,Somerville,1508685.55,563290.26,945395.29,76213.44,95283.89,19070.45,22,Late,No,N/A,1200000,1.2572,Compliant
MA-012835,Bay State Construction LLC,2025,Rooms Occupancy,Healthcare,Boston,520590.87,233201.7,287389.17,16524.88,20297.26,3772.38,13,On Time,No,N/A,1200000,0.4338,Compliant
MA-012836,Eastern Auto Repair Corp,2024,Corporate,Construction,Worcester,930210.49,194207.35,736003.14,78104.31,117252.08,39147.77,19,On Time,No,N/A,800000,1.1628,Underpaid
MA-012837,Valley Real Estate Ventures,2022,Corporate,Restaurant,Cambridge,351501.35,112261.39,239239.97,26003.47,25871.66,0.0,18,Not Filed,Yes,Underpaid,450000,0.7811,Compliant
MA-012838,Atlantic Restaurant Inc,2025,Rooms Occupancy,Restaurant,Lowell,259382.14,87164.13,172218.01,9902.54,9841.67,0.0,3,On Time,No,N/A,450000,0.5764,Compliant
MA-012839,Beacon Hospitality Holdings,2025,Income,Hospitality,Brockton,381803.84,149092.65,232711.19,22011.2,25850.89,3839.69,11,On Time,No,N/A,350000,1.0909,Compliant
MA-012840,Coastal Professional Services Solutions,2024,Corporate,Hospitality,New Bedford,233994.85,41687.39,192307.47,14146.28,22223.29,8077.01,2,On Time,No,N/A,350000,0.6686,Underpaid
MA-012841,Pilgrim Professional Services Holdings,2022,Sales/Use,Retail,Boston,394662.39,74381.24,320281.15,20017.57,20536.39,518.82,3,On Time,No,N/A,600000,0.6578,Compliant
MA-012842,Pioneer Real Estate Enterprise,2025,Income,Real Estate,Boston,213830.75,85843.48,127987.28,6986.6,19460.36,12473.76,5,On Time,No,N/A,700000,0.3055,Suspicious
MA-012843,Northern Real Estate Associates,2024,Income,Restaurant,Worcester,374869.0,140084.4,234784.6,15229.32,16034.71,805.39,1,On Time,No,N/A,450000,0.833,Compliant
MA-012844,Patriot Professional Services Co,2025,Sales/Use,Construction,Brockton,1153281.1,445536.07,707745.03,44234.06,61238.53,17004.46,12,On Time,No,N/A,800000,1.4416,Compliant
MA-012845,Central Healthcare Services,2023,Sales/Use,Restaurant,Cambridge,161701.78,69302.92,92398.86,5774.93,11344.27,5569.35,2,On Time,No,N/A,450000,0.3593,Underpaid
MA-012846,Atlantic Construction Ventures,2024,Corporate,Healthcare,Boston,1181602.13,303778.51,877823.62,102082.94,111684.35,9601.4,6,On Time,No,N/A,1200000,0.9847,Compliant
MA-012847,Harbor Auto Repair Ventures,2023,Rooms Occupancy,Auto Repair,Worcester,346202.01,77590.43,268611.58,15445.17,15451.42,6.25,1,On Time,No,N/A,300000,1.154,Compliant
MA-012848,Pioneer Real Estate Partners,2025,Income,Professional Services,Boston,773158.93,129628.4,643530.54,61081.85,62001.98,920.13,12,On Time,No,N/A,500000,1.5463,Compliant
MA-012849,Northern Hospitality Associates,2025,Sales/Use,Hospitality,Lowell,124392.17,41535.82,82856.35,5178.52,12702.19,7523.67,1,On Time,No,N/A,350000,0.3554,Suspicious
MA-012850,Cape Manufacturing Services,2023,Corporate,Hospitality,Brockton,348583.63,115348.54,233235.1,21517.6,26188.52,4670.93,7,Amended,No,N/A,350000,0.996,Compliant
MA-012851,Summit Auto Repair LLC,2025,Income,Restaurant,Chelsea,459003.99,112234.49,346769.49,33552.39,35939.27,2386.89,4,On Time,No,N/A,450000,1.02,Compliant
MA-012852,Metro Healthcare Ventures,2023,Income,Restaurant,Fall River,168582.98,58335.34,110247.64,10705.95,32538.19,21832.23,2,On Time,Yes,Fraud,450000,0.3746,Suspicious
MA-012853,Liberty Hospitality LLC,2023,Income,Hospitality,Boston,318812.02,119434.83,199377.19,17832.28,19089.12,1256.84,1,On Time,No,N/A,350000,0.9109,Compliant
MA-012854,Atlantic Hospitality Solutions,2022,Meals,Retail,Boston,768133.2,320125.09,448008.12,31360.57,42375.73,11015.16,11,On Time,No,N/A,600000,1.2802,Compliant
MA-012855,Southern Real Estate Associates,2025,Corporate,Retail,Boston,425553.96,180775.55,244778.41,15466.29,19692.31,4226.02,15,On Time,No,N/A,600000,0.7093,Compliant
MA-012856,Bay State Manufacturing Corp,2025,Rooms Occupancy,Restaurant,Chelsea,463722.92,189263.89,274459.03,15781.39,19194.93,3413.53,1,On Time,No,N/A,450000,1.0305,Compliant
MA-012857,Eastern Construction Ventures,2025,Corporate,Construction,Worcester,1036839.12,299393.87,737445.25,38307.85,43495.48,5187.64,15,On Time,No,N/A,800000,1.296,Compliant
MA-012858,Cape Real Estate Ventures,2025,Sales/Use,Professional Services,Boston,0.0,0.0,0.0,0.0,24228.06,24228.06,5,Not Filed,No,N/A,500000,0.0,Non-Filer
MA-012859,Valley Auto Repair Solutions,2025,Corporate,Auto Repair,Fall River,338583.64,71510.18,267073.46,31541.57,28474.1,0.0,3,On Time,No,N/A,300000,1.1286,Compliant
MA-012860,Atlantic Auto Repair Co,2025,Sales/Use,Construction,Boston,986469.57,315567.61,670901.96,41931.37,40325.47,0.0,2,On Time,No,N/A,800000,1.2331,Compliant
MA-012861,Southern Healthcare Holdings,2023,Meals,Manufacturing,Boston,764749.16,245339.69,519409.47,36358.66,69244.02,32885.36,24,On Time,No,N/A,1500000,0.5098,Underpaid
MA-012862,Liberty Auto Repair Ventures,2023,Income,Retail,Boston,428391.73,98388.54,330003.19,24657.46,22238.0,0.0,2,Not Filed,No,N/A,600000,0.714,Compliant
MA-012863,Valley Real Estate Ventures,2023,Sales/Use,Hospitality,Boston,283508.69,54767.23,228741.46,14296.34,14147.0,0.0,1,On Time,No,N/A,350000,0.81,Compliant
MA-012864,Valley Retail Ventures,2022,Income,Restaurant,Brockton,119830.71,23106.12,96724.59,4945.52,4215.04,0.0,1,Late,No,N/A,450000,0.2663,Compliant
MA-012865,Pioneer Construction Enterprise,2023,Special Fuels,Manufacturing,Worcester,1547433.84,272479.53,1274954.31,305989.04,245406.23,0.0,19,On Time,No,N/A,1500000,1.0316,Compliant
MA-012866,Federal Auto Repair LLC,2024,Rooms Occupancy,Auto Repair,Chelsea,289692.37,94872.61,194819.76,11202.14,12876.07,1673.93,3,On Time,No,N/A,300000,0.9656,Compliant
MA-012867,Patriot Healthcare Ventures,2024,Rooms Occupancy,Auto Repair,Springfield,407260.49,67234.32,340026.17,19551.5,15141.82,0.0,4,On Time,No,N/A,300000,1.3575,Compliant
MA-012868,Northern Construction Co,2025,Special Fuels,Retail,Springfield,481856.56,171196.49,310660.08,74558.42,98863.93,24305.51,4,On Time,No,N/A,600000,0.8031,Compliant
MA-012869,Liberty Restaurant Inc,2023,Corporate,Professional Services,Boston,154043.67,38217.28,115826.39,10488.04,42852.65,32364.61,14,Late,No,N/A,500000,0.3081,Suspicious
MA-012870,Beacon Real Estate Ventures,2025,Income,Restaurant,Cambridge,366707.74,140602.5,226105.24,16487.05,18240.66,1753.6,4,Late,No,N/A,450000,0.8149,Compliant
MA-012871,Harbor Construction Holdings,2025,Sales/Use,Retail,Lynn,645347.69,282844.91,362502.78,22656.42,29397.11,6740.69,3,Late,No,N/A,600000,1.0756,Compliant
MA-012872,Harbor Real Estate LLC,2024,Sales/Use,Restaurant,Fall River,171768.29,46261.89,125506.41,7844.15,23808.59,15964.44,1,On Time,Yes,Compliant,450000,0.3817,Suspicious
MA-012873,Summit Retail Enterprise,2022,Income,Healthcare,New Bedford,492485.91,154970.17,337515.74,34778.5,35553.73,775.23,7,Amended,No,N/A,1200000,0.4104,Compliant
MA-012874,Colonial Professional Services Inc,2023,Sales/Use,Real Estate,Lynn,633325.62,264000.6,369325.01,23082.81,26396.84,3314.02,8,Not Filed,No,N/A,700000,0.9048,Compliant
MA-012875,Northern Auto Repair Co,2024,Rooms Occupancy,Manufacturing,Lowell,1521958.51,418730.93,1103227.58,63435.59,71388.92,7953.34,13,On Time,No,N/A,1500000,1.0146,Compliant
MA-012876,Coastal Construction Services,2023,Special Fuels,Retail,Brockton,244262.33,76536.34,167725.99,40254.24,117112.74,76858.5,1,On Time,No,N/A,600000,0.4071,Suspicious
MA-012877,Pilgrim Auto Repair Partners,2023,Sales/Use,Restaurant,Springfield,262264.79,78194.37,184070.43,11504.4,27009.06,15504.66,1,Late,No,N/A,450000,0.5828,Suspicious
MA-012878,Beacon Hospitality Holdings,2023,Income,Real Estate,Chelsea,643602.75,115037.6,528565.15,54710.06,54849.07,139.01,2,Not Filed,Yes,Compliant,700000,0.9194,Compliant
MA-012879,Valley Restaurant Associates,2023,Income,Healthcare,Worcester,1465280.9,315116.38,1150164.52,62867.71,54362.95,0.0,16,Late,No,N/A,1200000,1.2211,Compliant
MA-012880,Valley Manufacturing Services,2023,Income,Restaurant,Boston,147083.0,23605.25,123477.75,7145.38,15626.42,8481.04,8,On Time,No,N/A,450000,0.3269,Suspicious
MA-012881,Valley Real Estate Ventures,2025,Income,Hospitality,Lynn,356193.59,127081.82,229111.77,11580.72,15168.84,3588.12,7,On Time,Yes,Compliant,350000,1.0177,Compliant
MA-012882,Colonial Professional Services Enterprise,2025,Special Fuels,Real Estate,New Bedford,225628.62,45633.2,179995.42,43198.9,86335.53,43136.63,1,Late,No,N/A,700000,0.3223,Suspicious
MA-012883,Patriot Healthcare Services,2025,Meals,Retail,Somerville,608060.6,181107.15,426953.45,29886.74,33188.04,3301.29,6,On Time,Yes,Compliant,600000,1.0134,Compliant
MA-012884,Cape Retail Partners,2025,Sales/Use,Healthcare,Quincy,1518368.23,640499.47,877868.76,54866.8,61762.42,6895.63,17,On Time,Yes,Compliant,1200000,1.2653,Compliant
MA-012885,Coastal Construction Ventures,2023,Corporate,Professional Services,New Bedford,516190.42,207102.13,309088.29,19083.48,25654.94,6571.46,1,On Time,No,N/A,500000,1.0324,Compliant
MA-012886,Coastal Healthcare Inc,2023,Rooms Occupancy,Restaurant,Quincy,713719.34,253350.61,460368.73,26471.2,29479.11,3007.9,8,On Time,No,N/A,450000,1.586,Compliant
MA-012887,Harbor Hospitality Enterprise,2022,Income,Construction,Boston,1002882.63,320119.99,682762.64,68814.46,83095.14,14280.68,8,On Time,No,N/A,800000,1.2536,Compliant
MA-012888,Harbor Real Estate Partners,2022,Corporate,Professional Services,Boston,552438.74,101231.64,451207.1,47929.17,38501.78,0.0,1,Late,No,N/A,500000,1.1049,Compliant
MA-012889,Coastal Healthcare Inc,2022,Sales/Use,Manufacturing,Cambridge,1727276.84,712332.18,1014944.66,63434.04,75427.41,11993.37,19,On Time,No,N/A,1500000,1.1515,Compliant
MA-012890,Northern Auto Repair Co,2024,Income,Retail,Boston,504569.96,107279.0,397290.96,43701.65,52874.64,9172.99,11,On Time,No,N/A,600000,0.8409,Underpaid
MA-012891,Eastern Real Estate Group,2024,Sales/Use,Retail,Boston,197333.55,48683.29,148650.26,9290.64,17366.49,8075.85,1,On Time,No,N/A,600000,0.3289,Underpaid
MA-012892,Valley Auto Repair Associates,2025,Income,Construction,Boston,657221.11,184580.01,472641.1,43812.89,72984.61,29171.72,22,On Time,Yes,Fraud,800000,0.8215,Underpaid
MA-012893,Commonwealth Healthcare Group,2024,Corporate,Retail,Boston,597211.47,131200.07,466011.39,33989.53,28006.25,0.0,10,On Time,Yes,Underpaid,600000,0.9954,Compliant
MA-012894,Valley Restaurant Associates,2025,Sales/Use,Construction,Springfield,743903.6,117343.07,626560.53,39160.03,32667.3,0.0,19,Amended,No,N/A,800000,0.9299,Compliant
MA-012895,Pioneer Manufacturing Services,2023,Income,Retail,Boston,248731.06,51893.78,196837.29,15123.92,16244.16,1120.24,3,Late,No,N/A,600000,0.4146,Compliant
MA-012896,Patriot Restaurant LLC,2022,Income,Healthcare,Worcester,548081.57,199489.16,348592.4,24095.25,25073.87,978.62,1,On Time,No,N/A,1200000,0.4567,Compliant
MA-012897,Harbor Construction Holdings,2024,Sales/Use,Professional Services,Springfield,377505.36,105961.62,271543.73,16971.48,25876.65,8905.17,7,On Time,No,N/A,500000,0.755,Underpaid
MA-012898,Beacon Professional Services Co,2024,Income,Restaurant,Lowell,227084.82,77303.3,149781.51,13182.53,29892.88,16710.35,4,On Time,No,N/A,450000,0.5046,Underpaid
MA-012899,Harbor Real Estate Partners,2022,Sales/Use,Real Estate,Cambridge,490019.54,207099.75,282919.79,17682.49,65458.2,47775.72,17,Not Filed,No,N/A,700000,0.7,Suspicious
MA-012900,Commonwealth Manufacturing Ventures,2022,Corporate,Professional Services,Springfield,595639.3,221183.54,374455.77,21250.49,28286.16,7035.67,4,Amended,No,N/A,500000,1.1913,Compliant
MA-012901,Patriot Manufacturing Partners,2025,Corporate,Restaurant,Springfield,513280.75,179465.64,333815.11,29662.25,35123.16,5460.91,4,Late,No,N/A,450000,1.1406,Compliant
MA-012902,Atlantic Retail Co,2023,Corporate,Real Estate,Worcester,618997.44,228136.77,390860.67,21166.01,21561.21,395.2,16,On Time,No,N/A,700000,0.8843,Compliant
MA-012903,Central Healthcare Services,2025,Income,Professional Services,Boston,688731.96,198061.33,490670.64,30420.5,32151.32,1730.82,9,On Time,No,N/A,500000,1.3775,Compliant
MA-012904,Harbor Hospitality Enterprise,2022,Sales/Use,Retail,New Bedford,144644.32,48271.0,96373.32,6023.33,6391.99,368.65,1,Late,No,N/A,600000,0.2411,Compliant
MA-012905,Harbor Professional Services Inc,2024,Meals,Construction,New Bedford,1573304.38,555689.11,1017615.26,71233.07,90245.55,19012.48,18,On Time,No,N/A,800000,1.9666,Compliant
MA-012906,Cape Restaurant Group,2024,Meals,Retail,Fall River,824998.97,260581.79,564417.18,39509.2,41228.16,1718.95,17,Late,No,N/A,600000,1.375,Compliant
MA-012907,Central Healthcare Services,2023,Income,Manufacturing,Boston,855798.56,290313.07,565485.49,30511.6,72003.09,41491.49,15,Amended,No,N/A,1500000,0.5705,Suspicious
MA-012908,Pilgrim Manufacturing Enterprise,2023,Income,Retail,Fall River,70769.8,25244.33,45525.46,3370.51,5481.26,2110.74,4,On Time,No,N/A,600000,0.1179,Underpaid
MA-012909,Federal Hospitality Holdings,2025,Corporate,Construction,Fall River,553315.91,130025.76,423290.15,29056.38,29647.04,590.66,7,Amended,No,N/A,800000,0.6916,Compliant
MA-012910,Commonwealth Manufacturing Services,2023,Rooms Occupancy,Professional Services,Quincy,75693.25,13744.07,61949.18,3562.08,12368.3,8806.23,2,Amended,No,N/A,500000,0.1514,Suspicious
MA-012911,Cape Hospitality LLC,2024,Corporate,Retail,Somerville,610033.18,223014.62,387018.56,24217.39,27522.24,3304.85,8,Late,No,N/A,600000,1.0167,Compliant
MA-012912,Coastal Retail Holdings,2023,Corporate,Retail,Boston,0.0,0.0,0.0,0.0,27935.83,27935.83,10,Not Filed,No,N/A,600000,0.0,Non-Filer
MA-012913,Southern Retail Solutions,2025,Income,Retail,Springfield,310943.84,107444.85,203498.98,19032.03,33457.67,14425.63,1,On Time,No,N/A,600000,0.5182,Underpaid
MA-012914,Valley Professional Services LLC,2023,Income,Manufacturing,Chelsea,1390448.34,362316.32,1028132.02,119336.19,140085.67,20749.48,18,On Time,No,N/A,1500000,0.927,Compliant
MA-012915,Valley Auto Repair Ventures,2023,Sales/Use,Hospitality,Cambridge,383622.47,77282.62,306339.85,19146.24,18120.66,0.0,11,On Time,No,N/A,350000,1.0961,Compliant
MA-012916,Valley Manufacturing Inc,2024,Income,Restaurant,New Bedford,133306.9,39128.28,94178.63,8927.82,26910.96,17983.14,4,Not Filed,No,N/A,450000,0.2962,Suspicious
MA-012917,Harbor Healthcare Corp,2022,Income,Restaurant,Boston,282266.6,105294.98,176971.62,13670.7,15493.3,1822.61,7,On Time,No,N/A,450000,0.6273,Compliant
MA-012918,Valley Real Estate Associates,2025,Income,Hospitality,Lowell,109443.56,44597.18,64846.38,3532.2,13528.31,9996.11,2,On Time,No,N/A,350000,0.3127,Suspicious
MA-012919,Atlantic Restaurant Inc,2025,Corporate,Professional Services,Boston,150613.29,48857.82,101755.47,5816.98,6018.69,201.71,9,Late,No,N/A,500000,0.3012,Compliant
MA-012920,Cape Restaurant Services,2022,Income,Restaurant,Somerville,161150.13,71688.19,89461.94,5506.74,10871.09,5364.34,1,Amended,No,N/A,450000,0.3581,Underpaid
MA-012921,Cape Real Estate Holdings,2023,Meals,Construction,Somerville,243232.11,65024.02,178208.09,12474.57,52980.7,40506.14,5,On Time,No,N/A,800000,0.304,Suspicious
MA-012922,Pioneer Restaurant Services,2025,Corporate,Healthcare,Worcester,608893.87,207629.81,401264.06,47165.73,53048.71,5882.98,1,On Time,No,N/A,1200000,0.5074,Compliant
MA-012923,Federal Retail Enterprise,2022,Income,Restaurant,Boston,552135.85,189101.88,363033.97,23814.54,27545.8,3731.26,4,Late,No,N/A,450000,1.227,Compliant
MA-012924,Valley Manufacturing Group,2024,Income,Hospitality,Lynn,731189.18,180323.84,550865.33,50640.06,43616.37,0.0,3,On Time,No,N/A,350000,2.0891,Compliant
MA-012925,Northern Healthcare Group,2023,Sales/Use,Real Estate,Lowell,344075.64,69204.26,274871.38,17179.46,23601.49,6422.03,3,Amended,No,N/A,700000,0.4915,Underpaid
MA-012926,Harbor Auto Repair Ventures,2023,Sales/Use,Construction,Chelsea,856518.9,289263.91,567254.99,35453.44,45934.55,10481.11,8,On Time,No,N/A,800000,1.0706,Compliant
MA-012927,Atlantic Real Estate Partners,2024,Corporate,Healthcare,New Bedford,894363.8,149092.63,745271.17,49595.36,63018.73,13423.37,13,Late,No,N/A,1200000,0.7453,Underpaid
MA-012928,Pioneer Restaurant Services,2025,Corporate,Restaurant,Boston,248021.57,100790.61,147230.96,11681.31,14995.5,3314.19,1,On Time,No,N/A,450000,0.5512,Compliant
MA-012929,Pilgrim Auto Repair Ventures,2024,Rooms Occupancy,Auto Repair,Springfield,74448.39,17665.79,56782.6,3265.0,3447.07,182.07,1,Late,No,N/A,300000,0.2482,Compliant
MA-012930,Liberty Auto Repair Solutions,2022,Income,Retail,Brockton,435287.97,110375.85,324912.12,22918.53,28544.35,5625.82,3,On Time,No,N/A,600000,0.7255,Underpaid
MA-012931,Colonial Professional Services Co,2023,Corporate,Healthcare,Boston,1653939.05,631581.01,1022358.04,105778.22,116075.66,10297.45,27,On Time,No,N/A,1200000,1.3783,Compliant
MA-012932,Federal Real Estate Holdings,2024,Corporate,Manufacturing,New Bedford,1295753.36,534686.19,761067.17,51478.97,61971.11,10492.14,7,Late,No,N/A,1500000,0.8638,Compliant
MA-012933,Federal Real Estate Corp,2022,Income,Retail,Lynn,502123.48,158290.81,343832.66,24182.02,25958.08,1776.06,3,On Time,No,N/A,600000,0.8369,Compliant
MA-012934,Eastern Hospitality Associates,2024,Corporate,Professional Services,Boston,380963.52,143034.32,237929.2,27015.56,31455.99,4440.43,1,On Time,No,N/A,500000,0.7619,Compliant
MA-012935,Liberty Healthcare Holdings,2023,Corporate,Manufacturing,Somerville,1144499.45,471565.18,672934.27,78406.68,100784.52,22377.84,12,Late,Yes,Compliant,1500000,0.763,Compliant
MA-012936,Cape Restaurant Services,2025,Income,Retail,Cambridge,453487.91,145617.24,307870.67,17163.9,21729.63,4565.73,6,On Time,Yes,Compliant,600000,0.7558,Compliant
MA-012937,Pilgrim Real Estate Solutions,2024,Income,Retail,Quincy,701751.75,288577.22,413174.53,31507.91,41024.87,9516.96,3,Late,No,N/A,600000,1.1696,Compliant
MA-012938,Patriot Retail Partners,2025,Income,Retail,Boston,855163.12,164380.48,690782.65,53778.17,53253.42,0.0,5,On Time,No,N/A,600000,1.4253,Compliant
MA-012939,Pioneer Auto Repair Holdings,2025,Sales/Use,Construction,Boston,319401.96,134334.15,185067.81,11566.74,12796.43,1229.69,5,On Time,No,N/A,800000,0.3993,Compliant
MA-012940,Summit Construction Holdings,2024,Corporate,Restaurant,Boston,326765.53,127874.63,198890.91,21157.62,29266.7,8109.08,5,Late,No,N/A,450000,0.7261,Compliant
MA-012941,Valley Healthcare Ventures,2022,Sales/Use,Real Estate,New Bedford,94989.12,32774.24,62214.88,3888.43,4954.39,1065.96,8,Late,No,N/A,700000,0.1357,Compliant
MA-012942,Valley Healthcare Enterprise,2022,Income,Hospitality,Boston,418724.75,177195.2,241529.55,21211.15,26617.87,5406.71,1,On Time,No,N/A,350000,1.1964,Compliant
MA-012943,Metro Restaurant Group,2025,Rooms Occupancy,Restaurant,Chelsea,91182.38,26197.2,64985.17,3736.65,9935.46,6198.82,11,Not Filed,No,N/A,450000,0.2026,Suspicious
MA-012944,Central Hospitality Inc,2024,Corporate,Construction,Fall River,601105.48,127679.73,473425.75,53481.02,48981.6,0.0,3,On Time,No,N/A,800000,0.7514,Compliant
MA-012945,Coastal Construction Group,2022,Income,Manufacturing,New Bedford,371534.04,119730.37,251803.67,19137.7,22396.19,3258.49,2,Amended,Yes,Compliant,1500000,0.2477,Compliant
MA-012946,Beacon Retail Partners,2022,Income,Manufacturing,Boston,791416.62,349918.06,441498.56,38146.14,93743.08,55596.94,20,On Time,No,N/A,1500000,0.5276,Underpaid
MA-012947,Patriot Real Estate Ventures,2025,Income,Construction,Boston,375922.58,88128.38,287794.2,16527.63,15801.47,0.0,1,Late,Yes,Underpaid,800000,0.4699,Compliant
MA-012948,Pioneer Healthcare Solutions,2022,Corporate,Retail,Cambridge,672570.77,300386.06,372184.71,35827.68,50452.43,14624.74,13,Not Filed,No,N/A,600000,1.121,Compliant
MA-012949,Pioneer Auto Repair Enterprise,2024,Income,Hospitality,Springfield,161106.27,32327.98,128778.29,7950.9,8406.54,455.64,7,On Time,No,N/A,350000,0.4603,Compliant
MA-012950,Federal Healthcare Group,2023,Corporate,Manufacturing,Somerville,1499670.78,306264.27,1193406.5,81763.54,67919.62,0.0,24,On Time,No,N/A,1500000,0.9998,Compliant
MA-012951,Metro Construction Inc,2024,Rooms Occupancy,Hospitality,Chelsea,347677.42,86969.44,260707.98,14990.71,14406.77,0.0,1,On Time,No,N/A,350000,0.9934,Compliant
MA-012952,Summit Manufacturing Inc,2025,Meals,Professional Services,Worcester,0.0,0.0,0.0,0.0,23044.15,23044.15,11,Not Filed,Yes,Compliant,500000,0.0,Non-Filer
MA-012953,Northern Professional Services LLC,2023,Special Fuels,Restaurant,Worcester,0.0,0.0,0.0,0.0,53268.47,53268.47,2,Not Filed,No,N/A,450000,0.0,Non-Filer
MA-012954,Pilgrim Real Estate Solutions,2022,Corporate,Healthcare,Worcester,1128198.8,401918.61,726280.19,75180.82,96464.56,21283.74,1,On Time,No,N/A,1200000,0.9402,Compliant
MA-012955,Federal Restaurant Services,2023,Sales/Use,Retail,Lynn,780971.38,328874.31,452097.07,28256.07,40957.16,12701.1,7,On Time,No,N/A,600000,1.3016,Underpaid
MA-012956,Eastern Hospitality Solutions,2022,Sales/Use,Professional Services,Boston,471996.49,140931.59,331064.9,20691.56,29404.97,8713.42,6,On Time,No,N/A,500000,0.944,Underpaid
MA-012957,Northern Healthcare Partners,2023,Corporate,Restaurant,Boston,463796.26,87310.02,376486.24,36882.92,52081.91,15198.99,10,On Time,No,N/A,450000,1.0307,Underpaid
MA-012958,Atlantic Professional Services Enterprise,2024,Income,Retail,Worcester,422221.07,147773.97,274447.1,17588.03,29234.56,11646.53,2,On Time,No,N/A,600000,0.7037,Underpaid
MA-012959,Cape Real Estate Ventures,2022,Corporate,Construction,Lowell,1079319.66,330617.84,748701.82,64063.66,69412.37,5348.71,3,On Time,No,N/A,800000,1.3491,Compliant
MA-012960,Pilgrim Auto Repair Ventures,2025,Meals,Restaurant,Worcester,573449.18,239384.04,334065.14,23384.56,25033.62,1649.06,1,Amended,No,N/A,450000,1.2743,Compliant
MA-012961,Cape Real Estate Holdings,2025,Corporate,Construction,New Bedford,1160459.49,215643.04,944816.45,74576.67,62851.04,0.0,15,On Time,Yes,Compliant,800000,1.4506,Compliant
MA-012962,Patriot Real Estate Partners,2024,Income,Retail,Somerville,719582.73,238971.59,480611.14,26297.27,32870.67,6573.39,9,Not Filed,No,N/A,600000,1.1993,Compliant
MA-012963,Harbor Professional Services Partners,2024,Sales/Use,Professional Services,Springfield,122989.6,36383.43,86606.17,5412.89,9103.62,3690.74,1,Late,No,N/A,500000,0.246,Underpaid
MA-012964,Colonial Retail Associates,2025,Sales/Use,Manufacturing,Cambridge,1915098.56,320848.99,1594249.58,99640.6,93828.71,0.0,23,On Time,No,N/A,1500000,1.2767,Compliant
MA-012965,Coastal Restaurant Co,2023,Sales/Use,Retail,Boston,643481.44,177978.53,465502.92,29093.93,43031.3,13937.37,12,Late,Yes,Underpaid,600000,1.0725,Underpaid
MA-012966,Colonial Retail Inc,2022,Rooms Occupancy,Construction,Springfield,489993.72,162570.9,327422.82,18826.81,21578.83,2752.02,2,On Time,No,N/A,800000,0.6125,Compliant
MA-012967,Coastal Retail Partners,2022,Sales/Use,Construction,Springfield,856823.78,129662.54,727161.23,45447.58,35954.91,0.0,1,On Time,No,N/A,800000,1.071,Compliant
MA-012968,Colonial Hospitality Inc,2023,Corporate,Restaurant,Boston,692163.39,232637.86,459525.53,32283.13,34312.99,2029.85,10,Late,No,N/A,450000,1.5381,Compliant
MA-012969,Summit Manufacturing Partners,2022,Income,Manufacturing,Boston,629414.28,132788.68,496625.6,32409.84,113723.02,81313.18,18,On Time,No,N/A,1500000,0.4196,Suspicious
MA-012970,Beacon Retail Partners,2025,Meals,Restaurant,Springfield,648368.62,141850.4,506518.22,35456.28,34838.39,0.0,19,Late,No,N/A,450000,1.4408,Compliant
MA-012971,Valley Restaurant Associates,2022,Meals,Restaurant,Cambridge,256571.44,71527.05,185044.39,12953.11,12079.63,0.0,7,Late,No,N/A,450000,0.5702,Compliant
MA-012972,Central Hospitality Enterprise,2023,Special Fuels,Healthcare,Cambridge,1250679.98,550714.19,699965.79,167991.79,194493.75,26501.96,7,On Time,No,N/A,1200000,1.0422,Compliant
MA-012973,Patriot Manufacturing Partners,2022,Corporate,Restaurant,Lynn,540150.37,114905.84,425244.53,32910.31,31344.05,0.0,10,On Time,No,N/A,450000,1.2003,Compliant
MA-012974,Coastal Hospitality Ventures,2023,Corporate,Professional Services,Lynn,388433.48,157204.85,231228.62,20973.79,28218.26,7244.47,10,On Time,Yes,Compliant,500000,0.7769,Compliant
MA-012975,Coastal Hospitality Solutions,2024,Sales/Use,Professional Services,Chelsea,194357.23,66058.63,128298.6,8018.66,10129.28,2110.62,1,Late,No,N/A,500000,0.3887,Compliant
MA-012976,Coastal Manufacturing Group,2024,Income,Professional Services,Boston,534484.55,146644.0,387840.55,41938.25,41612.98,0.0,6,Late,No,N/A,500000,1.069,Compliant
MA-012977,Northern Restaurant Corp,2022,Sales/Use,Manufacturing,Brockton,1091659.13,422369.37,669289.76,41830.61,58858.15,17027.54,18,On Time,No,N/A,1500000,0.7278,Compliant
MA-012978,Pioneer Healthcare Partners,2024,Meals,Construction,Boston,926650.64,340051.47,586599.17,41061.94,44234.93,3172.99,16,On Time,No,N/A,800000,1.1583,Compliant
MA-012979,Patriot Hospitality Inc,2022,Income,Construction,Boston,758611.75,207933.03,550678.72,49673.47,55118.64,5445.17,12,On Time,No,N/A,800000,0.9483,Compliant
MA-012980,Patriot Real Estate Ventures,2024,Corporate,Construction,Worcester,0.0,0.0,0.0,0.0,45550.75,45550.75,18,Not Filed,No,N/A,800000,0.0,Non-Filer
MA-012981,Cape Restaurant Group,2022,Sales/Use,Hospitality,Lowell,246524.03,94568.79,151955.24,9497.2,12815.01,3317.8,13,On Time,No,N/A,350000,0.7044,Compliant
MA-012982,Pilgrim Healthcare Holdings,2025,Corporate,Manufacturing,New Bedford,1575320.9,670404.73,904916.17,79201.79,101284.78,22082.98,12,Amended,No,N/A,1500000,1.0502,Compliant
MA-012983,Pioneer Real Estate Partners,2022,Rooms Occupancy,Restaurant,New Bedford,300894.19,98783.97,202110.21,11621.34,26596.35,14975.01,8,Amended,No,N/A,450000,0.6687,Suspicious
MA-012984,Commonwealth Hospitality Ventures,2024,Income,Construction,Boston,1087743.1,464580.23,623162.87,56422.5,75777.39,19354.89,19,On Time,No,N/A,800000,1.3597,Compliant
MA-012985,Summit Real Estate LLC,2024,Income,Construction,Springfield,904185.73,280724.71,623461.02,74607.84,82230.01,7622.17,8,On Time,Yes,Compliant,800000,1.1302,Compliant
MA-012986,Coastal Real Estate Solutions,2023,Rooms Occupancy,Auto Repair,Quincy,380344.23,58353.16,321991.07,18514.49,15257.2,0.0,4,Not Filed,No,N/A,300000,1.2678,Compliant
MA-012987,Harbor Hospitality Enterprise,2025,Special Fuels,Construction,Cambridge,1000104.82,238596.43,761508.38,182762.01,193094.75,10332.74,1,Not Filed,No,N/A,800000,1.2501,Compliant
MA-012988,Cape Real Estate Holdings,2025,Corporate,Hospitality,Worcester,383557.24,104208.5,279348.74,30727.82,33384.93,2657.1,1,On Time,No,N/A,350000,1.0959,Compliant
MA-012989,Summit Healthcare Group,2025,Corporate,Hospitality,Boston,545687.6,180246.61,365440.99,20213.5,24259.0,4045.5,9,On Time,No,N/A,350000,1.5591,Compliant
MA-012990,Coastal Real Estate Solutions,2025,Corporate,Healthcare,New Bedford,1356453.36,495925.49,860527.88,46042.95,54032.73,7989.77,18,On Time,No,N/A,1200000,1.1304,Compliant
MA-012991,Bay State Manufacturing Corp,2024,Meals,Construction,Boston,504961.79,102421.01,402540.79,28177.85,23898.49,0.0,14,Not Filed,No,N/A,800000,0.6312,Compliant
MA-012992,Federal Hospitality Services,2022,Meals,Retail,Somerville,953526.33,147070.75,806455.59,56451.89,58130.77,1678.88,14,On Time,No,N/A,600000,1.5892,Compliant
MA-012993,Atlantic Healthcare Holdings,2022,Meals,Restaurant,Worcester,310855.33,136730.59,174124.74,12188.73,32050.41,19861.68,5,On Time,No,N/A,450000,0.6908,Suspicious
MA-012994,Pilgrim Retail Ventures,2025,Income,Construction,Lynn,573679.7,134767.21,438912.49,47893.45,42800.95,0.0,7,Late,No,N/A,800000,0.7171,Compliant
MA-012995,Pioneer Hospitality Associates,2024,Sales/Use,Healthcare,Somerville,1348964.12,435138.2,913825.92,57114.12,64442.74,7328.62,15,On Time,No,N/A,1200000,1.1241,Compliant
MA-012996,Coastal Manufacturing Group,2024,Income,Restaurant,Boston,517564.12,200755.42,316808.7,19724.52,23918.7,4194.18,8,Not Filed,Yes,Underpaid,450000,1.1501,Compliant
MA-012997,Patriot Retail Partners,2024,Meals,Healthcare,Boston,813634.77,191046.44,622588.33,43581.18,38384.72,0.0,12,On Time,No,N/A,1200000,0.678,Compliant
MA-012998,Atlantic Auto Repair Holdings,2022,Meals,Construction,Lowell,626810.78,198916.29,427894.5,29952.61,52491.23,22538.61,14,On Time,No,N/A,800000,0.7835,Underpaid
MA-012999,Central Professional Services Solutions,2025,Corporate,Real Estate,Springfield,1031435.45,432049.56,599385.88,65109.57,72042.19,6932.62,6,Late,No,N/A,700000,1.4735,Compliant
MA-013000,Coastal Real Estate Solutions,2025,Income,Hospitality,Boston,397632.8,143114.58,254518.22,16189.83,19231.58,3041.75,1,On Time,No,N/A,350000,1.1361,Compliant
